key,seed,activity,growth,cycles,symmetry,context,layout
C_Lav,00,0.24637681159420288,0.6372649572649574,1166.484375,0.6181818181818182,C,Lav
C_Lav,01,-0.1428571428571429,1.1496296296296296,1152.2903225806451,0.5,C,Lav
C_Lav,02,0.040000000000000036,0.851054131054131,1216.2380952380952,0.7333333333333333,C,Lav
C_Lav,03,0.012658227848101333,0.9285470085470086,1195.142857142857,0.5259259259259259,C,Lav
C_Lav,04,0.930635838150289,1.1669515669515669,1344.9818181818182,0.615686274509804,C,Lav
C_Lav,05,0.221556886227545,1.2492307692307694,1232.2735042735044,0.5767441860465117,C,Lav
C_Lav,06,-0.33333333333333337,0.7352706552706553,1214.0806451612902,0.5416666666666667,C,Lav
C_Lav,07,0.0,1.061880341880342,1041.9518072289156,0.7363636363636363,C,Lav
C_Lav,08,-0.49295774647887325,1.0942450142450142,1204.5794392523364,0.4478260869565217,C,Lav
C_Lav,09,-0.1225806451612903,1.1432478632478633,1199.5555555555557,0.6052631578947368,C,Lav
C_Lav,10,0.30434782608695654,0.9465527065527064,1147.75,0.6709677419354838,C,Lav
C_Lav,11,0.24444444444444446,0.7860968660968659,1155.6575342465753,0.5066666666666666,C,Lav
C_Lav,12,0.8666666666666667,1.358176638176638,1233.8829787234042,0.7791666666666667,C,Lav
C_Lav,13,0.24369747899159666,1.0019373219373218,1219.655172413793,0.5263157894736841,C,Lav
C_Lav,14,-0.24285714285714288,0.9486039886039885,1221.311320754717,0.6666666666666667,C,Lav
C_Lav,15,0.03846153846153855,1.3376638176638176,1295.7372881355932,0.592,C,Lav
C_Lav,16,-0.14049586776859502,1.1368660968660969,1173.3246753246754,0.5,C,Lav
C_Lav,17,0.024390243902439046,0.8879772079772079,1121.4285714285713,0.6818181818181819,C,Lav
C_Lav,18,0.020408163265306145,1.0099145299145298,1184.55,0.6142857142857143,C,Lav
C_Lav,19,0.2941176470588236,0.8319088319088318,1122.6404494382023,0.6846153846153846,C,Lav
C_Lav,20,0.012048192771084265,0.8266666666666665,1257.4303797468353,0.55,C,Lav
C_Lav,21,0.2530120481927711,0.877037037037037,1170.1486486486488,0.6869565217391305,C,Lav
C_Lav,22,0.25,1.0229059829059828,1199.0823529411764,0.58125,C,Lav
C_Lav,23,0.6375838926174497,1.1405128205128205,1242.3435114503816,0.5911111111111111,C,Lav
C_Lav,24,0.03508771929824572,1.073960113960114,1158.1463414634147,0.6551724137931034,C,Lav
C_Lav,25,-0.017241379310344862,0.9980626780626778,1171.7,0.6518518518518519,C,Lav
C_Lav,26,0.09090909090909083,1.0194871794871794,1180.879518072289,0.6592592592592592,C,Lav
C_Lav,27,0.368421052631579,0.6719088319088319,1115.0754716981132,0.7294117647058823,C,Lav
C_Lav,28,-0.10948905109489049,0.9745868945868944,1141.2967032967033,0.6058823529411765,C,Lav
C_Lav,29,0.4022988505747127,0.7596581196581197,1203.9846153846154,0.5615384615384615,C,Lav
C_Lav,30,-0.23966942148760328,1.0395441595441595,1127.3333333333333,0.6516129032258065,C,Lav
C_Lav,31,-0.1842105263157895,0.902108262108262,1174.9,0.792,C,Lav
C_Lav,32,-0.09333333333333338,0.714074074074074,1134.6029411764705,0.6166666666666667,C,Lav
C_Lav,33,0.23076923076923084,0.7954415954415953,1222.9146341463415,0.696,C,Lav
C_Lav,34,0.06666666666666665,0.9349287749287748,1154.4883720930231,0.6444444444444444,C,Lav
C_Lav,35,-0.13548387096774195,1.0454700854700854,1179.6785714285713,0.5599999999999999,C,Lav
C_Lav,36,0.40740740740740744,0.9141880341880341,1057.8588235294117,0.7333333333333334,C,Lav
C_Lav,37,0.05617977528089879,1.1097435897435894,1209.3098591549297,0.5028571428571429,C,Lav
C_Lav,38,0.40816326530612246,0.8036467236467235,1243.3037974683543,0.6666666666666667,C,Lav
C_Lav,39,-0.07692307692307687,0.6596011396011395,1115.0625,0.7263157894736842,C,Lav
C_Lav,40,0.4782608695652173,0.5561253561253562,1106.76,0.6375,C,Lav
C_Lav,41,0.303030303030303,0.7530484330484329,1092.701754385965,0.5909090909090908,C,Lav
C_Lav,42,0.5038759689922481,0.913048433048433,1223.7575757575758,0.7533333333333334,C,Lav
C_Lav,43,-0.1428571428571429,1.1541880341880342,1176.4949494949494,0.6545454545454545,C,Lav
C_Lav,44,0.29032258064516125,0.8492307692307691,1153.96,0.6083333333333334,C,Lav
C_Lav,45,0.11111111111111116,0.8613105413105412,1149.43,0.65625,C,Lav
C_Lav,46,0.33333333333333326,1.1122507122507121,1179.4814814814815,0.6722222222222223,C,Lav
C_Lav,47,0.0185185185185186,1.008091168091168,1150.0337078651685,0.7538461538461538,C,Lav
C_Lav,48,0.42307692307692313,0.8544729344729344,1234.7727272727273,0.7230769230769231,C,Lav
C_Lav,49,0.3600000000000001,0.7762962962962962,1141.25,0.744,C,Lav
C_Lav,50,0.13043478260869557,0.9880341880341879,1226.0229885057472,0.6387096774193548,C,Lav
C_Lav,51,0.37579617834394896,1.0956125356125357,1205.6101694915253,0.7105263157894737,C,Lav
C_Lav,52,0.16666666666666674,0.9504273504273504,1228.0,0.6068965517241379,C,Lav
C_Lav,53,0.4358974358974359,1.2214245014245013,1140.0786516853932,0.5314285714285715,C,Lav
C_Lav,54,0.14720812182741128,1.2804558404558404,1217.7338129496402,0.7692307692307692,C,Lav
C_Lav,55,0.16883116883116878,0.7519088319088316,1152.203125,0.5913043478260869,C,Lav
C_Lav,56,0.3661971830985915,1.0386324786324785,1223.5438596491229,0.392,C,Lav
C_Lav,57,0.55,0.9264957264957264,1187.0927835051546,0.7703703703703704,C,Lav
C_Lav,58,-0.18446601941747576,0.9830199430199429,1241.7066666666667,0.6444444444444444,C,Lav
C_Lav,59,0.2727272727272727,0.9287749287749287,1174.320987654321,0.6064516129032258,C,Lav
C_Lav,60,0.10280373831775691,1.0477492877492876,1143.5108695652175,0.6689655172413793,C,Lav
C_Lav,61,0.38095238095238093,0.5458689458689459,1020.7674418604652,0.6,C,Lav
C_Lav,62,0.404040404040404,1.2715669515669517,1274.84375,0.7608695652173914,C,Lav
C_Lav,63,0.5533980582524272,0.7106552706552707,1123.0595238095239,0.7545454545454545,C,Lav
C_Lav,64,-0.007751937984496138,1.0276923076923077,1056.7373737373737,0.6758620689655173,C,Lav
C_Lav,65,0.39344262295081966,0.8815954415954415,1270.9638554216867,0.588235294117647,C,Lav
C_Lav,66,0.19327731092436973,1.0894586894586893,1218.5851063829787,0.7096774193548387,C,Lav
C_Lav,67,-0.4,1.3139601139601138,1242.8765432098764,0.7387755102040816,C,Lav
C_Lav,68,0.4814814814814814,0.9985185185185185,1236.7619047619048,0.7862068965517242,C,Lav
C_Lav,69,0.07086614173228356,0.881139601139601,1173.9302325581396,0.696551724137931,C,Lav
C_Lav,70,0.0,1.0935612535612533,1214.2857142857142,0.5621621621621621,C,Lav
C_Lav,71,0.05154639175257736,0.9759544159544159,1251.8854166666667,0.6848484848484848,C,Lav
C_Lav,72,0.290909090909091,0.8075213675213673,1125.6753246753246,0.75,C,Lav
C_Lav,73,-0.29670329670329665,0.8977777777777778,1210.281690140845,0.632,C,Lav
C_Lav,74,-0.012820512820512775,1.0837606837606837,1265.5283018867924,0.631578947368421,C,Lav
C_Lav,75,-0.45833333333333337,0.7840455840455838,1166.7101449275362,0.6608695652173913,C,Lav
C_Lav,76,-0.24528301886792447,1.1530484330484327,1207.978021978022,0.6551724137931035,C,Lav
C_Lav,77,0.05982905982905984,0.884102564102564,1157.4767441860465,0.6785714285714285,C,Lav
C_Lav,78,0.09756097560975618,0.8216524216524216,1162.9384615384615,0.5846153846153845,C,Lav
C_Lav,79,0.3793103448275863,0.6577777777777778,1173.549019607843,0.62,C,Lav
C_Lav,80,0.0691823899371069,0.9538461538461538,1173.4705882352941,0.5941176470588234,C,Lav
C_Lav,81,-0.1297709923664122,1.096980056980057,1188.2235294117647,0.68125,C,Lav
C_Lav,82,-0.30000000000000004,0.8845584045584044,1112.5569620253164,0.6538461538461539,C,Lav
C_Lav,83,0.0,1.1767521367521367,1215.7755102040817,0.6388888888888888,C,Lav
C_Lav,84,-0.11888111888111885,1.025185185185185,1129.844827586207,0.7419354838709677,C,Lav
C_Lav,85,0.017857142857142794,1.1035897435897435,1233.8333333333333,0.6124999999999999,C,Lav
C_Lav,86,0.029126213592232997,0.8638176638176637,1117.9512195121952,0.7217391304347827,C,Lav
C_Lav,87,0.5698924731182795,1.324216524216524,1250.7865168539327,0.7260869565217392,C,Lav
C_Lav,88,-0.09734513274336287,0.9064387464387463,1132.719512195122,0.6642857142857143,C,Lav
C_Lav,89,-0.055118110236220486,1.0151566951566953,1217.1632653061224,0.6216216216216216,C,Lav
C_Lav,90,0.1964285714285714,0.8929914529914529,1245.7373737373737,0.6689655172413793,C,Lav
C_Lav,91,-0.1900826446280992,1.0794301994301994,1254.2941176470588,0.5666666666666667,C,Lav
C_Lav,92,-0.037735849056603765,0.9764102564102565,1221.1149425287356,0.58,C,Lav
C_Lav,93,-0.381578947368421,0.9998860398860397,1188.8392857142858,0.64,C,Lav
C_Lav,94,0.10400000000000009,1.0648433048433048,1237.5096153846155,0.69375,C,Lav
C_Lav,95,0.13725490196078427,1.0826210826210825,1256.0689655172414,0.7081081081081081,C,Lav
C_Lav,96,0.33870967741935476,0.9098575498575499,1135.6145833333333,0.7407407407407407,C,Lav
C_Lav,97,-0.006802721088435382,1.0981196581196582,1215.949494949495,0.75625,C,Lav
C_Lav,98,0.14893617021276606,0.8209686609686608,1179.9178082191781,0.625,C,Lav
C_Lav,99,-0.1937984496124031,1.0349857549857548,1216.3265306122448,0.6516129032258065,C,Lav
C_Lava,00,0.7840909090909092,1.4092307692307693,1278.9099099099099,0.8307692307692308,C,Lava
C_Lava,01,0.776470588235294,1.2704273504273504,1345.185393258427,0.7019607843137254,C,Lava
C_Lava,02,0.8095238095238095,1.2998290598290596,1149.5974842767296,0.6772727272727272,C,Lava
C_Lava,03,0.7241379310344827,1.3481481481481479,1244.111111111111,0.6654545454545455,C,Lava
C_Lava,04,-0.3900709219858156,1.2314529914529915,1241.6037735849056,0.6114285714285714,C,Lava
C_Lava,05,0.44736842105263164,1.1854131054131054,1212.806896551724,0.680952380952381,C,Lava
C_Lava,06,0.6233766233766234,1.3105413105413106,1227.6973684210527,0.6489795918367347,C,Lava
C_Lava,07,0.9720279720279721,1.2366951566951565,1189.7232142857142,0.5023255813953489,C,Lava
C_Lava,08,0.7884615384615385,1.313048433048433,1252.6375838926174,0.6666666666666667,C,Lava
C_Lava,09,0.16666666666666674,0.6776068376068375,1111.265306122449,0.7375,C,Lava
C_Lava,10,0.9058823529411764,1.1783475783475783,1224.4744525547446,0.7777777777777778,C,Lava
C_Lava,11,0.8860103626943006,1.3684330484330485,1331.0654205607477,0.7886792452830189,C,Lava
C_Lava,12,0.8959537572254335,1.3016524216524215,1218.6057142857144,0.8088888888888889,C,Lava
C_Lava,13,-0.03191489361702127,1.3394871794871794,1270.877659574468,0.825,C,Lava
C_Lava,14,0.9018404907975459,1.3178347578347578,1274.3837837837839,0.774468085106383,C,Lava
C_Lava,15,0.33333333333333326,0.7270655270655271,1211.6,0.7157894736842105,C,Lava
C_Lava,16,0.9075144508670521,1.2168660968660967,1171.8139534883721,0.705,C,Lava
C_Lava,17,0.825,1.1348148148148147,1257.3157894736842,0.55,C,Lava
C_Lava,18,-0.12676056338028174,0.8736182336182337,1174.2241379310344,0.4571428571428572,C,Lava
C_Lava,19,0.6242424242424243,1.3663817663817663,1258.1693121693122,0.6218181818181818,C,Lava
C_Lava,20,0.08771929824561409,0.7548717948717948,1137.48,0.5333333333333333,C,Lava
C_Lava,21,0.8206896551724139,1.2476353276353276,1212.36301369863,0.6772727272727272,C,Lava
C_Lava,22,0.803680981595092,1.2455840455840457,1186.5098039215686,0.6340425531914894,C,Lava
C_Lava,23,-0.13761467889908252,1.0003418803418802,1167.6625,0.5290322580645161,C,Lava
C_Lava,24,0.7227722772277227,1.2278062678062678,1216.6744186046512,0.6863636363636363,C,Lava
C_Lava,25,0.8404907975460123,1.3497435897435897,1240.724409448819,0.5404255319148936,C,Lava
C_Lava,26,0.541899441340782,1.323076923076923,1227.433962264151,0.6431372549019607,C,Lava
C_Lava,27,0.6666666666666667,1.276809116809117,1284.066265060241,0.6961538461538461,C,Lava
C_Lava,28,0.985611510791367,1.3768660968660968,1249.5616438356165,0.35121951219512193,C,Lava
C_Lava,29,0.8600000000000001,1.3604558404558404,1254.8762376237623,0.776,C,Lava
C_Lava,30,0.826086956521739,1.2239316239316238,1278.700680272109,0.7066666666666667,C,Lava
C_Lava,31,0.7124999999999999,1.3864387464387462,1249.1025641025642,0.784,C,Lava
C_Lava,32,0.5391705069124424,1.3973789173789173,1270.148148148148,0.7672727272727273,C,Lava
C_Lava,33,0.06896551724137923,1.1628490028490028,1282.6630434782608,0.6285714285714286,C,Lava
C_Lava,34,-0.6445783132530121,1.391225071225071,1251.5643564356435,0.7259259259259259,C,Lava
C_Lava,35,-0.10067114093959728,1.1742450142450143,1251.5892857142858,0.6285714285714286,C,Lava
C_Lava,36,0.8297872340425532,1.2856980056980056,1210.1311475409836,0.7191489361702128,C,Lava
C_Lava,37,0.8148148148148149,1.2638176638176637,1320.590909090909,0.7375,C,Lava
C_Lava,38,0.24793388429752072,1.4078632478632476,1266.009708737864,0.7821428571428571,C,Lava
C_Lava,39,-0.21327014218009477,1.3057549857549857,1183.248447204969,0.6839999999999999,C,Lava
C_Lava,40,0.5891891891891892,1.3688888888888888,1227.1608040201006,0.7127272727272727,C,Lava
C_Lava,41,0.7430167597765363,1.403988603988604,1298.1724137931035,0.7884615384615384,C,Lava
C_Lava,42,0.911764705882353,1.1979487179487178,1264.9160305343512,0.7023255813953488,C,Lava
C_Lava,43,0.8072289156626506,1.266096866096866,1216.776397515528,0.7565217391304349,C,Lava
C_Lava,44,0.759493670886076,1.3807407407407406,1246.1055900621118,0.7276595744680852,C,Lava
C_Lava,45,0.738562091503268,1.416068376068376,1220.8066298342542,0.6576923076923078,C,Lava
C_Lava,46,0.8012422360248448,1.3094017094017094,1260.15,0.7957446808510639,C,Lava
C_Lava,47,0.9661016949152543,1.425185185185185,1231.4827586206898,0.7592592592592592,C,Lava
C_Lava,48,0.018181818181818077,1.1427920227920225,1203.7555555555555,0.5891891891891892,C,Lava
C_Lava,49,0.9794871794871796,1.3392592592592594,1262.4450867052024,0.6652173913043478,C,Lava
C_Lava,50,0.8879999999999999,1.2173219373219373,1284.142857142857,0.6652173913043478,C,Lava
C_Lava,51,0.6808510638297873,1.3960113960113958,1270.702564102564,0.6862068965517241,C,Lava
C_Lava,52,0.6551724137931034,1.34017094017094,1252.1368421052632,0.7294117647058823,C,Lava
C_Lava,53,-0.03448275862068961,0.8772649572649572,1165.2837837837837,0.5724137931034482,C,Lava
C_Lava,54,0.30666666666666664,0.7352706552706552,1174.0153846153846,0.5913043478260869,C,Lava
C_Lava,55,0.9649122807017543,1.2198290598290598,1214.921052631579,0.715,C,Lava
C_Lava,56,1.0,1.2788603988603988,1223.1197604790418,0.6428571428571428,C,Lava
C_Lava,57,0.7468354430379747,1.2913960113960112,1273.283870967742,0.7304347826086957,C,Lava
C_Lava,58,0.7888198757763976,1.2788603988603988,1256.2696629213483,0.7020408163265306,C,Lava
C_Lava,59,0.7964071856287425,1.3353846153846152,1326.7118644067796,0.6555555555555557,C,Lava
C_Lava,60,0.6173913043478261,1.2795441595441595,1247.5555555555557,0.6730769230769231,C,Lava
C_Lava,61,0.43999999999999995,0.5465527065527064,1189.7954545454545,0.6125,C,Lava
C_Lava,62,0.96,1.4099145299145297,1263.3073170731707,0.7418181818181818,C,Lava
C_Lava,63,0.838235294117647,1.1220512820512818,1235.1013513513512,0.6227272727272727,C,Lava
C_Lava,64,0.8888888888888888,1.3811965811965812,1273.8070175438597,0.7854545454545454,C,Lava
C_Lava,65,0.8475336322869955,1.434985754985755,1297.32,0.8175438596491228,C,Lava
C_Lava,66,0.8598726114649682,1.3445014245014244,1187.1951219512196,0.6784313725490196,C,Lava
C_Lava,67,0.382716049382716,0.8218803418803419,1176.2888888888888,0.4608695652173913,C,Lava
C_Lava,68,0.7579617834394905,1.3620512820512822,1275.546511627907,0.649056603773585,C,Lava
C_Lava,69,0.7246376811594204,1.317150997150997,1225.0,0.6458333333333333,C,Lava
C_Lava,70,0.7627118644067796,1.4019373219373217,1376.4676616915424,0.7090909090909091,C,Lava
C_Lava,71,0.7530864197530864,1.348831908831909,1349.204081632653,0.6535714285714286,C,Lava
C_Lava,72,0.06451612903225801,0.6967521367521365,1106.2777777777778,0.6352941176470588,C,Lava
C_Lava,73,0.8873239436619718,1.292991452991453,1257.1835443037974,0.7391304347826086,C,Lava
C_Lava,74,0.7681159420289856,1.345413105413105,1281.9625,0.6961538461538461,C,Lava
C_Lava,75,0.05263157894736836,1.2695156695156695,1186.566265060241,0.7209302325581395,C,Lava
C_Lava,76,0.7086092715231789,1.4092307692307693,1292.9134615384614,0.7345454545454545,C,Lava
C_Lava,77,0.8518518518518519,1.2480911680911682,1246.539393939394,0.7045454545454546,C,Lava
C_Lava,78,0.8784530386740332,1.2248433048433047,1191.5688622754492,0.7285714285714285,C,Lava
C_Lava,79,-0.265625,1.1626210826210825,1260.7710843373493,0.5999999999999999,C,Lava
C_Lava,80,0.8810810810810812,1.2772649572649573,1203.6923076923076,0.6851063829787234,C,Lava
C_Lava,81,0.911764705882353,1.3816524216524215,1269.2792207792209,0.7061224489795919,C,Lava
C_Lava,82,0.9161676646706587,1.311225071225071,1181.7212121212121,0.6080000000000001,C,Lava
C_Lava,83,0.9666666666666666,1.3998860398860398,1279.7378640776699,0.7660377358490565,C,Lava
C_Lava,84,0.9012345679012346,1.3978347578347576,1240.2822966507176,0.8166666666666667,C,Lava
C_Lava,85,0.8645833333333333,1.3429059829059826,1254.745945945946,0.7208333333333333,C,Lava
C_Lava,86,0.21052631578947367,0.503931623931624,1061.3548387096773,0.6833333333333333,C,Lava
C_Lava,87,0.28421052631578947,0.8123076923076923,1295.7246376811595,0.6,C,Lava
C_Lava,88,0.7583892617449663,1.2913960113960115,1312.8,0.7565217391304349,C,Lava
C_Lava,89,1.0,1.3522507122507121,1226.195530726257,0.6415094339622642,C,Lava
C_Lava,90,0.8571428571428572,1.3741310541310539,1262.1712962962963,0.7236363636363636,C,Lava
C_Lava,91,0.061224489795918435,1.127977207977208,1105.57,0.6545454545454545,C,Lava
C_Lava,92,0.7894736842105263,1.3244444444444443,1212.8258064516128,0.6625000000000001,C,Lava
C_Lava,93,-0.07999999999999996,1.1974928774928775,1237.9142857142858,0.5333333333333333,C,Lava
C_Lava,94,0.1578947368421053,0.67008547008547,1192.936170212766,0.52,C,Lava
C_Lava,95,0.8600000000000001,1.334928774928775,1247.8382352941176,0.7098039215686274,C,Lava
C_Lava,96,-0.4093959731543624,1.0997150997150995,1220.6296296296296,0.46842105263157896,C,Lava
C_Lava,97,0.8675496688741722,1.2918518518518518,1201.9370078740158,0.5183673469387755,C,Lava
C_Lava,98,0.5757575757575757,1.3570370370370368,1271.6913580246915,0.7450980392156863,C,Lava
C_Lava,99,0.8095238095238095,1.2699715099715099,1307.0685714285714,0.6538461538461539,C,Lava
C_Lvav,00,0.44680851063829796,0.7803988603988602,1030.8311688311687,0.638095238095238,C,Lvav
C_Lvav,01,0.2655367231638419,1.3155555555555554,1221.2694610778442,0.7695652173913043,C,Lvav
C_Lvav,02,0.6049382716049383,1.3515669515669515,1227.0295857988165,0.7446808510638299,C,Lvav
C_Lvav,03,0.7422680412371134,1.3207977207977206,1245.9948979591836,0.6666666666666667,C,Lvav
C_Lvav,04,-0.07692307692307687,0.7478062678062677,1166.15,0.7444444444444445,C,Lvav
C_Lvav,05,0.0573248407643312,1.1560113960113958,1366.1056910569105,0.5666666666666667,C,Lvav
C_Lvav,06,0.8378378378378379,1.328091168091168,1226.5049019607843,0.7137254901960784,C,Lvav
C_Lvav,07,0.8396624472573839,1.4830769230769227,1222.0489795918368,0.8137931034482758,C,Lvav
C_Lvav,08,0.8994413407821229,1.2599430199430197,1287.9036144578313,0.7021276595744681,C,Lvav
C_Lvav,09,0.849624060150376,1.3046153846153845,1185.0174418604652,0.6444444444444444,C,Lvav
C_Lvav,10,0.7655172413793103,1.3098575498575498,1266.075,0.7043478260869565,C,Lvav
C_Lvav,11,0.858974358974359,1.372307692307692,1257.419689119171,0.7653846153846153,C,Lvav
C_Lvav,12,0.8756476683937824,1.3403988603988601,1282.0425531914893,0.7872340425531915,C,Lvav
C_Lvav,13,0.7365269461077844,1.2624501424501424,1349.8150289017342,0.725,C,Lvav
C_Lvav,14,0.6464646464646464,1.3998860398860398,1330.0829493087558,0.7192982456140351,C,Lvav
C_Lvav,15,0.6432432432432433,1.434757834757835,1266.0625,0.7321428571428572,C,Lvav
C_Lvav,16,0.10588235294117654,0.923076923076923,1320.3714285714286,0.4312499999999999,C,Lvav
C_Lvav,17,0.7197452229299364,1.1391452991452993,1259.609375,0.6894736842105263,C,Lvav
C_Lvav,18,-0.07999999999999996,0.9998860398860397,1223.6235294117646,0.47878787878787876,C,Lvav
C_Lvav,19,0.10000000000000009,0.8439886039886039,1171.7323943661972,0.7272727272727273,C,Lvav
C_Lvav,20,0.8631578947368421,1.3408547008547007,1291.4076086956522,0.7391304347826086,C,Lvav
C_Lvav,21,0.8911564625850341,1.256068376068376,1274.1267605633802,0.7488372093023257,C,Lvav
C_Lvav,22,0.22388059701492535,0.763076923076923,1143.107142857143,0.4357142857142856,C,Lvav
C_Lvav,23,0.7966101694915255,1.3584045584045585,1265.2155963302753,0.725,C,Lvav
C_Lvav,24,0.14438502673796783,1.25994301994302,1247.9496402877699,0.627906976744186,C,Lvav
C_Lvav,25,0.22807017543859653,0.6776068376068377,1202.7222222222222,0.6888888888888889,C,Lvav
C_Lvav,26,0.8265895953757225,1.224159544159544,1240.2480620155038,0.613953488372093,C,Lvav
C_Lvav,27,0.17365269461077837,1.3684330484330485,1212.8347107438017,0.6536585365853659,C,Lvav
C_Lvav,28,0.8139534883720929,1.4033048433048432,1334.2904761904763,0.7777777777777778,C,Lvav
C_Lvav,29,0.1910112359550562,0.8731623931623932,1126.1025641025642,0.6173913043478261,C,Lvav
C_Lvav,30,-0.22448979591836737,1.2467236467236467,1213.353448275862,0.5951219512195122,C,Lvav
C_Lvav,31,0.9148936170212767,1.3645584045584045,1312.3188405797102,0.7433962264150944,C,Lvav
C_Lvav,32,-0.31645569620253167,1.378917378917379,1288.8453038674033,0.7230769230769231,C,Lvav
C_Lvav,33,0.7647058823529411,1.3415384615384616,1276.9310344827586,0.7291666666666667,C,Lvav
C_Lvav,34,0.2954545454545454,0.8257549857549856,1154.2714285714285,0.7473684210526316,C,Lvav
C_Lvav,35,-0.36929460580912865,1.305071225071225,1245.139534883721,0.6076923076923078,C,Lvav
C_Lvav,36,1.0,1.3116809116809116,1289.5194174757282,0.8333333333333333,C,Lvav
C_Lvav,37,0.7222222222222223,1.338347578347578,1279.5291262135922,0.7547169811320755,C,Lvav
C_Lvav,38,0.925531914893617,1.3618233618233617,1305.1479591836735,0.8125,C,Lvav
C_Lvav,39,0.8045977011494252,1.3645584045584045,1293.7083333333333,0.7054545454545454,C,Lvav
C_Lvav,40,0.9161676646706587,1.3852991452991454,1346.2412280701753,0.8384615384615385,C,Lvav
C_Lvav,41,0.7635467980295567,1.359088319088319,1216.1375661375662,0.7568627450980392,C,Lvav
C_Lvav,42,-0.3481481481481481,1.1744729344729343,1263.6739130434783,0.5684210526315789,C,Lvav
C_Lvav,43,0.5657142857142856,1.3078062678062679,1244.625,0.6862745098039216,C,Lvav
C_Lvav,44,0.1777777777777778,1.3057549857549857,1308.6938775510205,0.7811320754716982,C,Lvav
C_Lvav,45,0.8817733990147782,1.3002849002849002,1224.0575916230366,0.7183673469387755,C,Lvav
C_Lvav,46,0.029126213592232997,1.2385185185185186,1290.7266666666667,0.6977777777777778,C,Lvav
C_Lvav,47,0.834710743801653,1.384159544159544,1248.8079096045199,0.823076923076923,C,Lvav
C_Lvav,48,0.8588235294117648,1.335156695156695,1257.483870967742,0.7384615384615385,C,Lvav
C_Lvav,49,0.6860465116279071,1.2804558404558404,1238.4778325123152,0.7608695652173914,C,Lvav
C_Lvav,50,0.8698224852071006,1.2932193732193733,1214.1988304093568,0.6916666666666667,C,Lvav
C_Lvav,51,0.2129032258064516,1.2305413105413106,1266.7207792207791,0.5918367346938775,C,Lvav
C_Lvav,52,0.881578947368421,1.3287749287749286,1314.0756756756757,0.6941176470588235,C,Lvav
C_Lvav,53,0.7028571428571428,1.3027920227920227,1289.6,0.6936170212765957,C,Lvav
C_Lvav,54,-0.10399999999999998,1.0905982905982905,1245.5050505050506,0.6060606060606061,C,Lvav
C_Lvav,55,0.06930693069306937,0.9169230769230768,1244.6849315068494,0.568,C,Lvav
C_Lvav,56,0.8974358974358974,1.2886609686609687,1302.3689839572191,0.7591836734693878,C,Lvav
C_Lvav,57,0.7383177570093458,1.1612535612535613,1228.7758620689656,0.6731707317073171,C,Lvav
C_Lvav,58,0.786096256684492,1.2893447293447293,1193.28,0.615686274509804,C,Lvav
C_Lvav,59,0.6788321167883211,1.314188034188034,1238.0118343195265,0.6639999999999999,C,Lvav
C_Lvav,60,0.6588235294117648,1.2086609686609686,1233.1610738255033,0.6478260869565218,C,Lvav
C_Lvav,61,-0.029940119760479056,1.3431339031339031,1294.3,0.558490566037736,C,Lvav
C_Lvav,62,0.9190751445086704,1.3315099715099714,1244.5953488372093,0.7307692307692308,C,Lvav
C_Lvav,63,0.2592592592592593,1.114074074074074,1250.1060606060605,0.4622222222222221,C,Lvav
C_Lvav,64,0.6595744680851063,1.4397720797720799,1357.8542510121458,0.7533333333333334,C,Lvav
C_Lvav,65,0.7446808510638299,1.3084900284900285,1255.7830687830688,0.7224489795918367,C,Lvav
C_Lvav,66,0.2592592592592593,1.01994301994302,1110.6542056074766,0.6709677419354838,C,Lvav
C_Lvav,67,0.6855345911949686,1.2996011396011395,1230.225806451613,0.6377358490566039,C,Lvav
C_Lvav,68,-0.07547169811320753,0.9878062678062677,1162.0740740740741,0.5290322580645161,C,Lvav
C_Lvav,69,0.7988165680473374,1.2882051282051283,1253.2641509433963,0.615686274509804,C,Lvav
C_Lvav,70,-0.18461538461538463,1.2966381766381765,1293.8872180451128,0.5249999999999999,C,Lvav
C_Lvav,71,-0.5625,1.2252991452991453,1226.25,0.56,C,Lvav
C_Lvav,72,0.28125,0.6632478632478631,1246.8510638297873,0.5727272727272728,C,Lvav
C_Lvav,73,0.8089887640449438,1.36022792022792,1285.877094972067,0.6415094339622642,C,Lvav
C_Lvav,74,0.7730496453900708,1.293903133903134,1260.4216216216216,0.7132075471698114,C,Lvav
C_Lvav,75,0.7605633802816902,1.2868376068376068,1242.2032085561498,0.6978723404255319,C,Lvav
C_Lvav,76,0.76,1.3645584045584043,1297.05,0.7615384615384615,C,Lvav
C_Lvav,77,0.8431372549019607,1.3342450142450142,1339.9467455621302,0.774468085106383,C,Lvav
C_Lvav,78,0.8974358974358974,1.32011396011396,1302.251282051282,0.709433962264151,C,Lvav
C_Lvav,79,0.7976190476190477,1.2743019943019944,1283.320512820513,0.6279999999999999,C,Lvav
C_Lvav,80,0.5,0.4854700854700854,1181.8372093023256,0.6857142857142857,C,Lvav
C_Lvav,81,0.10144927536231885,0.8508262108262107,1157.9016393442623,0.5839999999999999,C,Lvav
C_Lvav,82,0.8814814814814815,1.2102564102564102,1256.251968503937,0.6292682926829267,C,Lvav
C_Lvav,83,0.7777777777777777,1.3474643874643875,1286.6190476190477,0.74,C,Lvav
C_Lvav,84,0.38095238095238093,0.9429059829059828,1183.622641509434,0.61875,C,Lvav
C_Lvav,85,0.9111111111111112,1.4254131054131052,1355.0604651162791,0.7963636363636364,C,Lvav
C_Lvav,86,0.8543046357615893,1.332877492877493,1293.2926829268292,0.6416666666666666,C,Lvav
C_Lvav,87,0.3980582524271845,0.7888319088319088,1205.2894736842106,0.7478260869565218,C,Lvav
C_Lvav,88,0.9634146341463414,1.289344729344729,1212.2747252747254,0.7083333333333333,C,Lvav
C_Lvav,89,0.8757062146892656,1.276809116809117,1315.4277777777777,0.7591836734693878,C,Lvav
C_Lvav,90,0.5853658536585367,1.2118518518518517,1247.1292517006802,0.7375,C,Lvav
C_Lvav,91,0.21787709497206698,1.2086609686609686,1226.9159663865546,0.6631578947368422,C,Lvav
C_Lvav,92,0.7707006369426752,1.243304843304843,1220.7931034482758,0.6909090909090909,C,Lvav
C_Lvav,93,0.12195121951219523,0.481139601139601,1213.090909090909,0.7833333333333333,C,Lvav
C_Lvav,94,0.7419354838709677,1.375954415954416,1267.7553191489362,0.7333333333333334,C,Lvav
C_Lvav,95,0.3389830508474576,1.1357264957264956,1240.5098039215686,0.4311111111111111,C,Lvav
C_Lvav,96,0.8333333333333333,1.1343589743589744,1239.2711864406779,0.5951219512195122,C,Lvav
C_Lvav,97,0.07042253521126751,1.2854700854700853,1283.15625,0.5173913043478261,C,Lvav
C_Lvav,98,0.06666666666666665,0.8328205128205127,1115.2916666666667,0.6545454545454545,C,Lvav
C_Lvav,99,0.8500000000000001,1.2407977207977208,1240.628787878788,0.6347826086956523,C,Lvav
C_Sav,00,0.04854368932038833,1.0415954415954414,1212.2954545454545,0.6303030303030304,C,Sav
C_Sav,01,0.26415094339622636,0.8856980056980056,1104.0217391304348,0.6642857142857144,C,Sav
C_Sav,02,0.21568627450980382,0.957037037037037,1218.2736842105264,0.6857142857142857,C,Sav
C_Sav,03,0.9075144508670521,1.2113960113960114,1163.3398692810458,0.6391304347826087,C,Sav
C_Sav,04,0.30578512396694224,0.9506552706552707,1135.2941176470588,0.6242424242424243,C,Sav
C_Sav,05,0.23750000000000004,1.1418803418803418,1213.953488372093,0.7611111111111111,C,Sav
C_Sav,06,0.06542056074766345,0.9946438746438746,1266.378947368421,0.7448275862068966,C,Sav
C_Sav,07,0.34065934065934056,0.8717948717948716,1226.9558823529412,0.52,C,Sav
C_Sav,08,0.5172413793103448,0.6776068376068375,1131.3698630136987,0.6909090909090909,C,Sav
C_Sav,09,0.4965986394557824,1.0023931623931623,1233.4655172413793,0.7375,C,Sav
C_Sav,10,0.43333333333333335,0.9267236467236466,1179.3265306122448,0.6666666666666667,C,Sav
C_Sav,11,0.5625,0.835099715099715,1175.109375,0.46153846153846156,C,Sav
C_Sav,12,0.6723163841807909,1.3732193732193732,1230.048128342246,0.8,C,Sav
C_Sav,13,0.3121019108280254,1.0924216524216521,1215.088,0.6439024390243901,C,Sav
C_Sav,14,-0.13636363636363635,0.9855270655270654,1221.7761194029852,0.576,C,Sav
C_Sav,15,0.25139664804469275,1.1895156695156697,1171.405172413793,0.7459459459459459,C,Sav
C_Sav,16,0.1132075471698113,1.0078632478632477,1146.8395061728395,0.5483870967741935,C,Sav
C_Sav,17,0.37037037037037046,0.8118518518518516,1118.5375,0.704,C,Sav
C_Sav,18,0.3759999999999999,1.1003988603988604,1203.6967213114754,0.5538461538461539,C,Sav
C_Sav,19,0.1717171717171717,0.8784045584045583,1185.5875,0.5870967741935483,C,Sav
C_Sav,20,0.0,0.9556695156695156,1157.75,0.7933333333333333,C,Sav
C_Sav,21,0.16049382716049387,1.1092877492877493,1145.7083333333333,0.7470588235294118,C,Sav
C_Sav,22,0.008264462809917328,1.0174358974358972,1243.362745098039,0.611764705882353,C,Sav
C_Sav,23,0.19024390243902434,1.3385754985754987,1210.6225165562914,0.6680851063829787,C,Sav
C_Sav,24,0.17460317460317465,0.7154415954415955,1161.9814814814815,0.7176470588235294,C,Sav
C_Sav,25,0.2941176470588236,0.8749857549857547,1204.105882352941,0.8,C,Sav
C_Sav,26,0.006896551724137945,1.1022222222222222,1134.1545454545455,0.6324324324324324,C,Sav
C_Sav,27,0.4370370370370371,0.9326495726495726,1198.6237623762377,0.6499999999999999,C,Sav
C_Sav,28,0.2921348314606742,1.1070085470085471,1196.7709923664122,0.6521739130434783,C,Sav
C_Sav,29,0.20792079207920788,1.148262108262108,1201.0197368421052,0.8162162162162162,C,Sav
C_Sav,30,0.5633802816901408,0.9007407407407407,1249.4587155963302,0.7724137931034483,C,Sav
C_Sav,31,0.03846153846153855,0.9939601139601139,1145.6060606060605,0.6466666666666666,C,Sav
C_Sav,32,-0.14893617021276595,1.0374928774928776,1211.7333333333333,0.676923076923077,C,Sav
C_Sav,33,0.30434782608695654,0.7576068376068376,1202.132075471698,0.6,C,Sav
C_Sav,34,0.3402061855670102,0.8141310541310541,1179.567901234568,0.7043478260869565,C,Sav
C_Sav,35,0.25757575757575757,1.101082621082621,1268.3333333333333,0.5599999999999998,C,Sav
C_Sav,36,0.21259842519685046,1.0539031339031337,1273.5,0.696969696969697,C,Sav
C_Sav,37,-0.32352941176470584,1.0450142450142448,1224.6146788990825,0.6277777777777778,C,Sav
C_Sav,38,0.5272727272727273,1.2205128205128206,1346.5333333333333,0.6408163265306122,C,Sav
C_Sav,39,-0.1282051282051282,0.9075783475783474,1147.1612903225807,0.709090909090909,C,Sav
C_Sav,40,0.2058823529411764,1.11042735042735,1218.1515151515152,0.7419354838709677,C,Sav
C_Sav,41,0.3706293706293706,1.126837606837607,1172.421686746988,0.5757575757575758,C,Sav
C_Sav,42,0.6879432624113475,1.2799999999999998,1261.655844155844,0.6958333333333333,C,Sav
C_Sav,43,0.1923076923076923,0.899145299145299,1175.4943820224719,0.6,C,Sav
C_Sav,44,-0.18095238095238098,0.9490598290598289,1223.4533333333334,0.5483870967741935,C,Sav
C_Sav,45,0.18181818181818188,1.1623931623931623,1219.4513274336284,0.6736842105263159,C,Sav
C_Sav,46,0.09629629629629632,1.1035897435897435,1277.4255319148936,0.64,C,Sav
C_Sav,47,0.19354838709677424,1.2645014245014246,1239.7851851851851,0.6558139534883721,C,Sav
C_Sav,48,0.17460317460317465,0.9189743589743588,1178.7857142857142,0.7133333333333334,C,Sav
C_Sav,49,-0.22834645669291342,1.1897435897435897,1273.7021276595744,0.6470588235294117,C,Sav
C_Sav,50,-0.05691056910569103,1.1726495726495725,1227.3904761904762,0.6263157894736842,C,Sav
C_Sav,51,0.7526881720430108,1.352706552706553,1298.839378238342,0.768,C,Sav
C_Sav,52,0.46218487394957974,0.8640455840455841,1162.063829787234,0.752,C,Sav
C_Sav,53,0.13636363636363646,0.9344729344729343,1126.1466666666668,0.6071428571428572,C,Sav
C_Sav,54,0.034965034965035,1.1956695156695156,1222.254716981132,0.5837837837837838,C,Sav
C_Sav,55,0.0992366412213741,1.0507122507122506,1229.279569892473,0.66,C,Sav
C_Sav,56,0.2804878048780488,1.2129914529914527,1250.5283018867924,0.6263157894736842,C,Sav
C_Sav,57,0.5058823529411764,0.9009686609686609,1104.9375,0.7176470588235294,C,Sav
C_Sav,58,0.22222222222222232,0.8686039886039886,1070.2727272727273,0.638095238095238,C,Sav
C_Sav,59,0.3013698630136987,1.1671794871794872,1288.0230769230768,0.7621621621621621,C,Sav
C_Sav,60,0.7529411764705882,1.4559544159544158,1284.1764705882354,0.7689655172413793,C,Sav
C_Sav,61,0.2881355932203389,0.9071225071225071,1221.8314606741574,0.7037037037037037,C,Sav
C_Sav,62,0.43661971830985924,0.7573789173789173,1164.8214285714287,0.6636363636363636,C,Sav
C_Sav,63,-0.28682170542635654,0.9702564102564102,1170.123595505618,0.6000000000000001,C,Sav
C_Sav,64,0.2941176470588236,0.8392022792022792,1257.3088235294117,0.6642857142857143,C,Sav
C_Sav,65,0.4516129032258065,0.8330484330484329,1219.2117647058824,0.7166666666666667,C,Sav
C_Sav,66,-0.004878048780487809,1.3460968660968662,1233.325925925926,0.6782608695652175,C,Sav
C_Sav,67,0.6867469879518073,0.8116239316239315,1139.6507936507937,0.590909090909091,C,Sav
C_Sav,68,0.13043478260869557,0.9618233618233617,1158.3033707865168,0.64,C,Sav
C_Sav,69,-0.5657894736842105,1.1995441595441594,1190.46875,0.7297297297297296,C,Sav
C_Sav,70,0.3980582524271845,1.2034188034188034,1247.9878048780488,0.6382978723404255,C,Sav
C_Sav,71,0.08045977011494254,1.1972649572649572,1174.6846153846154,0.6324324324324324,C,Sav
C_Sav,72,0.22916666666666674,1.0673504273504273,1102.5205479452054,0.6074074074074074,C,Sav
C_Sav,73,-0.019607843137254943,0.983931623931624,1235.270588235294,0.6482758620689655,C,Sav
C_Sav,74,-0.24444444444444446,0.9887179487179486,1126.8942307692307,0.6903225806451613,C,Sav
C_Sav,75,0.08064516129032251,0.9258119658119656,1160.89010989011,0.7357142857142858,C,Sav
C_Sav,76,-0.3977272727272727,1.0678062678062676,1252.8411214953271,0.5857142857142857,C,Sav
C_Sav,77,0.303030303030303,0.9816524216524218,1196.8217821782177,0.5789473684210527,C,Sav
C_Sav,78,0.2210526315789474,0.9185185185185184,1145.7727272727273,0.6074074074074074,C,Sav
C_Sav,79,0.15384615384615374,1.0867236467236465,1251.392523364486,0.6666666666666667,C,Sav
C_Sav,80,-0.024793388429752095,1.150997150997151,1220.6847826086957,0.6588235294117647,C,Sav
C_Sav,81,0.27142857142857135,0.9458689458689457,1198.95,0.7419354838709677,C,Sav
C_Sav,82,-0.07801418439716312,1.1824501424501423,1208.121212121212,0.74375,C,Sav
C_Sav,83,0.17460317460317465,0.9426780626780625,1152.2371134020618,0.7333333333333334,C,Sav
C_Sav,84,0.8043478260869565,1.271111111111111,1262.4183673469388,0.7346938775510204,C,Sav
C_Sav,85,-0.3457943925233645,0.9837037037037036,1133.375,0.6148148148148149,C,Sav
C_Sav,86,0.2566371681415929,0.9454131054131053,1114.012048192771,0.6142857142857143,C,Sav
C_Sav,87,0.3999999999999999,0.8371509971509971,1157.0886075949368,0.6782608695652175,C,Sav
C_Sav,88,0.39583333333333326,0.8774928774928775,1247.4871794871794,0.6206896551724138,C,Sav
C_Sav,89,0.1351351351351351,0.995099715099715,1248.9325842696628,0.6620689655172414,C,Sav
C_Sav,90,0.7446808510638299,1.303019943019943,1267.4233128834355,0.6936170212765957,C,Sav
C_Sav,91,0.21259842519685046,0.9754985754985755,1201.445652173913,0.6,C,Sav
C_Sav,92,0.17105263157894735,0.9454131054131053,1178.794642857143,0.78125,C,Sav
C_Sav,93,0.029850746268656803,1.0545868945868946,1255.360465116279,0.5333333333333334,C,Sav
C_Sav,94,0.3935483870967742,1.0874074074074074,1206.5689655172414,0.6486486486486487,C,Sav
C_Sav,95,0.18461538461538463,1.1024501424501425,1150.8317757009345,0.6388888888888888,C,Sav
C_Sav,96,0.408450704225352,1.0404558404558406,1157.6290322580646,0.6914285714285715,C,Sav
C_Sav,97,0.27659574468085113,0.7603418803418802,1169.763888888889,0.7217391304347827,C,Sav
C_Sav,98,0.286624203821656,1.043190883190883,1228.4645669291338,0.6564102564102565,C,Sav
C_Sav,99,-0.024793388429752095,0.9488319088319088,1192.870588235294,0.5870967741935483,C,Sav
C_Savav,00,-0.022556390977443663,1.127977207977208,1290.3298969072166,0.6102564102564103,C,Savav
C_Savav,01,0.1212121212121211,1.0436467236467235,1253.8804347826087,0.6451612903225805,C,Savav
C_Savav,02,0.2748538011695907,1.1760683760683759,1261.7153846153847,0.7947368421052631,C,Savav
C_Savav,03,0.25,1.07008547008547,1238.7676056338028,0.7333333333333334,C,Savav
C_Savav,04,0.08333333333333326,1.2574358974358975,1289.6220472440946,0.6133333333333333,C,Savav
C_Savav,05,0.4883720930232558,0.7386894586894585,1095.8823529411766,0.7263157894736842,C,Savav
C_Savav,06,0.1450381679389312,1.064159544159544,1249.1666666666667,0.7151515151515152,C,Savav
C_Savav,07,0.4918032786885247,0.9736752136752135,1244.6699029126214,0.6705882352941177,C,Savav
C_Savav,08,0.23636363636363633,1.0568660968660968,1248.2520325203252,0.7333333333333334,C,Savav
C_Savav,09,0.10447761194029859,0.7302564102564102,1305.280701754386,0.6181818181818182,C,Savav
C_Savav,10,0.027624309392265234,1.0064957264957264,1212.4621848739496,0.6594594594594595,C,Savav
C_Savav,11,0.3880597014925373,1.0602849002849002,1207.3245614035088,0.5377777777777777,C,Savav
C_Savav,12,-0.005780346820809301,1.237834757834758,1219.4881889763778,0.6095238095238095,C,Savav
C_Savav,13,0.3116883116883118,0.9702564102564102,1170.044642857143,0.6941176470588235,C,Savav
C_Savav,14,0.24731182795698925,0.7838176638176638,1148.7397260273972,0.5448275862068965,C,Savav
C_Savav,15,-0.04166666666666663,0.7922507122507121,1123.5,0.6,C,Savav
C_Savav,16,0.1020408163265305,1.0548148148148146,1225.5963302752293,0.6777777777777778,C,Savav
C_Savav,17,0.12568306010928953,1.2246153846153844,1203.5797101449275,0.5956521739130434,C,Savav
C_Savav,18,0.20353982300884965,0.9618233618233617,1228.0919540229886,0.6620689655172414,C,Savav
C_Savav,19,0.5238095238095237,0.6978917378917378,1187.9571428571428,0.56,C,Savav
C_Savav,20,0.10975609756097571,1.0607407407407408,1173.6220472440946,0.6222222222222222,C,Savav
C_Savav,21,0.30569948186528495,1.1847293447293445,1183.562962962963,0.7783783783783784,C,Savav
C_Savav,22,0.4782608695652173,0.9960113960113958,1214.0363636363636,0.6606060606060606,C,Savav
C_Savav,23,0.07096774193548394,1.0823931623931622,1235.5092592592594,0.631578947368421,C,Savav
C_Savav,24,0.16981132075471694,1.0158404558404557,1232.3214285714287,0.52,C,Savav
C_Savav,25,0.402061855670103,0.7993162393162391,1092.5394736842106,0.6159999999999999,C,Savav
C_Savav,26,0.2024539877300613,1.1038176638176638,1170.550847457627,0.7090909090909091,C,Savav
C_Savav,27,0.17647058823529416,1.044102564102564,1147.0389610389611,0.6230769230769231,C,Savav
C_Savav,28,-0.2214765100671141,1.0131054131054131,1165.788990825688,0.74,C,Savav
C_Savav,29,0.48453608247422686,0.8205128205128202,1272.4675324675325,0.6482758620689655,C,Savav
C_Savav,30,0.3796791443850267,1.3034757834757835,1238.1446540880504,0.6759999999999999,C,Savav
C_Savav,31,-0.0847457627118644,0.6944729344729343,1153.68,0.5700000000000001,C,Savav
C_Savav,32,0.1504424778761062,0.9641025641025639,1178.0333333333333,0.703448275862069,C,Savav
C_Savav,33,-0.0482758620689655,1.1683190883190884,1216.5188679245282,0.6647058823529411,C,Savav
C_Savav,34,0.5180722891566265,0.6771509971509971,1078.46875,0.6476190476190475,C,Savav
C_Savav,35,-0.18400000000000005,1.0518518518518516,1159.9915254237287,0.6270270270270271,C,Savav
C_Savav,36,0.3170731707317074,0.7676353276353276,1013.5487804878048,0.71,C,Savav
C_Savav,37,0.16129032258064524,0.8407977207977206,1146.96,0.6384615384615384,C,Savav
C_Savav,38,0.4411764705882353,0.9178347578347578,1184.6893203883494,0.6363636363636364,C,Savav
C_Savav,39,0.07784431137724557,1.1740170940170938,1255.1023622047244,0.745,C,Savav
C_Savav,40,-0.17948717948717952,1.0714529914529913,1228.49,0.6363636363636364,C,Savav
C_Savav,41,0.34545454545454546,0.7038176638176638,1084.56,0.6777777777777778,C,Savav
C_Savav,42,0.032786885245901676,1.0605128205128205,1175.965909090909,0.5657142857142856,C,Savav
C_Savav,43,0.03571428571428581,1.0905982905982905,1156.622807017544,0.7263157894736841,C,Savav
C_Savav,44,0.3648648648648649,0.9814245014245014,1224.3,0.82,C,Savav
C_Savav,45,0.5443037974683544,0.7710541310541308,1180.8108108108108,0.5538461538461539,C,Savav
C_Savav,46,0.08771929824561409,1.1774358974358974,1280.6534653465346,0.5414634146341464,C,Savav
C_Savav,47,0.4222222222222223,0.8681481481481481,1170.08,0.6153846153846154,C,Savav
C_Savav,48,0.15254237288135597,0.9957834757834757,1185.8505747126437,0.6206896551724138,C,Savav
C_Savav,49,0.08000000000000007,0.6643874643874643,1176.375,0.5555555555555556,C,Savav
C_Savav,50,0.4901960784313726,0.8004558404558405,1201.8533333333332,0.688,C,Savav
C_Savav,51,0.4054054054054055,0.5964672364672364,1183.9705882352941,0.6266666666666667,C,Savav
C_Savav,52,0.3400000000000001,0.8428490028490028,1065.4642857142858,0.7304347826086957,C,Savav
C_Savav,53,0.32330827067669166,1.0368091168091167,1160.4134615384614,0.5771428571428572,C,Savav
C_Savav,54,0.572192513368984,1.1981766381766383,1261.047619047619,0.616,C,Savav
C_Savav,55,0.5245901639344261,0.8795441595441593,1093.0208333333333,0.7071428571428571,C,Savav
C_Savav,56,0.06766917293233088,0.9948717948717948,1120.9473684210527,0.6285714285714286,C,Savav
C_Savav,57,0.17525773195876293,0.823019943019943,1097.5,0.5379310344827587,C,Savav
C_Savav,58,-0.2321428571428571,1.1323076923076922,1230.5641025641025,0.6625,C,Savav
C_Savav,59,0.2941176470588236,0.8234757834757835,1134.2394366197184,0.7181818181818183,C,Savav
C_Savav,60,0.38211382113821135,0.9495156695156693,1056.7731958762886,0.6857142857142857,C,Savav
C_Savav,61,0.26315789473684204,1.1354985754985756,1262.878260869565,0.7315789473684211,C,Savav
C_Savav,62,0.22448979591836737,0.8754415954415954,1174.84,0.7363636363636363,C,Savav
C_Savav,63,0.35593220338983045,0.7147578347578346,1131.0754716981132,0.7294117647058823,C,Savav
C_Savav,64,0.07692307692307687,1.0276923076923077,1231.4423076923076,0.696969696969697,C,Savav
C_Savav,65,0.23655913978494625,1.2077492877492877,1170.6148148148147,0.75,C,Savav
C_Savav,66,0.27710843373493965,0.7138461538461537,1129.7727272727273,0.8875,C,Savav
C_Savav,67,0.18248175182481763,1.0115099715099714,1271.8842105263159,0.6333333333333333,C,Savav
C_Savav,68,0.19075144508670516,1.123190883190883,1145.136,0.76,C,Savav
C_Savav,69,0.25,0.8227920227920226,1066.6233766233765,0.6666666666666667,C,Savav
C_Savav,70,0.4477611940298507,1.005128205128205,1107.9615384615386,0.8240000000000001,C,Savav
C_Savav,71,0.050000000000000044,0.8898005698005697,1168.1881188118812,0.7333333333333334,C,Savav
C_Savav,72,-0.22994652406417115,1.2854700854700853,1251.2661870503598,0.6512820512820513,C,Savav
C_Savav,73,0.4601226993865031,1.1088319088319087,1234.9383561643835,0.6292682926829267,C,Savav
C_Savav,74,0.11111111111111116,0.829173789173789,1140.2957746478874,0.6727272727272728,C,Savav
C_Savav,75,0.17241379310344818,0.9793732193732191,1097.9887640449438,0.72,C,Savav
C_Savav,76,0.2549019607843137,0.9326495726495725,1208.388888888889,0.59375,C,Savav
C_Savav,77,0.15032679738562083,1.0295156695156695,1150.5084745762713,0.7866666666666666,C,Savav
C_Savav,78,0.3919999999999999,0.9055270655270653,1217.3535353535353,0.6666666666666667,C,Savav
C_Savav,79,0.5492957746478873,0.6541310541310539,1127.3703703703704,0.7,C,Savav
C_Savav,80,0.08333333333333326,1.068034188034188,1270.7938144329896,0.6,C,Savav
C_Savav,81,0.26984126984126977,1.1512250712250713,1134.7109375,0.736842105263158,C,Savav
C_Savav,82,0.2422360248447204,1.1225071225071224,1186.871212121212,0.7388888888888889,C,Savav
C_Savav,83,0.07284768211920523,1.011054131054131,1213.2342342342342,0.7515151515151515,C,Savav
C_Savav,84,0.10679611650485432,0.9470085470085469,1152.0121951219512,0.7,C,Savav
C_Savav,85,0.3538461538461539,1.0668945868945867,1232.177570093458,0.5783783783783785,C,Savav
C_Savav,86,0.3975903614457832,0.6552706552706552,1195.8135593220338,0.6454545454545455,C,Savav
C_Savav,87,0.3580246913580247,0.745982905982906,1120.855072463768,0.6857142857142857,C,Savav
C_Savav,88,-0.17757009345794394,0.8601709401709401,1100.8846153846155,0.5517241379310345,C,Savav
C_Savav,89,0.2542372881355932,0.983019943019943,1239.1818181818182,0.6000000000000001,C,Savav
C_Savav,90,0.05714285714285716,1.1943019943019944,1253.5940594059407,0.6410256410256411,C,Savav
C_Savav,91,0.22916666666666674,0.9271794871794873,1128.1081081081081,0.6695652173913044,C,Savav
C_Savav,92,0.2584269662921348,0.7607977207977206,1164.0845070422536,0.7545454545454546,C,Savav
C_Savav,93,0.23178807947019875,1.065071225071225,1254.709090909091,0.6764705882352942,C,Savav
C_Savav,94,0.1515151515151516,0.8405698005698004,1188.4675324675325,0.5666666666666668,C,Savav
C_Savav,95,-0.5522388059701493,1.12,1233.4237288135594,0.7371428571428571,C,Savav
C_Savav,96,-0.19626168224299068,1.294131054131054,1173.1812080536913,0.7142857142857143,C,Savav
C_Savav,97,0.06306306306306309,0.8565242165242165,1108.6774193548388,0.5933333333333333,C,Savav
C_Savav,98,0.07843137254901955,0.9864387464387464,1219.2162162162163,0.4157894736842106,C,Savav
C_Savav,99,0.5630252100840336,0.9173789173789172,1252.7083333333333,0.8695652173913043,C,Savav
CH_Lav,00,1.0,1.0675783475783476,1325.3555555555556,0.47058823529411764,CH,Lav
CH_Lav,01,1.0,1.558518518518518,1321.1173184357542,0.7968253968253969,CH,Lav
CH_Lav,02,0.8571428571428572,0.36581196581196573,1201.9583333333333,0.26086956521739135,CH,Lav
CH_Lav,03,0.8526315789473684,1.194301994301994,1301.6554621848738,0.5174603174603174,CH,Lav
CH_Lav,04,0.9816513761467891,1.4135612535612536,1279.3529411764705,0.60625,CH,Lav
CH_Lav,05,0.9666666666666666,1.5083760683760683,1333.0675675675675,0.6838709677419355,CH,Lav
CH_Lav,06,0.6344086021505377,1.4142450142450143,1341.4873949579833,0.5927272727272728,CH,Lav
CH_Lav,07,0.6692913385826771,1.357264957264957,1347.0955882352941,0.6258064516129032,CH,Lav
CH_Lav,08,1.0,1.4288319088319088,1367.5300546448088,0.7580645161290323,CH,Lav
CH_Lav,09,0.9268292682926829,1.3445014245014246,1360.4485294117646,0.6655737704918033,CH,Lav
CH_Lav,10,1.0,0.8868376068376068,1266.4408602150538,0.509090909090909,CH,Lav
CH_Lav,11,1.0,1.464159544159544,1360.1333333333334,0.6459016393442623,CH,Lav
CH_Lav,12,1.0,1.4536752136752134,1349.0639534883721,0.7303030303030302,CH,Lav
CH_Lav,13,1.0,0.16683760683760676,1208.2,0.5142857142857142,CH,Lav
CH_Lav,14,0.8484848484848484,0.7179487179487178,1313.9354838709678,0.49090909090909085,CH,Lav
CH_Lav,15,1.0,1.1218233618233617,1314.1132075471698,0.5387755102040817,CH,Lav
CH_Lav,16,0.7241379310344827,1.1003988603988601,1320.7603305785124,0.4507462686567164,CH,Lav
CH_Lav,17,0.5714285714285714,0.1761823361823362,1152.0,0.4666666666666667,CH,Lav
CH_Lav,18,1.0,1.5122507122507118,1413.8024691358025,0.7147058823529412,CH,Lav
CH_Lav,19,0.75,0.3357264957264956,1209.7142857142858,0.47999999999999987,CH,Lav
CH_Lav,20,0.24137931034482762,1.1849572649572648,1178.1702127659576,0.19111111111111134,CH,Lav
CH_Lav,21,0.6666666666666667,0.9577207977207974,1336.04,0.32363636363636383,CH,Lav
CH_Lav,22,-0.5081967213114754,0.8722507122507122,1200.9555555555555,0.2909090909090909,CH,Lav
CH_Lav,23,1.0,1.3198860398860397,1399.9485294117646,0.6225806451612903,CH,Lav
CH_Lav,24,0.676056338028169,1.4548148148148148,1413.1954887218046,0.6271186440677966,CH,Lav
CH_Lav,25,0.5,1.1473504273504274,1366.9066666666668,0.34545454545454535,CH,Lav
CH_Lav,26,0.9090909090909092,1.2207407407407407,1354.0,0.5307692307692307,CH,Lav
CH_Lav,27,1.0,1.0764672364672365,1324.3253012048192,0.4627450980392156,CH,Lav
CH_Lav,28,0.6296296296296295,0.3507692307692307,1286.7407407407406,0.44285714285714284,CH,Lav
CH_Lav,29,-1.0,-0.033732193732193896,nan,0.7,CH,Lav
CH_Lav,30,0.7922077922077921,0.8697435897435897,1264.7567567567567,0.3749999999999999,CH,Lav
CH_Lav,31,0.7884615384615385,1.3155555555555556,1366.725352112676,0.667741935483871,CH,Lav
CH_Lav,32,-0.6521739130434783,0.4829629629629627,1316.5625,0.29230769230769227,CH,Lav
CH_Lav,33,0.6216216216216217,1.3187464387464385,1345.6015625,0.5714285714285714,CH,Lav
CH_Lav,34,0.3846153846153846,0.6039886039886041,1293.2340425531916,0.45000000000000007,CH,Lav
CH_Lav,35,1.0,1.3242165242165238,1326.838028169014,0.5507692307692308,CH,Lav
CH_Lav,36,0.9775280898876404,1.3663817663817663,1326.6821705426357,0.6836363636363636,CH,Lav
CH_Lav,37,1.0,1.3308262108262108,1203.31654676259,0.6000000000000001,CH,Lav
CH_Lav,38,0.8999999999999999,0.935156695156695,1419.8,0.3877551020408163,CH,Lav
CH_Lav,39,1.0,1.4263247863247863,1359.6433121019109,0.770909090909091,CH,Lav
CH_Lav,40,1.0,1.4349857549857545,1379.1548387096775,0.6492753623188406,CH,Lav
CH_Lav,41,0.6585365853658536,0.4241595441595442,1272.4117647058824,0.26428571428571423,CH,Lav
CH_Lav,42,0.17241379310344818,1.4281481481481482,1373.2837837837837,0.559375,CH,Lav
CH_Lav,43,1.0,1.4156125356125353,1408.3696969696969,0.7552238805970148,CH,Lav
CH_Lav,44,1.0,1.5546438746438744,1341.0497512437812,0.780281690140845,CH,Lav
CH_Lav,45,0.53125,0.6108262108262108,1213.7843137254902,0.4518518518518517,CH,Lav
CH_Lav,46,1.0,1.4425071225071227,1440.874213836478,0.7442622950819673,CH,Lav
CH_Lav,47,0.36363636363636354,0.6215384615384613,1306.0294117647059,0.3440000000000001,CH,Lav
CH_Lav,48,0.4545454545454546,1.3656980056980057,1352.0,0.5719298245614035,CH,Lav
CH_Lav,49,0.7954545454545454,1.453219373219373,1376.375,0.547945205479452,CH,Lav
CH_Lav,50,1.0,1.691851851851852,1352.5219512195122,0.7291139240506329,CH,Lav
CH_Lav,51,0.7857142857142858,0.6753276353276353,1211.2926829268292,0.4370370370370369,CH,Lav
CH_Lav,52,0.5576923076923077,1.414017094017094,1411.4906832298136,0.6,CH,Lav
CH_Lav,53,0.539568345323741,1.4406837606837606,1371.4341085271317,0.6175438596491227,CH,Lav
CH_Lav,54,0.7536231884057971,1.4662108262108262,1353.48,0.6786885245901639,CH,Lav
CH_Lav,55,1.0,1.4776068376068374,1331.4569536423842,0.5685714285714285,CH,Lav
CH_Lav,56,0.4257425742574257,1.6291737891737887,1392.881443298969,0.6911392405063291,CH,Lav
CH_Lav,57,1.0,1.0147008547008547,1253.3471074380166,0.725,CH,Lav
CH_Lav,58,0.8305084745762712,1.3185185185185186,1251.291338582677,0.7583333333333333,CH,Lav
CH_Lav,59,0.5789473684210527,1.0766951566951566,1350.236559139785,0.49795918367346936,CH,Lav
CH_Lav,60,-0.4285714285714286,0.49207977207977205,1227.0,0.4,CH,Lav
CH_Lav,61,0.9672131147540983,1.277948717948718,1265.3660130718954,0.6482758620689655,CH,Lav
CH_Lav,62,1.0,1.381196581196581,1374.142857142857,0.764,CH,Lav
CH_Lav,63,0.5555555555555556,0.21105413105413093,1239.5,0.33333333333333337,CH,Lav
CH_Lav,64,-0.1724137931034483,1.5398290598290596,1361.4689265536724,0.7432835820895523,CH,Lav
CH_Lav,65,0.5471698113207548,0.9486039886039885,1370.952380952381,0.4413793103448276,CH,Lav
CH_Lav,66,0.8360655737704918,0.9768660968660969,1406.7142857142858,0.4,CH,Lav
CH_Lav,67,1.0,1.4584615384615383,1316.2101910828026,0.715625,CH,Lav
CH_Lav,68,1.0,1.3497435897435897,1318.50625,0.6761904761904762,CH,Lav
CH_Lav,69,0.8717948717948718,1.056866096866097,1318.6153846153845,0.3781818181818183,CH,Lav
CH_Lav,70,1.0,1.5254700854700853,1388.3942857142856,0.7909090909090909,CH,Lav
CH_Lav,71,1.0,0.4011396011396011,1128.0625,0.48888888888888893,CH,Lav
CH_Lav,72,-0.1428571428571429,0.1495156695156694,1041.2,0.2571428571428571,CH,Lav
CH_Lav,73,-0.6666666666666667,0.0729344729344728,1445.6666666666667,0.44999999999999996,CH,Lav
CH_Lav,74,1.0,1.3579487179487177,1331.1,0.7384615384615385,CH,Lav
CH_Lav,75,0.7037037037037037,0.9994301994301994,1387.3870967741937,0.32799999999999996,CH,Lav
CH_Lav,76,1.0,1.338119658119658,1315.0074626865671,0.5796610169491525,CH,Lav
CH_Lav,77,0.1428571428571428,0.023019943019942972,1416.6666666666667,0.44999999999999996,CH,Lav
CH_Lav,78,0.2881355932203389,0.6513960113960112,1259.2272727272727,0.2705882352941176,CH,Lav
CH_Lav,79,0.8795180722891567,1.217321937321937,1387.9611650485438,0.5018181818181817,CH,Lav
CH_Lav,80,0.7904761904761906,1.2635897435897434,1345.1545454545455,0.5377049180327869,CH,Lav
CH_Lav,81,0.6590909090909092,1.3021082621082618,1355.858695652174,0.37142857142857133,CH,Lav
CH_Lav,82,0.05263157894736836,0.8923076923076921,1210.3939393939395,0.2827586206896552,CH,Lav
CH_Lav,83,-0.23880597014925375,1.1373219373219372,1282.4074074074074,0.5866666666666668,CH,Lav
CH_Lav,84,0.7837837837837838,0.9253561253561251,1287.608695652174,0.419047619047619,CH,Lav
CH_Lav,85,1.0,1.406495726495726,1369.1363636363637,0.72,CH,Lav
CH_Lav,86,1.0,1.4431908831908828,1260.6842105263158,0.8344827586206897,CH,Lav
CH_Lav,87,0.9583333333333333,1.5708262108262108,1399.896551724138,0.7569230769230769,CH,Lav
CH_Lav,88,0.9619047619047618,1.1715099715099713,1273.4322033898304,0.5147540983606558,CH,Lav
CH_Lav,89,1.0,1.1904273504273504,1269.1032258064515,0.6830188679245284,CH,Lav
CH_Lav,90,0.9854014598540146,1.567179487179487,1356.5409836065573,0.7342857142857142,CH,Lav
CH_Lav,91,1.0,1.5464387464387463,1387.63687150838,0.7287671232876712,CH,Lav
CH_Lav,92,0.5,1.2701994301994302,1285.9579831932774,0.45483870967741924,CH,Lav
CH_Lav,93,0.24137931034482762,0.6630199430199429,1215.1304347826087,0.3263157894736842,CH,Lav
CH_Lav,94,0.7826086956521738,1.3130484330484329,1306.8761061946902,0.3970149253731343,CH,Lav
CH_Lav,95,-0.39837398373983735,1.0443304843304841,1289.021505376344,0.35932203389830497,CH,Lav
CH_Lav,96,0.5555555555555556,1.004216524216524,1321.1891891891892,0.2483870967741938,CH,Lav
CH_Lav,97,1.0,1.4288319088319086,1265.6882352941177,0.79,CH,Lav
CH_Lav,98,1.0,1.5300284900284895,1320.5,0.7225806451612904,CH,Lav
CH_Lav,99,0.46666666666666656,0.2600569800569798,1113.5625,0.4181818181818181,CH,Lav
CH_Lava,00,1.0,1.5997720797720796,1371.889447236181,0.7789473684210526,CH,Lava
CH_Lava,01,1.0,1.595213675213675,1381.3489583333333,0.7884057971014493,CH,Lava
CH_Lava,02,1.0,1.4224501424501423,1288.5786516853932,0.7821428571428571,CH,Lava
CH_Lava,03,1.0,1.5555555555555556,1348.0631067961165,0.8307692307692307,CH,Lava
CH_Lava,04,0.9487179487179487,1.2184615384615385,1318.6581196581196,0.5310344827586206,CH,Lava
CH_Lava,05,0.9104477611940298,0.9486039886039885,1324.719512195122,0.42727272727272714,CH,Lava
CH_Lava,06,0.9504132231404958,1.447977207977208,1274.1410256410256,0.6333333333333333,CH,Lava
CH_Lava,07,1.0,1.6904843304843307,1332.9811320754718,0.6948717948717948,CH,Lava
CH_Lava,08,1.0,1.4755555555555555,1366.3116883116884,0.7206349206349207,CH,Lava
CH_Lava,09,1.0,1.5065527065527067,1326.1909547738694,0.7478260869565216,CH,Lava
CH_Lava,10,0.5294117647058822,0.8273504273504272,1311.5925925925926,0.4181818181818182,CH,Lava
CH_Lava,11,1.0,1.5473504273504277,1370.1351351351352,0.6623376623376623,CH,Lava
CH_Lava,12,1.0,1.5448433048433046,1334.502538071066,0.7910447761194029,CH,Lava
CH_Lava,13,0.9801980198019802,1.3745868945868944,1361.1960784313726,0.6310344827586207,CH,Lava
CH_Lava,14,1.0,1.5437037037037034,1364.2429906542056,0.7666666666666666,CH,Lava
CH_Lava,15,1.0,1.6120797720797717,1369.673076923077,0.8646153846153846,CH,Lava
CH_Lava,16,0.9811320754716981,1.3025641025641024,1336.2254901960785,0.47213114754098373,CH,Lava
CH_Lava,17,1.0,1.5958974358974356,1392.8894736842105,0.6904109589041096,CH,Lava
CH_Lava,18,1.0,1.4947008547008547,1303.0894736842106,0.7303030303030302,CH,Lava
CH_Lava,19,1.0,1.4331623931623931,1361.3,0.7266666666666667,CH,Lava
CH_Lava,20,1.0,1.54005698005698,1380.942857142857,0.7058823529411764,CH,Lava
CH_Lava,21,0.9215686274509804,1.3495156695156694,1336.4791666666667,0.5587301587301587,CH,Lava
CH_Lava,22,0.9823008849557522,1.5639886039886037,1321.4679802955666,0.8318840579710145,CH,Lava
CH_Lava,23,1.0,1.4147008547008544,1320.2021857923498,0.655072463768116,CH,Lava
CH_Lava,24,0.8541666666666667,1.1778917378917377,1282.138211382114,0.4696969696969697,CH,Lava
CH_Lava,25,1.0,1.6141310541310538,1384.877358490566,0.7317073170731707,CH,Lava
CH_Lava,26,1.0,1.4194871794871793,1347.1842105263158,0.7527272727272727,CH,Lava
CH_Lava,27,0.39534883720930236,1.6576638176638179,1367.855072463768,0.7818181818181817,CH,Lava
CH_Lava,28,1.0,1.5783475783475784,1349.0259067357513,0.744927536231884,CH,Lava
CH_Lava,29,1.0,1.3039316239316239,1353.2747252747254,0.5423076923076923,CH,Lava
CH_Lava,30,1.0,1.5218233618233619,1345.4254143646408,0.7014925373134329,CH,Lava
CH_Lava,31,0.8987341772151898,1.2211965811965813,1339.9636363636364,0.4866666666666667,CH,Lava
CH_Lava,32,1.0,1.538917378917379,1373.0103626943005,0.7391304347826086,CH,Lava
CH_Lava,33,1.0,1.5434757834757835,1386.953488372093,0.7774193548387096,CH,Lava
CH_Lava,34,0.956043956043956,1.43019943019943,1357.5104895104896,0.7275862068965517,CH,Lava
CH_Lava,35,0.8478260869565217,1.3467806267806268,1375.530303030303,0.5774193548387099,CH,Lava
CH_Lava,36,1.0,1.225982905982906,1280.0927835051546,0.43728813559322044,CH,Lava
CH_Lava,37,1.0,1.5184045584045582,1370.6503067484662,0.707936507936508,CH,Lava
CH_Lava,38,0.1558441558441559,1.4466096866096865,1353.1818181818182,0.7278688524590164,CH,Lava
CH_Lava,39,1.0,1.4678062678062678,1304.6761363636363,0.8163934426229509,CH,Lava
CH_Lava,40,1.0,1.4017094017094016,1292.3313609467455,0.7225806451612904,CH,Lava
CH_Lava,41,1.0,1.4958404558404559,1279.375796178344,0.5485714285714287,CH,Lava
CH_Lava,42,1.0,1.3153276353276353,1384.311475409836,0.6464285714285714,CH,Lava
CH_Lava,43,1.0,1.4842165242165242,1425.7757575757576,0.7582089552238807,CH,Lava
CH_Lava,44,-0.44594594594594594,1.2298575498575497,1358.1825396825398,0.5677419354838711,CH,Lava
CH_Lava,45,1.0,1.44,1315.5975609756097,0.7466666666666667,CH,Lava
CH_Lava,46,0.9819819819819819,1.4071794871794872,1378.7218045112782,0.6779661016949153,CH,Lava
CH_Lava,47,1.0,1.5263817663817665,1314.5151515151515,0.7768115942028986,CH,Lava
CH_Lava,48,0.9759036144578312,1.2027350427350427,1259.6631578947367,0.516,CH,Lava
CH_Lava,49,0.9787234042553192,1.28022792022792,1331.268817204301,0.48363636363636364,CH,Lava
CH_Lava,50,0.9344262295081966,0.8939031339031338,1231.063492063492,0.3434782608695651,CH,Lava
CH_Lava,51,1.0,1.5095156695156695,1387.3440860215053,0.7472222222222222,CH,Lava
CH_Lava,52,1.0,1.512934472934473,1361.173184357542,0.7935483870967741,CH,Lava
CH_Lava,53,1.0,1.5341310541310538,1272.3865546218487,0.46363636363636374,CH,Lava
CH_Lava,54,0.803921568627451,1.1824501424501421,1344.4166666666667,0.49629629629629635,CH,Lava
CH_Lava,55,1.0,1.5097435897435896,1339.0581395348838,0.7134328358208955,CH,Lava
CH_Lava,56,1.0,1.5086039886039884,1401.543956043956,0.821875,CH,Lava
CH_Lava,57,0.9736842105263157,1.1977207977207975,1318.7113402061855,0.49629629629629635,CH,Lava
CH_Lava,58,1.0,1.5555555555555558,1400.490291262136,0.7694444444444445,CH,Lava
CH_Lava,59,0.8400000000000001,1.1705982905982906,1369.2990654205607,0.5050847457627119,CH,Lava
CH_Lava,60,1.0,1.4333903133903134,1360.4528301886792,0.6085714285714285,CH,Lava
CH_Lava,61,0.761467889908257,1.4117378917378915,1372.6604938271605,0.6260869565217391,CH,Lava
CH_Lava,62,1.0,1.4242735042735044,1297.3806451612904,0.71,CH,Lava
CH_Lava,63,0.7857142857142858,1.4324786324786323,1368.8993288590605,0.5333333333333333,CH,Lava
CH_Lava,64,1.0,1.6025071225071224,1377.458536585366,0.827027027027027,CH,Lava
CH_Lava,65,1.0,1.3435897435897437,1325.1639344262296,0.5741935483870968,CH,Lava
CH_Lava,66,1.0,1.272934472934473,1355.5461538461539,0.4852941176470589,CH,Lava
CH_Lava,67,1.0,1.277948717948718,1312.9532710280373,0.45245901639344266,CH,Lava
CH_Lava,68,1.0,1.5489458689458688,1397.1128205128205,0.7371428571428571,CH,Lava
CH_Lava,69,0.9615384615384615,0.9182905982905981,1304.2727272727273,0.1842105263157896,CH,Lava
CH_Lava,70,1.0,1.5015384615384613,1352.951724137931,0.7029411764705883,CH,Lava
CH_Lava,71,0.6944444444444444,1.2282621082621081,1356.3069306930693,0.42903225806451606,CH,Lava
CH_Lava,72,1.0,1.4343019943019941,1385.9740932642487,0.7774193548387097,CH,Lava
CH_Lava,73,0.296875,1.3305982905982905,1302.8582677165355,0.48571428571428577,CH,Lava
CH_Lava,74,0.9780219780219781,1.323304843304843,1315.1463414634147,0.5419354838709678,CH,Lava
CH_Lava,75,0.9574468085106382,1.4384045584045584,1320.3164556962026,0.6766666666666667,CH,Lava
CH_Lava,76,1.0,1.388034188034188,1371.9710144927535,0.5969696969696969,CH,Lava
CH_Lava,77,1.0,1.4103703703703703,1384.2551724137932,0.4931506849315067,CH,Lava
CH_Lava,78,0.48672566371681425,1.4967521367521366,1297.842105263158,0.6647058823529413,CH,Lava
CH_Lava,79,-0.45549738219895286,1.3529344729344728,1232.134328358209,0.5586206896551724,CH,Lava
CH_Lava,80,1.0,1.4988034188034187,1331.5367231638418,0.7138461538461538,CH,Lava
CH_Lava,81,0.9805825242718447,1.2196011396011397,1354.1443298969073,0.5294117647058822,CH,Lava
CH_Lava,82,0.9743589743589745,1.063019943019943,1277.2526315789473,0.56,CH,Lava
CH_Lava,83,1.0,1.5555555555555556,1385.5080213903743,0.825,CH,Lava
CH_Lava,84,1.0,1.5653561253561254,1316.2243902439025,0.7444444444444445,CH,Lava
CH_Lava,85,0.9622641509433962,1.438404558404558,1307.718085106383,0.6484848484848484,CH,Lava
CH_Lava,86,0.943661971830986,1.389173789173789,1419.3916666666667,0.6133333333333333,CH,Lava
CH_Lava,87,1.0,1.203190883190883,1365.6915887850466,0.5814814814814815,CH,Lava
CH_Lava,88,1.0,1.4388603988603987,1342.8214285714287,0.706060606060606,CH,Lava
CH_Lava,89,0.8888888888888888,1.6679202279202276,1325.478021978022,0.7297297297297297,CH,Lava
CH_Lava,90,1.0,1.446153846153846,1368.2926829268292,0.7517241379310344,CH,Lava
CH_Lava,91,1.0,1.087179487179487,1326.2204724409448,0.8,CH,Lava
CH_Lava,92,0.9626168224299065,1.4780626780626778,1269.7434210526317,0.7016949152542373,CH,Lava
CH_Lava,93,1.0,1.5127065527065524,1377.3152173913043,0.6945945945945946,CH,Lava
CH_Lava,94,0.9506172839506173,1.4830769230769232,1373.5,0.6983606557377049,CH,Lava
CH_Lava,95,0.7666666666666666,1.5131623931623932,1353.4093567251462,0.7446153846153847,CH,Lava
CH_Lava,96,1.0,1.2314529914529915,1319.294642857143,0.56,CH,Lava
CH_Lava,97,0.9512195121951219,1.2594871794871794,1327.3228346456692,0.5147540983606558,CH,Lava
CH_Lava,98,1.0,1.4413675213675212,1363.8985507246377,0.7206896551724138,CH,Lava
CH_Lava,99,0.927710843373494,1.2594871794871794,1414.4107142857142,0.4838709677419355,CH,Lava
CH_Lvav,00,1.0,1.5922507122507121,1416.5911602209944,0.7416666666666667,CH,Lvav
CH_Lvav,01,0.941747572815534,1.3189743589743588,1331.1923076923076,0.6262295081967213,CH,Lvav
CH_Lvav,02,-0.17874396135265702,1.5309401709401709,1367.8697916666667,0.7797101449275362,CH,Lvav
CH_Lvav,03,1.0,1.5106552706552705,1357.4931506849316,0.65625,CH,Lvav
CH_Lvav,04,0.930232558139535,1.133675213675214,1326.4057971014493,0.3038461538461541,CH,Lvav
CH_Lvav,05,0.8596491228070176,0.8558404558404559,1421.4761904761904,0.310204081632653,CH,Lvav
CH_Lvav,06,0.7876106194690264,1.5158974358974358,1359.6363636363637,0.582857142857143,CH,Lvav
CH_Lvav,07,1.0,1.7164672364672362,1286.3772727272728,0.7428571428571429,CH,Lvav
CH_Lvav,08,0.8125,1.5106552706552705,1372.1467391304348,0.7876923076923077,CH,Lvav
CH_Lvav,09,1.0,1.4466096866096865,1380.0121951219512,0.8210526315789474,CH,Lvav
CH_Lvav,10,0.8620689655172413,1.1081481481481479,1419.1458333333333,0.4413793103448276,CH,Lvav
CH_Lvav,11,1.0,1.5726495726495726,1400.1566265060242,0.6666666666666667,CH,Lvav
CH_Lvav,12,1.0,1.4260968660968658,1325.4,0.7014925373134329,CH,Lvav
CH_Lvav,13,0.04761904761904767,1.1605698005698002,1335.921568627451,0.52,CH,Lvav
CH_Lvav,14,1.0,1.3501994301994302,1277.3664596273293,0.6327868852459017,CH,Lvav
CH_Lvav,15,0.9152542372881356,1.3287749287749286,1343.0977443609022,0.5746031746031747,CH,Lvav
CH_Lvav,16,0.9252336448598131,1.2476353276353274,1356.6875,0.5107692307692308,CH,Lvav
CH_Lvav,17,0.9012345679012346,1.0634757834757833,1226.842105263158,0.4208333333333333,CH,Lvav
CH_Lvav,18,0.627906976744186,1.2569800569800569,1465.840909090909,0.6535714285714286,CH,Lvav
CH_Lvav,19,1.0,1.4023931623931625,1315.707182320442,0.8175438596491228,CH,Lvav
CH_Lvav,20,-0.07086614173228345,1.34017094017094,1360.4105263157894,0.4653846153846154,CH,Lvav
CH_Lvav,21,1.0,1.341082621082621,1351.307142857143,0.6096774193548387,CH,Lvav
CH_Lvav,22,1.0,1.375270655270655,1377.4464285714287,0.7781818181818182,CH,Lvav
CH_Lvav,23,-0.3448275862068966,1.435213675213675,1383.1128205128205,0.725,CH,Lvav
CH_Lvav,24,0.8378378378378379,0.6616524216524214,1264.9117647058824,0.368,CH,Lvav
CH_Lvav,25,0.05084745762711873,1.5427920227920224,1352.5721649484535,0.8412698412698413,CH,Lvav
CH_Lvav,26,1.0,1.465071225071225,1335.8623853211009,0.5584905660377358,CH,Lvav
CH_Lvav,27,0.9775280898876404,1.3166951566951566,1426.562962962963,0.5838709677419356,CH,Lvav
CH_Lvav,28,1.0,1.5231908831908831,1375.0604395604396,0.7625,CH,Lvav
CH_Lvav,29,1.0,1.2674643874643874,1435.8660714285713,0.5789473684210527,CH,Lvav
CH_Lvav,30,1.0,1.5063247863247866,1376.264423076923,0.7617647058823529,CH,Lvav
CH_Lvav,31,0.8914728682170543,1.4584615384615385,1406.2477064220184,0.5180327868852458,CH,Lvav
CH_Lvav,32,1.0,1.3588603988603987,1393.1328671328672,0.6121212121212121,CH,Lvav
CH_Lvav,33,1.0,1.5443874643874644,1358.090909090909,0.7402985074626866,CH,Lvav
CH_Lvav,34,1.0,1.5439316239316236,1328.4108108108107,0.7569230769230769,CH,Lvav
CH_Lvav,35,0.7837837837837838,1.1888319088319086,1416.530612244898,0.48275862068965514,CH,Lvav
CH_Lvav,36,1.0,1.4124216524216524,1424.8082191780823,0.6806451612903226,CH,Lvav
CH_Lvav,37,0.2056737588652482,1.4165242165242165,1375.5615384615385,0.7127272727272727,CH,Lvav
CH_Lvav,38,1.0,1.5402849002849002,1355.2888888888888,0.7098591549295775,CH,Lvav
CH_Lvav,39,0.9565217391304348,1.3376638176638178,1347.3432835820895,0.6724137931034484,CH,Lvav
CH_Lvav,40,1.0,1.3337891737891736,1341.4758620689656,0.8156862745098039,CH,Lvav
CH_Lvav,41,1.0,1.5879202279202278,1387.6703296703297,0.8,CH,Lvav
CH_Lvav,42,0.9534883720930232,1.1316239316239316,1393.6153846153845,0.3111111111111111,CH,Lvav
CH_Lvav,43,1.0,1.3599999999999997,1339.670807453416,0.7517241379310345,CH,Lvav
CH_Lvav,44,1.0,1.4466096866096865,1326.9308176100628,0.6892307692307693,CH,Lvav
CH_Lvav,45,1.0,1.485356125356125,1335.343949044586,0.6984615384615385,CH,Lvav
CH_Lvav,46,0.4920634920634921,1.5840455840455838,1352.7380952380952,0.7428571428571429,CH,Lvav
CH_Lvav,47,1.0,1.3066666666666664,1276.7784810126582,0.6333333333333333,CH,Lvav
CH_Lvav,48,0.9787234042553192,1.4256410256410257,1341.2781954887218,0.6322580645161291,CH,Lvav
CH_Lvav,49,1.0,1.3916809116809117,1316.8014705882354,0.609375,CH,Lvav
CH_Lvav,50,1.0,1.4083190883190881,1338.8129496402878,0.49014084507042255,CH,Lvav
CH_Lvav,51,0.9024390243902438,1.3992022792022794,1405.8857142857144,0.6603174603174604,CH,Lvav
CH_Lvav,52,1.0,1.5897435897435896,1363.6748768472905,0.8189189189189189,CH,Lvav
CH_Lvav,53,0.9626168224299065,1.4575498575498576,1320.2616279069769,0.6696969696969697,CH,Lvav
CH_Lvav,54,0.9325842696629214,1.3618233618233617,1276.8819444444443,0.6266666666666667,CH,Lvav
CH_Lvav,55,1.0,1.4602849002849,1336.142857142857,0.5552238805970149,CH,Lvav
CH_Lvav,56,0.8620689655172413,1.6597150997150996,1314.1915887850466,0.6819277108433734,CH,Lvav
CH_Lvav,57,1.0,1.4805698005698005,1379.4939024390244,0.6903225806451613,CH,Lvav
CH_Lvav,58,0.8613861386138615,1.365242165242165,1313.6907216494844,0.4703703703703703,CH,Lvav
CH_Lvav,59,1.0,1.5945299145299145,1342.6285714285714,0.7138888888888888,CH,Lvav
CH_Lvav,60,1.0,1.6708831908831907,1378.2241379310344,0.7846153846153846,CH,Lvav
CH_Lvav,61,0.9807692307692308,1.4005698005698004,1308.624060150376,0.5114754098360655,CH,Lvav
CH_Lvav,62,0.956989247311828,1.182905982905983,1298.0564516129032,0.4774193548387097,CH,Lvav
CH_Lvav,63,0.9801980198019802,1.4468376068376065,1358.3725490196077,0.6580645161290323,CH,Lvav
CH_Lvav,64,1.0,1.3809686609686609,1423.8311688311687,0.6757575757575758,CH,Lvav
CH_Lvav,65,1.0,1.4584615384615383,1339.886075949367,0.6738461538461539,CH,Lvav
CH_Lvav,66,1.0,1.391908831908832,1359.8980891719746,0.680701754385965,CH,Lvav
CH_Lvav,67,0.9565217391304348,1.417891737891738,1356.7608695652175,0.5710144927536231,CH,Lvav
CH_Lvav,68,1.0,1.464159544159544,1405.1129943502824,0.7352941176470589,CH,Lvav
CH_Lvav,69,1.0,1.5703703703703704,1340.3202247191011,0.6722222222222223,CH,Lvav
CH_Lvav,70,1.0,1.4078632478632476,1287.8609271523178,0.6607142857142857,CH,Lvav
CH_Lvav,71,1.0,1.5209116809116807,1410.6875,0.6521739130434783,CH,Lvav
CH_Lvav,72,1.0,1.4962962962962962,1362.876712328767,0.7161290322580646,CH,Lvav
CH_Lvav,73,1.0,1.2838746438746438,1379.2568807339449,0.6000000000000001,CH,Lvav
CH_Lvav,74,1.0,1.467122507122507,1376.5837837837837,0.809375,CH,Lvav
CH_Lvav,75,0.9230769230769231,1.4406837606837608,1368.5352112676057,0.6262295081967213,CH,Lvav
CH_Lvav,76,1.0,1.4162962962962964,1381.9558823529412,0.274074074074074,CH,Lvav
CH_Lvav,77,1.0,1.6667806267806267,1360.0700934579438,0.7944444444444444,CH,Lvav
CH_Lvav,78,1.0,1.5017663817663818,1293.9559748427673,0.7016949152542373,CH,Lvav
CH_Lvav,79,0.9801980198019802,1.3260398860398859,1405.608,0.5402985074626866,CH,Lvav
CH_Lvav,80,1.0,1.4944729344729342,1383.8098159509202,0.6906249999999999,CH,Lvav
CH_Lvav,81,1.0,1.5585185185185186,1373.259067357513,0.6567567567567567,CH,Lvav
CH_Lvav,82,0.9452054794520548,1.0313390313390314,1292.3214285714287,0.5181818181818181,CH,Lvav
CH_Lvav,83,1.0,1.55988603988604,1352.2746113989638,0.7797101449275362,CH,Lvav
CH_Lvav,84,1.0,1.5813105413105413,1376.9137055837564,0.7583333333333333,CH,Lvav
CH_Lvav,85,0.926605504587156,1.2749857549857548,1386.8809523809523,0.6357142857142857,CH,Lvav
CH_Lvav,86,1.0,1.504045584045584,1348.215053763441,0.8290322580645161,CH,Lvav
CH_Lvav,87,1.0,1.4712250712250712,1331.8658536585365,0.6303030303030303,CH,Lvav
CH_Lvav,88,0.9797979797979799,1.3353846153846152,1345.3232323232323,0.44285714285714284,CH,Lvav
CH_Lvav,89,1.0,1.5498575498575495,1328.0253164556962,0.5972222222222221,CH,Lvav
CH_Lvav,90,1.0,1.3777777777777778,1411.593984962406,0.7418181818181819,CH,Lvav
CH_Lvav,91,1.0,1.3483760683760686,1342.7272727272727,0.69,CH,Lvav
CH_Lvav,92,0.9340659340659341,1.0493447293447293,1322.0533333333333,0.4260869565217389,CH,Lvav
CH_Lvav,93,1.0,1.4673504273504272,1393.6474358974358,0.6281690140845071,CH,Lvav
CH_Lvav,94,0.956989247311828,1.5222792022792022,1375.0919540229886,0.6338028169014085,CH,Lvav
CH_Lvav,95,1.0,1.4755555555555555,1367.3186813186812,0.823728813559322,CH,Lvav
CH_Lvav,96,1.0,1.2275783475783475,1306.7684210526315,0.49090909090909096,CH,Lvav
CH_Lvav,97,1.0,1.3413105413105415,1375.375,0.6323529411764706,CH,Lvav
CH_Lvav,98,1.0,1.5124786324786323,1265.7555555555555,0.73125,CH,Lvav
CH_Lvav,99,0.9285714285714286,1.4673504273504272,1434.06993006993,0.6307692307692307,CH,Lvav
CH_Sav,00,1.0,1.6234757834757838,1385.7178217821781,0.7863013698630137,CH,Sav
CH_Sav,01,1.0,1.503133903133903,1465.4223602484471,0.7353846153846154,CH,Sav
CH_Sav,02,1.0,1.6916239316239314,1393.6780487804879,0.792,CH,Sav
CH_Sav,03,1.0,1.5566951566951566,1320.4424242424243,0.7015873015873016,CH,Sav
CH_Sav,04,0.9816513761467891,1.521367521367521,1362.4941176470588,0.6811594202898551,CH,Sav
CH_Sav,05,1.0,1.0429629629629629,1311.012658227848,0.33333333333333337,CH,Sav
CH_Sav,06,0.7837837837837838,1.2455840455840452,1303.8671875,0.4417910447761194,CH,Sav
CH_Sav,07,0.6216216216216217,1.53002849002849,1326.922619047619,0.7492063492063492,CH,Sav
CH_Sav,08,1.0,1.2574358974358975,1314.1048951048951,0.6063492063492064,CH,Sav
CH_Sav,09,1.0,1.5145299145299145,1416.8162162162162,0.7171428571428571,CH,Sav
CH_Sav,10,1.0,1.5092877492877494,1293.857142857143,0.7627118644067796,CH,Sav
CH_Sav,11,0.25,0.09071225071225077,1368.4,0.5142857142857142,CH,Sav
CH_Sav,12,1.0,1.176980056980057,1350.4893617021276,0.5272727272727273,CH,Sav
CH_Sav,13,1.0,1.6164102564102563,1344.7411167512691,0.7855072463768116,CH,Sav
CH_Sav,14,0.7313432835820894,1.293219373219373,1305.9714285714285,0.6909090909090909,CH,Sav
CH_Sav,15,1.0,1.3536182336182336,1339.657458563536,0.7066666666666668,CH,Sav
CH_Sav,16,1.0,1.572193732193732,1294.301775147929,0.7516129032258065,CH,Sav
CH_Sav,17,1.0,1.5644444444444443,1333.0393258426966,0.7970149253731343,CH,Sav
CH_Sav,18,0.5416666666666667,0.5219373219373219,1337.936170212766,0.35624999999999996,CH,Sav
CH_Sav,19,1.0,1.4657549857549856,1395.0857142857142,0.696969696969697,CH,Sav
CH_Sav,20,1.0,1.3925925925925924,1349.1065573770493,0.603448275862069,CH,Sav
CH_Sav,21,1.0,1.3702564102564103,1307.4276315789473,0.7192982456140351,CH,Sav
CH_Sav,22,1.0,1.2645014245014243,1298.0820895522388,0.6103448275862069,CH,Sav
CH_Sav,23,1.0,1.413333333333333,1384.60989010989,0.7696969696969698,CH,Sav
CH_Sav,24,1.0,1.2353276353276355,1348.1764705882354,0.556,CH,Sav
CH_Sav,25,0.0,-0.04854700854700857,1408.75,0.6000000000000001,CH,Sav
CH_Sav,26,0.9672131147540983,1.4668945868945868,1328.629213483146,0.780952380952381,CH,Sav
CH_Sav,27,0.8,0.6368091168091168,1359.2619047619048,0.30285714285714294,CH,Sav
CH_Sav,28,1.0,1.3727635327635326,1310.3765432098764,0.7423728813559323,CH,Sav
CH_Sav,29,1.0,1.4682621082621083,1399.5875,0.7272727272727273,CH,Sav
CH_Sav,30,0.9666666666666666,1.4039886039886038,1350.8994413407822,0.6985507246376812,CH,Sav
CH_Sav,31,1.0,1.5115669515669516,1330.436274509804,0.7873015873015873,CH,Sav
CH_Sav,32,1.0,1.4568660968660965,1362.563981042654,0.8,CH,Sav
CH_Sav,33,1.0,1.3262678062678062,1297.6903225806452,0.6098360655737705,CH,Sav
CH_Sav,34,1.0,1.238974358974359,1281.9926470588234,0.596551724137931,CH,Sav
CH_Sav,35,1.0,1.6107122507122509,1367.5959595959596,0.844776119402985,CH,Sav
CH_Sav,36,1.0,1.475099715099715,1359.4611650485438,0.7676470588235295,CH,Sav
CH_Sav,37,0.8529411764705883,0.9299145299145298,1441.1168831168832,0.303448275862069,CH,Sav
CH_Sav,38,0.9191919191919191,1.6353276353276351,1305.6236559139784,0.7685714285714286,CH,Sav
CH_Sav,39,1.0,1.478974358974359,1373.7291666666667,0.6870967741935484,CH,Sav
CH_Sav,40,1.0,1.4805698005698007,1341.9595375722542,0.6647887323943662,CH,Sav
CH_Sav,41,1.0,1.2469515669515667,1323.389534883721,0.6666666666666667,CH,Sav
CH_Sav,42,1.0,1.4627920227920228,1357.3121387283236,0.738235294117647,CH,Sav
CH_Sav,43,1.0,0.8581196581196581,1384.5820895522388,0.463157894736842,CH,Sav
CH_Sav,44,1.0,1.5323076923076924,1375.0310880829015,0.796969696969697,CH,Sav
CH_Sav,45,1.0,1.6104843304843304,1366.0104166666667,0.7351351351351352,CH,Sav
CH_Sav,46,1.0,1.3941880341880344,1354.593023255814,0.7964285714285715,CH,Sav
CH_Sav,47,1.0,1.4917378917378918,1309.5326086956522,0.7727272727272727,CH,Sav
CH_Sav,48,0.8400000000000001,0.15817663817663796,1388.6470588235295,0.2588235294117647,CH,Sav
CH_Sav,49,0.8235294117647058,1.5067806267806267,1363.9885714285715,0.7164179104477612,CH,Sav
CH_Sav,50,1.0,1.4880911680911681,1337.2247191011236,0.780952380952381,CH,Sav
CH_Sav,51,1.0,1.423361823361823,1277.3598130841121,0.796875,CH,Sav
CH_Sav,52,1.0,1.5692307692307692,1311.321608040201,0.8057142857142857,CH,Sav
CH_Sav,53,-0.27710843373493976,0.8011396011396009,1332.7758620689656,0.3297297297297297,CH,Sav
CH_Sav,54,1.0,1.6638176638176636,1367.648401826484,0.7864864864864864,CH,Sav
CH_Sav,55,0.9639639639639639,1.2695156695156695,1295.1627906976744,0.564516129032258,CH,Sav
CH_Sav,56,1.0,1.4896866096866097,1313.3743016759777,0.8206896551724138,CH,Sav
CH_Sav,57,0.9154929577464788,0.8072934472934472,1309.8955223880596,0.3999999999999999,CH,Sav
CH_Sav,58,1.0,1.5252421652421653,1348.6033519553073,0.7441176470588236,CH,Sav
CH_Sav,59,1.0,1.3417663817663819,1385.2042253521126,0.6203389830508474,CH,Sav
CH_Sav,60,0.766990291262136,1.2583475783475782,1298.5597014925372,0.6067796610169491,CH,Sav
CH_Sav,61,0.8974358974358974,0.4854700854700853,1270.4375,0.28148148148148144,CH,Sav
CH_Sav,62,1.0,1.4099145299145295,1420.2638036809815,0.7838709677419355,CH,Sav
CH_Sav,63,1.0,1.3693447293447292,1391.6119402985075,0.5114285714285713,CH,Sav
CH_Sav,64,1.0,1.6031908831908832,1299.0209424083769,0.7295774647887324,CH,Sav
CH_Sav,65,1.0,1.54005698005698,1361.7562189054727,0.8,CH,Sav
CH_Sav,66,1.0,1.5845014245014242,1330.531100478469,0.8028985507246377,CH,Sav
CH_Sav,67,1.0,1.6635897435897435,1326.42600896861,0.8106666666666666,CH,Sav
CH_Sav,68,0.9375,1.2626780626780627,1306.4626865671642,0.6491228070175439,CH,Sav
CH_Sav,69,1.0,1.5136182336182333,1295.6940639269405,0.788235294117647,CH,Sav
CH_Sav,70,1.0,1.5566951566951566,1418.9852216748768,0.7573333333333333,CH,Sav
CH_Sav,71,1.0,1.3985185185185187,1288.8231707317073,0.6888888888888889,CH,Sav
CH_Sav,72,1.0,1.311225071225071,1366.1304347826087,0.6415094339622642,CH,Sav
CH_Sav,73,1.0,1.5512250712250713,1352.9109947643979,0.7222222222222222,CH,Sav
CH_Sav,74,0.9545454545454546,1.0846723646723646,1360.378640776699,0.5800000000000001,CH,Sav
CH_Sav,75,1.0,1.4953846153846153,1402.8121546961327,0.793939393939394,CH,Sav
CH_Sav,76,1.0,1.572193732193732,1311.707182320442,0.834920634920635,CH,Sav
CH_Sav,77,1.0,1.4894586894586892,1379.486033519553,0.7164179104477612,CH,Sav
CH_Sav,78,1.0,1.5414245014245014,1352.1774193548388,0.7402985074626866,CH,Sav
CH_Sav,79,1.0,1.4370370370370371,1346.578947368421,0.6732394366197183,CH,Sav
CH_Sav,80,1.0,1.4434188034188034,1330.8742857142856,0.7709677419354839,CH,Sav
CH_Sav,81,1.0,1.3235327635327634,1352.6373626373627,0.41587301587301606,CH,Sav
CH_Sav,82,1.0,1.516125356125356,1284.1686746987953,0.7301587301587302,CH,Sav
CH_Sav,83,1.0,1.458005698005698,1383.2925170068027,0.6698412698412699,CH,Sav
CH_Sav,84,1.0,1.5063247863247866,1360.128205128205,0.7129032258064516,CH,Sav
CH_Sav,85,1.0,1.489230769230769,1326.0253807106599,0.8350877192982455,CH,Sav
CH_Sav,86,0.963302752293578,1.4666666666666663,1306.0169491525423,0.6216216216216216,CH,Sav
CH_Sav,87,-0.26315789473684215,1.3479202279202278,1322.1575342465753,0.7087719298245614,CH,Sav
CH_Sav,88,1.0,1.4723646723646722,1350.3591549295775,0.5444444444444445,CH,Sav
CH_Sav,89,1.0,1.5555555555555551,1383.6187845303868,0.7605633802816901,CH,Sav
CH_Sav,90,1.0,1.4397720797720799,1350.1715976331361,0.7661016949152543,CH,Sav
CH_Sav,91,0.33333333333333326,0.0633618233618234,894.75,0.4,CH,Sav
CH_Sav,92,0.8787878787878789,1.2227920227920228,1303.3057851239669,0.5438596491228069,CH,Sav
CH_Sav,93,1.0,1.5979487179487177,1399.3793103448277,0.8112676056338028,CH,Sav
CH_Sav,94,0.956989247311828,1.2143589743589742,1343.5661764705883,0.6909090909090909,CH,Sav
CH_Sav,95,1.0,1.5279772079772078,1393.8488372093022,0.7492537313432835,CH,Sav
CH_Sav,96,1.0,1.56034188034188,1343.995391705069,0.826865671641791,CH,Sav
CH_Sav,97,0.945945945945946,1.3647863247863246,1368.570588235294,0.6521739130434783,CH,Sav
CH_Sav,98,1.0,1.3645584045584043,1311.364161849711,0.7543859649122806,CH,Sav
CH_Sav,99,1.0,1.128205128205128,1241.129411764706,0.34615384615384615,CH,Sav
CH_Savav,00,0.32413793103448274,1.5254700854700858,1327.3935185185185,0.7940298507462686,CH,Savav
CH_Savav,01,0.5416666666666667,0.6468376068376067,1412.093023255814,0.2848484848484848,CH,Savav
CH_Savav,02,0.52,1.2594871794871794,1393.6846846846847,0.5857142857142856,CH,Savav
CH_Savav,03,1.0,1.0623361823361823,1287.7555555555555,0.4693877551020408,CH,Savav
CH_Savav,04,0.8392857142857142,1.491054131054131,1391.2679738562092,0.7264705882352942,CH,Savav
CH_Savav,05,0.8840579710144927,0.89025641025641,1331.5975609756097,0.45499999999999996,CH,Savav
CH_Savav,06,0.7590361445783131,1.0737321937321935,1302.3068181818182,0.3548387096774194,CH,Savav
CH_Savav,07,1.0,1.5206837606837604,1326.42,0.7864406779661017,CH,Savav
CH_Savav,08,0.5714285714285714,0.5852991452991452,1364.7826086956522,0.31304347826086965,CH,Savav
CH_Savav,09,0.09090909090909083,0.11304843304843298,1225.909090909091,0.4,CH,Savav
CH_Savav,10,1.0,1.423133903133903,1342.0,0.7,CH,Savav
CH_Savav,11,0.8585858585858586,1.3242165242165238,1297.5042016806722,0.4434782608695653,CH,Savav
CH_Savav,12,1.0,1.5122507122507123,1364.3885714285714,0.778125,CH,Savav
CH_Savav,13,0.5172413793103448,1.2797720797720797,1379.3362831858408,0.5220338983050847,CH,Savav
CH_Savav,14,0.30434782608695654,0.9884900284900285,1362.3214285714287,0.2153846153846154,CH,Savav
CH_Savav,15,0.673913043478261,1.1968091168091168,1301.575,0.5473684210526316,CH,Savav
CH_Savav,16,0.9439252336448598,1.3862108262108261,1283.2543859649122,0.48813559322033895,CH,Savav
CH_Savav,17,0.8961038961038961,0.9465527065527064,1295.890410958904,0.38367346938775504,CH,Savav
CH_Savav,18,0.9148936170212767,1.288888888888889,1316.282894736842,0.5636363636363636,CH,Savav
CH_Savav,19,1.0,0.04376068376068366,761.5,0.32000000000000006,CH,Savav
CH_Savav,20,0.8461538461538463,1.0953846153846152,1323.8958333333333,0.39310344827586197,CH,Savav
CH_Savav,21,-0.06569343065693434,1.305071225071225,1412.344262295082,0.6413793103448276,CH,Savav
CH_Savav,22,0.43065693430656937,1.3558974358974358,1342.9098360655737,0.5180327868852459,CH,Savav
CH_Savav,23,0.9259259259259258,0.7095156695156695,1229.4545454545455,0.35882352941176465,CH,Savav
CH_Savav,24,0.9152542372881356,1.6417094017094016,1365.4,0.7714285714285715,CH,Savav
CH_Savav,25,0.9555555555555555,1.2036467236467236,1313.7542372881355,0.6326530612244898,CH,Savav
CH_Savav,26,1.0,1.5252421652421653,1353.4367816091954,0.6684931506849315,CH,Savav
CH_Savav,27,1.0,1.3135042735042735,1348.2016129032259,0.78,CH,Savav
CH_Savav,28,0.8823529411764706,0.7448433048433049,1197.031746031746,0.6,CH,Savav
CH_Savav,29,0.8736842105263158,1.1286609686609685,1272.830357142857,0.4655172413793104,CH,Savav
CH_Savav,30,1.0,1.5409686609686608,1359.5056818181818,0.8,CH,Savav
CH_Savav,31,0.46341463414634143,1.2330484330484328,1332.547619047619,0.3292307692307693,CH,Savav
CH_Savav,32,1.0,0.5873504273504273,1265.4074074074074,0.2666666666666666,CH,Savav
CH_Savav,33,1.0,1.4429629629629628,1351.9602649006622,0.6411764705882352,CH,Savav
CH_Savav,34,-0.5,0.056068376068376086,nan,0.4,CH,Savav
CH_Savav,35,0.8076923076923077,1.36022792022792,1356.365671641791,0.6098360655737705,CH,Savav
CH_Savav,36,0.4285714285714286,0.7633048433048433,1390.351851851852,0.33333333333333326,CH,Savav
CH_Savav,37,0.14074074074074083,1.0962962962962963,1284.8582677165355,0.42413793103448283,CH,Savav
CH_Savav,38,0.9753086419753085,1.1954415954415953,1305.7652173913043,0.48,CH,Savav
CH_Savav,39,0.9550561797752808,1.2398860398860398,1305.938775510204,0.5446153846153846,CH,Savav
CH_Savav,40,0.8636363636363635,1.0235897435897436,1428.287234042553,0.4703703703703703,CH,Savav
CH_Savav,41,1.0,1.5788034188034186,1403.6610169491526,0.7650793650793651,CH,Savav
CH_Savav,42,0.09090909090909083,0.677150997150997,1394.9310344827586,0.3076923076923077,CH,Savav
CH_Savav,43,0.9830508474576272,1.2977777777777777,1348.0743801652893,0.5927272727272728,CH,Savav
CH_Savav,44,1.0,1.3584045584045585,1317.2289156626507,0.7047619047619048,CH,Savav
CH_Savav,45,0.8717948717948718,0.9242165242165241,1285.712765957447,0.3653846153846154,CH,Savav
CH_Savav,46,1.0,1.5204558404558404,1348.4367816091954,0.6648648648648648,CH,Savav
CH_Savav,47,0.883495145631068,1.5876923076923075,1384.1173184357542,0.7828571428571428,CH,Savav
CH_Savav,48,0.07042253521126751,1.0053561253561252,1330.9,0.4538461538461538,CH,Savav
CH_Savav,49,0.4864864864864864,1.1086039886039885,1337.904761904762,0.33442622950819667,CH,Savav
CH_Savav,50,0.4285714285714286,0.9274074074074072,1414.0,0.3135135135135134,CH,Savav
CH_Savav,51,0.0,-0.025982905982905993,nan,0.6,CH,Savav
CH_Savav,52,0.7,0.5251282051282051,1288.3235294117646,0.32307692307692304,CH,Savav
CH_Savav,53,0.8918918918918919,1.3207977207977204,1334.3015873015872,0.5060606060606061,CH,Savav
CH_Savav,54,0.7735849056603774,0.9376638176638176,1393.987012987013,0.39591836734693875,CH,Savav
CH_Savav,55,1.0,1.573105413105413,1309.7837837837837,0.6811594202898551,CH,Savav
CH_Savav,56,-0.5087719298245614,1.0301994301994302,1374.3469387755101,0.2594594594594595,CH,Savav
CH_Savav,57,0.5,0.14404558404558393,1003.6666666666666,0.52,CH,Savav
CH_Savav,58,1.0,0.7079202279202279,1348.655737704918,0.593103448275862,CH,Savav
CH_Savav,59,0.6610169491525424,0.9037037037037036,1280.828947368421,0.3608695652173912,CH,Savav
CH_Savav,60,0.15384615384615374,1.2763532763532763,1379.98,0.4379310344827586,CH,Savav
CH_Savav,61,1.0,1.5254700854700851,1332.7356321839081,0.776470588235294,CH,Savav
CH_Savav,62,1.0,1.3725356125356125,1337.427536231884,0.6035714285714285,CH,Savav
CH_Savav,63,0.75,0.08547008547008533,1165.0,0.36,CH,Savav
CH_Savav,64,1.0,1.499031339031339,1365.4630872483222,0.73,CH,Savav
CH_Savav,65,0.631578947368421,1.5042735042735045,1365.1829268292684,0.6776119402985075,CH,Savav
CH_Savav,66,0.6000000000000001,0.792022792022792,1294.4642857142858,0.3421052631578947,CH,Savav
CH_Savav,67,0.894736842105263,0.7414245014245013,1393.1153846153845,0.365,CH,Savav
CH_Savav,68,1.0,1.542108262108262,1280.138888888889,0.76875,CH,Savav
CH_Savav,69,0.9565217391304348,0.9438176638176636,1210.0315789473684,0.5227272727272727,CH,Savav
CH_Savav,70,0.21126760563380276,1.071225071225071,1334.8431372549019,0.2297872340425533,CH,Savav
CH_Savav,71,1.0,1.5535042735042734,1257.821052631579,0.7761194029850746,CH,Savav
CH_Savav,72,0.5652173913043479,1.344045584045584,1314.8785046728972,0.5333333333333334,CH,Savav
CH_Savav,73,1.0,1.435213675213675,1369.7073170731708,0.7746031746031746,CH,Savav
CH_Savav,74,0.9333333333333333,1.1006267806267807,1305.639344262295,0.2719999999999999,CH,Savav
CH_Savav,75,0.45985401459854014,1.4935612535612535,1366.9315068493152,0.6272727272727272,CH,Savav
CH_Savav,76,1.0,1.494017094017094,1346.8848167539268,0.8242424242424242,CH,Savav
CH_Savav,77,0.9743589743589745,1.077150997150997,1268.8846153846155,0.3735849056603773,CH,Savav
CH_Savav,78,0.9591836734693877,1.4443304843304843,1393.3541666666667,0.6433333333333333,CH,Savav
CH_Savav,79,-1.0,-0.1417663817663818,nan,1.0,CH,Savav
CH_Savav,80,1.0,1.5753846153846156,1396.3622448979593,0.7633802816901409,CH,Savav
CH_Savav,81,0.7297297297297298,0.8193732193732193,1234.5,0.5935483870967743,CH,Savav
CH_Savav,82,1.0,1.093105413105413,1289.784,0.6392156862745098,CH,Savav
CH_Savav,83,0.9101123595505618,1.1920227920227917,1276.328244274809,0.6,CH,Savav
CH_Savav,84,0.925,1.0279202279202277,1263.3720930232557,0.41999999999999993,CH,Savav
CH_Savav,85,1.0,1.2964102564102564,1276.8345323741007,0.7647058823529412,CH,Savav
CH_Savav,86,0.07692307692307687,0.8175498575498573,1369.9736842105262,0.24705882352941178,CH,Savav
CH_Savav,87,0.8644067796610169,0.6926495726495726,1326.2894736842106,0.18918918918918914,CH,Savav
CH_Savav,88,0.6428571428571428,0.3849572649572649,1245.3809523809523,0.4,CH,Savav
CH_Savav,89,0.7662337662337662,0.9720797720797719,1332.7125,0.4159999999999999,CH,Savav
CH_Savav,90,0.9607843137254901,1.4176638176638174,1293.0684931506848,0.5628571428571428,CH,Savav
CH_Savav,91,0.8390804597701149,1.4659829059829057,1410.83125,0.684375,CH,Savav
CH_Savav,92,1.0,-0.04535612535612538,nan,0.7,CH,Savav
CH_Savav,93,0.5185185185185186,0.7817663817663818,1387.1636363636364,0.27234042553191484,CH,Savav
CH_Savav,94,0.7777777777777777,0.7377777777777778,1326.0,0.46896551724137936,CH,Savav
CH_Savav,95,0.8526315789473684,1.1712820512820512,1296.3162393162393,0.5035714285714286,CH,Savav
CH_Savav,96,1.0,1.418119658119658,1342.5753424657535,0.7147540983606557,CH,Savav
CH_Savav,97,0.894736842105263,1.0915099715099714,1330.381443298969,0.5583333333333333,CH,Savav
CH_Savav,98,0.4545454545454546,0.06427350427350421,1229.2,0.37777777777777777,CH,Savav
CH_Savav,99,1.0,1.3925925925925924,1317.618320610687,0.5936507936507938,CH,Savav
