,model_type,n,alpha,l1_ratio,max_iter,n_estimators,max_features,max_depth,min_samples_split,min_samples_leaf,bootstrap,C,epsilon,kernel,activation,hidden_layer_sizes,solver
f11be917-10a9-40ea-965d-49c8d99948da,MLR,499,0.0010000000000000002,0.1,10000.0,,,,,,,,,,,,
becfee13-50d1-4a0b-88a6-d7de53e29689,MLR,499,0.0316227766016838,0.55,10000.0,,,,,,,,,,,,
d360f501-f351-4b1b-b922-f615f4c3b133,MLR,499,0.1778279410038923,0.325,10000.0,,,,,,,,,,,,
81b9d9b9-db26-4ce5-bb63-24751b8585ea,MLR,499,0.005623413251903493,0.775,10000.0,,,,,,,,,,,,
c4051a6c-68c0-48ef-8ccc-78c319796368,MLR,499,0.013335214321633242,0.4375,10000.0,,,,,,,,,,,,
ea004eee-f722-4f9d-b6ab-f2a1690e530c,MLR,499,0.4216965034285822,0.8875,10000.0,,,,,,,,,,,,
ea0bba8a-1c88-4b8e-9f62-2b13abd9335f,MLR,499,0.07498942093324559,0.21250000000000002,10000.0,,,,,,,,,,,,
6c80c731-ad26-4647-adba-a4f3c36e031d,MLR,499,0.002371373705661656,0.6625,10000.0,,,,,,,,,,,,
7045603a-663b-41f4-ad72-530a8ed911e4,MLR,499,0.003651741272548378,0.38125,10000.0,,,,,,,,,,,,
ab9cb56f-44ca-4106-9565-18150638b3f0,MLR,499,0.11547819846894583,0.83125,10000.0,,,,,,,,,,,,
900cc751-af12-43cc-9930-4424164cc5f4,MLR,499,0.6493816315762113,0.15625,10000.0,,,,,,,,,,,,
d8ba09c6-f179-4a14-9b76-f44d1af2306d,MLR,499,0.020535250264571463,0.60625,10000.0,,,,,,,,,,,,
0cdccd18-fe71-4ad2-962d-4935725c0341,MLR,499,0.008659643233600656,0.26875000000000004,10000.0,,,,,,,,,,,,
bf1a2c3c-e0ed-483c-b0c7-8bbce5253df6,MLR,499,0.27384196342643613,0.71875,10000.0,,,,,,,,,,,,
67dc4415-8128-4546-b92b-db9e04736ac0,MLR,499,0.04869675251658631,0.49375,10000.0,,,,,,,,,,,,
4cb07c47-96c8-4273-ab48-7f38bc3f9441,MLR,499,0.0015399265260594922,0.94375,10000.0,,,,,,,,,,,,
c7903cd9-f7f3-4c02-b1ff-192f9feac138,RF,499,,,,1.0,0.010000000000000004,1.0,0.010000000000000004,0.010000000000000004,True,,,,,,
4efad83b-c087-4892-858e-9021adda0aeb,RF,499,,,,1.0,0.010000000000000004,1.0,0.010000000000000004,0.010000000000000004,False,,,,,,
e43be6e6-9945-45b8-b79f-19f9fde1878d,RF,499,,,,50.0,0.10000000000000002,50.0,0.10000000000000002,0.10000000000000002,True,,,,,,
24839ef4-5a6a-4631-b7ec-d5ba2e680c9d,RF,499,,,,50.0,0.10000000000000002,50.0,0.10000000000000002,0.10000000000000002,False,,,,,,
47d828c2-0131-482e-9619-0a3fd15f74ab,RF,499,,,,75.0,0.0316227766016838,26.0,0.0316227766016838,0.31622776601683805,True,,,,,,
3de68ff7-61e0-47a7-b860-24cef4ae23f9,RF,499,,,,75.0,0.0316227766016838,26.0,0.0316227766016838,0.31622776601683805,False,,,,,,
64ea9e7c-aa74-442b-9327-9f4cbcc836a9,RF,499,,,,26.0,0.31622776601683805,75.0,0.31622776601683805,0.0316227766016838,True,,,,,,
70a348ae-dd85-4728-8ca8-a4f4d316ee8f,RF,499,,,,26.0,0.31622776601683805,75.0,0.31622776601683805,0.0316227766016838,False,,,,,,
829bca3b-aa4c-4ac9-9b0a-8a151cbf0087,RF,499,,,,38.0,0.05623413251903493,63.0,0.562341325190349,0.05623413251903493,True,,,,,,
299e39aa-d10b-46f4-a2af-96479c3ab079,RF,499,,,,38.0,0.05623413251903493,63.0,0.562341325190349,0.05623413251903493,False,,,,,,
b6e31fac-d87a-4718-b8a5-e6e4940b71fa,RF,499,,,,88.0,0.562341325190349,13.0,0.05623413251903493,0.562341325190349,True,,,,,,
980117af-99b7-4ee4-8daf-988df56b1e90,RF,499,,,,88.0,0.562341325190349,13.0,0.05623413251903493,0.562341325190349,False,,,,,,
29ff57f7-8cb5-4416-8e4b-d95d6ec24791,RF,499,,,,63.0,0.017782794100389243,88.0,0.1778279410038923,0.1778279410038923,True,,,,,,
e3c669d5-ab39-47dc-b6a2-f972971b49c3,RF,499,,,,63.0,0.017782794100389243,88.0,0.1778279410038923,0.1778279410038923,False,,,,,,
53aad1c8-3a3b-4485-9416-f5fa281f09ff,RF,499,,,,13.0,0.1778279410038923,38.0,0.017782794100389243,0.017782794100389243,True,,,,,,
feac2858-1d74-49df-a02a-add2fea902ca,RF,499,,,,13.0,0.1778279410038923,38.0,0.017782794100389243,0.017782794100389243,False,,,,,,
b52f0ae4-1e7a-4ce1-8a3c-376a23bc41b4,RF,499,,,,20.0,0.04216965034285824,94.0,0.07498942093324559,0.13335214321633243,True,,,,,,
3f280347-6790-4fda-850d-be5ec5af9027,RF,499,,,,20.0,0.04216965034285824,94.0,0.07498942093324559,0.13335214321633243,False,,,,,,
fb0e05ba-5deb-4d21-a1ce-5d0556e37074,RF,499,,,,69.0,0.4216965034285822,44.0,0.7498942093324561,0.013335214321633242,True,,,,,,
6067af7d-a76a-4b7b-b403-5daf43fab02c,RF,499,,,,69.0,0.4216965034285822,44.0,0.7498942093324561,0.013335214321633242,False,,,,,,
4feb3b88-c284-4cde-af92-d73397f7a2cb,RF,499,,,,94.0,0.013335214321633242,69.0,0.023713737056616564,0.04216965034285824,True,,,,,,
24071a2f-b844-4cfb-8155-8730e29a62f6,RF,499,,,,94.0,0.013335214321633242,69.0,0.023713737056616564,0.04216965034285824,False,,,,,,
a498c8c0-d1c3-4b1e-8c51-6e1accb096e1,RF,499,,,,44.0,0.13335214321633243,20.0,0.23713737056616557,0.4216965034285822,True,,,,,,
6b3ecf28-0ea5-4540-aaae-17fd00bd3d18,RF,499,,,,44.0,0.13335214321633243,20.0,0.23713737056616557,0.4216965034285822,False,,,,,,
c3a43198-ea85-4703-885f-c201ae189899,RF,499,,,,32.0,0.023713737056616564,32.0,0.13335214321633243,0.7498942093324561,True,,,,,,
96c8d4d4-b49b-4268-9ce5-98369c417d49,RF,499,,,,32.0,0.023713737056616564,32.0,0.13335214321633243,0.7498942093324561,False,,,,,,
a8b5c31c-3544-4902-bc3a-01ac720c5ced,RF,499,,,,81.0,0.23713737056616557,81.0,0.013335214321633242,0.07498942093324559,True,,,,,,
b11d61ce-817d-4ff4-b9ea-71c5d27e0a0a,RF,499,,,,81.0,0.23713737056616557,81.0,0.013335214321633242,0.07498942093324559,False,,,,,,
28f00e29-d90f-4a8e-bc3e-5a5723bff813,RF,499,,,,57.0,0.07498942093324559,7.0,0.4216965034285822,0.023713737056616564,True,,,,,,
6b03f0d3-7b70-46db-a743-9ead09ff65d2,RF,499,,,,57.0,0.07498942093324559,7.0,0.4216965034285822,0.023713737056616564,False,,,,,,
4ca65b6c-d6c0-435d-91db-0fbd9158d103,RF,499,,,,7.0,0.7498942093324561,57.0,0.04216965034285824,0.23713737056616557,True,,,,,,
0a34003a-a79a-4ca1-89bf-afda3f4a019d,RF,499,,,,7.0,0.7498942093324561,57.0,0.04216965034285824,0.23713737056616557,False,,,,,,
b1584a56-5e05-4dbe-8e33-583d2e63a6b7,SVR,499,,,,,,,,,,0.10000000000000002,0.0010000000000000002,linear,,,
406d0fd9-182b-48f9-a325-edcdfb152984,SVR,499,,,,,,,,,,0.10000000000000002,0.0010000000000000002,poly,,,
3532d15b-c2a1-439d-b58f-f0ad64328635,SVR,499,,,,,,,,,,0.10000000000000002,0.0010000000000000002,rbf,,,
37dac35e-a550-4234-a55a-9d6b2739aa7a,SVR,499,,,,,,,,,,0.10000000000000002,0.0010000000000000002,sigmoid,,,
4a0faf04-642b-4f77-93a7-9121b49e5302,SVR,499,,,,,,,,,,3.1622776601683795,0.0316227766016838,linear,,,
c8a7e0ce-ee14-4e70-9588-dc90b3f9175b,SVR,499,,,,,,,,,,3.1622776601683795,0.0316227766016838,poly,,,
2f0557d4-17bd-4270-8604-a1943b3dbf89,SVR,499,,,,,,,,,,3.1622776601683795,0.0316227766016838,rbf,,,
2c225879-5932-4bfb-a2ac-7e4502b43f18,SVR,499,,,,,,,,,,3.1622776601683795,0.0316227766016838,sigmoid,,,
d946d8e9-163a-432d-b09a-37ce577f30c6,SVR,499,,,,,,,,,,17.78279410038923,0.005623413251903493,linear,,,
5afbc09f-bcc4-4d5b-8048-68a28df1adb3,SVR,499,,,,,,,,,,17.78279410038923,0.005623413251903493,poly,,,
7be16050-578c-42af-ad7e-d2ed975ac723,SVR,499,,,,,,,,,,17.78279410038923,0.005623413251903493,rbf,,,
2986b9bc-7927-4281-bece-1bba4ae8970f,SVR,499,,,,,,,,,,17.78279410038923,0.005623413251903493,sigmoid,,,
de4825df-77e6-4880-b685-1688247b132f,SVR,499,,,,,,,,,,0.5623413251903492,0.1778279410038923,linear,,,
7f5643c7-ca6a-4f39-a324-b8915a0c1d31,SVR,499,,,,,,,,,,0.5623413251903492,0.1778279410038923,poly,,,
2ad1c7f4-2881-4dfd-8625-484cf0078501,SVR,499,,,,,,,,,,0.5623413251903492,0.1778279410038923,rbf,,,
d509565a-8ec1-4abe-9cd6-9832ca333ebb,SVR,499,,,,,,,,,,0.5623413251903492,0.1778279410038923,sigmoid,,,
e30fb858-6964-4cfa-8bfe-73f349acfe53,SVR,499,,,,,,,,,,1.3335214321633242,0.013335214321633242,linear,,,
77f122a5-51d8-407e-9fb7-ba3cac1586b4,SVR,499,,,,,,,,,,1.3335214321633242,0.013335214321633242,poly,,,
786dfcb4-4740-4839-a311-a20ccf345214,SVR,499,,,,,,,,,,1.3335214321633242,0.013335214321633242,rbf,,,
c7d2652d-ac5c-44a1-922b-94f0762574d4,SVR,499,,,,,,,,,,1.3335214321633242,0.013335214321633242,sigmoid,,,
8ec33bac-8753-492d-9c48-cb1ab6db164f,SVR,499,,,,,,,,,,42.169650342858226,0.4216965034285822,linear,,,
804938e1-bffe-4e91-b085-f9b7ba028649,SVR,499,,,,,,,,,,42.169650342858226,0.4216965034285822,poly,,,
2ee8e84d-7f7b-44dd-8f99-27ef89018e0e,SVR,499,,,,,,,,,,42.169650342858226,0.4216965034285822,rbf,,,
6b736455-82a4-4759-b82a-4cb421a9cc10,SVR,499,,,,,,,,,,42.169650342858226,0.4216965034285822,sigmoid,,,
6ac23503-8e0e-4015-a7d4-befd03202d6e,SVR,499,,,,,,,,,,7.498942093324559,0.002371373705661656,linear,,,
680571af-761f-4f27-b08e-90f1409292ab,SVR,499,,,,,,,,,,7.498942093324559,0.002371373705661656,poly,,,
c3198259-8b47-4950-bac8-989078bd9c2a,SVR,499,,,,,,,,,,7.498942093324559,0.002371373705661656,rbf,,,
7cf97f5e-a8f8-43bd-b8e1-983ecd729f36,SVR,499,,,,,,,,,,7.498942093324559,0.002371373705661656,sigmoid,,,
4dd720fa-5330-443d-916a-a92abca122e0,SVR,499,,,,,,,,,,0.23713737056616557,0.07498942093324559,linear,,,
84300b1d-f215-4bb1-97d8-4a6234152f5a,SVR,499,,,,,,,,,,0.23713737056616557,0.07498942093324559,poly,,,
e25bb887-6cf9-48da-a5f7-0eab9fa9f4ee,SVR,499,,,,,,,,,,0.23713737056616557,0.07498942093324559,rbf,,,
4cd0a314-7fb8-41ff-8bab-77e7d503de6f,SVR,499,,,,,,,,,,0.23713737056616557,0.07498942093324559,sigmoid,,,
c7788ca1-4692-432c-9c4d-a8967a477c5f,SVR,499,,,,,,,,,,0.3651741272548378,0.008659643233600656,linear,,,
8935adc8-2a5d-4bad-80c5-5bdf41768796,SVR,499,,,,,,,,,,0.3651741272548378,0.008659643233600656,poly,,,
3c5befd3-4c73-4001-9a40-b76340272034,SVR,499,,,,,,,,,,0.3651741272548378,0.008659643233600656,rbf,,,
f6b2f249-ee47-4395-928d-bc5875c7d216,SVR,499,,,,,,,,,,0.3651741272548378,0.008659643233600656,sigmoid,,,
5c25e9cf-28aa-4a22-9b9a-0d6184fbde4b,SVR,499,,,,,,,,,,11.547819846894583,0.27384196342643613,linear,,,
26b0f62f-c41a-4c1d-ab83-a0c7df15556a,SVR,499,,,,,,,,,,11.547819846894583,0.27384196342643613,poly,,,
027bf030-0fd3-4e80-ab31-2f59fd23a862,SVR,499,,,,,,,,,,11.547819846894583,0.27384196342643613,rbf,,,
bda2f0df-76d6-4317-ae31-bd0a793ed22c,SVR,499,,,,,,,,,,11.547819846894583,0.27384196342643613,sigmoid,,,
7012b62b-bce8-4763-9b2d-32ba7f8b6228,SVR,499,,,,,,,,,,64.93816315762116,0.0015399265260594922,linear,,,
44b1d59e-9ec0-4d2d-9e4a-07a2f2c054dc,SVR,499,,,,,,,,,,64.93816315762116,0.0015399265260594922,poly,,,
3ae5c9f8-d597-40f5-a044-954f544daab2,SVR,499,,,,,,,,,,64.93816315762116,0.0015399265260594922,rbf,,,
5de9c9fd-3b4e-4adf-8ff8-ef12d66890c4,SVR,499,,,,,,,,,,64.93816315762116,0.0015399265260594922,sigmoid,,,
6d52e9ed-8d94-4153-90aa-2b01e56f6a7d,SVR,499,,,,,,,,,,2.0535250264571463,0.04869675251658631,linear,,,
c9bae606-cc64-45e8-92a2-04e6edf35c77,SVR,499,,,,,,,,,,2.0535250264571463,0.04869675251658631,poly,,,
d9e4a495-05cc-4494-b697-f850968f81b7,SVR,499,,,,,,,,,,2.0535250264571463,0.04869675251658631,rbf,,,
ae412539-e786-4181-9872-6aec18f969af,SVR,499,,,,,,,,,,2.0535250264571463,0.04869675251658631,sigmoid,,,
b402f61d-cc64-4a34-a61c-3f020dc350bb,SVR,499,,,,,,,,,,0.8659643233600655,0.003651741272548378,linear,,,
4b3ecca7-b3cf-47f2-b05e-e0e7bf199c35,SVR,499,,,,,,,,,,0.8659643233600655,0.003651741272548378,poly,,,
d78dd292-b4c5-4510-989a-d9688d1253fe,SVR,499,,,,,,,,,,0.8659643233600655,0.003651741272548378,rbf,,,
129d0647-82c9-45d3-a352-1aa3b64518af,SVR,499,,,,,,,,,,0.8659643233600655,0.003651741272548378,sigmoid,,,
d580834e-9b85-477e-9a96-7a53d0deeb65,SVR,499,,,,,,,,,,27.384196342643612,0.11547819846894583,linear,,,
59693421-6b33-4e49-bedf-c452b632a8f2,SVR,499,,,,,,,,,,27.384196342643612,0.11547819846894583,poly,,,
a4a48dc1-2dd4-4150-b686-2ef538277f10,SVR,499,,,,,,,,,,27.384196342643612,0.11547819846894583,rbf,,,
c334f4f2-9e56-4bfe-8282-ff78ac5895f5,SVR,499,,,,,,,,,,27.384196342643612,0.11547819846894583,sigmoid,,,
f3d8443a-2d62-41ae-9ed8-beff5798e9da,SVR,499,,,,,,,,,,4.869675251658632,0.020535250264571463,linear,,,
0409c040-7e2f-4fd5-b0d9-50e348f77d19,SVR,499,,,,,,,,,,4.869675251658632,0.020535250264571463,poly,,,
0df87a6d-e1bb-48e7-83c5-a141890dbe7a,SVR,499,,,,,,,,,,4.869675251658632,0.020535250264571463,rbf,,,
99829d89-e30e-457e-803a-cc5f4dea52f9,SVR,499,,,,,,,,,,4.869675251658632,0.020535250264571463,sigmoid,,,
83d31be4-0d10-48a6-a13d-a26f961b61aa,SVR,499,,,,,,,,,,0.15399265260594922,0.6493816315762113,linear,,,
160aab3e-c870-47c1-ac7e-160b16e0e288,SVR,499,,,,,,,,,,0.15399265260594922,0.6493816315762113,poly,,,
767ed61e-b462-4da4-89f0-5e622f7f1a2b,SVR,499,,,,,,,,,,0.15399265260594922,0.6493816315762113,rbf,,,
13c44649-9996-4ab8-996d-ed272d107957,SVR,499,,,,,,,,,,0.15399265260594922,0.6493816315762113,sigmoid,,,
623efd59-a5e5-45c6-b43f-ed7c0e5f06aa,MLP,499,0.00010000000000000009,,1000.0,,,,,,,,,,identity,"(5,)",lbfgs
4a512eca-b52e-40ef-ad02-5ba21379440c,MLP,499,0.00010000000000000009,,1000.0,,,,,,,,,,identity,"(5, 5)",lbfgs
b3ac3850-d448-43b2-a268-45e899e60c6b,MLP,499,0.00010000000000000009,,1000.0,,,,,,,,,,identity,"(5, 10)",lbfgs
61c43e63-e757-422e-a430-61137b4175bf,MLP,499,0.00010000000000000009,,1000.0,,,,,,,,,,identity,"(25,)",lbfgs
fa4f1630-1c17-4064-9b6b-c4beb496e57f,MLP,499,0.00010000000000000009,,1000.0,,,,,,,,,,identity,"(25, 25)",lbfgs
c763107c-9f98-4a0e-829c-877b6e90ecad,MLP,499,0.00010000000000000009,,1000.0,,,,,,,,,,identity,"(25, 50)",lbfgs
f75f95e0-9aba-4b97-8316-3081cb959481,MLP,499,0.00010000000000000009,,1000.0,,,,,,,,,,identity,"(50,)",lbfgs
ad550a59-87d0-485d-bad0-868ab66bdced,MLP,499,0.00010000000000000009,,1000.0,,,,,,,,,,identity,"(50, 25)",lbfgs
f0d9e3b4-a18a-4034-b04b-8436fc1887a7,MLP,499,0.00010000000000000009,,1000.0,,,,,,,,,,identity,"(50, 50)",lbfgs
bc236095-3bb5-480c-a542-621abd09fc3a,MLP,499,0.00010000000000000009,,1000.0,,,,,,,,,,logistic,"(5,)",lbfgs
2b86c99e-a1fa-4618-b3d0-d078ac493582,MLP,499,0.00010000000000000009,,1000.0,,,,,,,,,,logistic,"(5, 5)",lbfgs
167c63cd-8d10-4817-b576-206c64fbfa45,MLP,499,0.00010000000000000009,,1000.0,,,,,,,,,,logistic,"(5, 10)",lbfgs
53705597-2ee9-4c2c-a6ca-166e8d9431d4,MLP,499,0.00010000000000000009,,1000.0,,,,,,,,,,logistic,"(25,)",lbfgs
9d3600e9-2020-4cc9-b541-620ba642a4c0,MLP,499,0.00010000000000000009,,1000.0,,,,,,,,,,logistic,"(25, 25)",lbfgs
363f3486-030b-4bd5-a06f-070307c46d7f,MLP,499,0.00010000000000000009,,1000.0,,,,,,,,,,logistic,"(25, 50)",lbfgs
60622ffb-365d-45b1-8838-c34898ec029f,MLP,499,0.00010000000000000009,,1000.0,,,,,,,,,,logistic,"(50,)",lbfgs
43d797d3-ec07-4381-abef-5852fb233711,MLP,499,0.00010000000000000009,,1000.0,,,,,,,,,,logistic,"(50, 25)",lbfgs
96a0e823-2df8-4cad-a447-1dd43fc91d27,MLP,499,0.00010000000000000009,,1000.0,,,,,,,,,,logistic,"(50, 50)",lbfgs
5d6f64ab-2adb-4a6f-9794-594f2647f8dd,MLP,499,0.00010000000000000009,,1000.0,,,,,,,,,,tanh,"(5,)",lbfgs
5acf35c6-05f0-4273-8a0f-a958d299f2b6,MLP,499,0.00010000000000000009,,1000.0,,,,,,,,,,tanh,"(5, 5)",lbfgs
dcbf5a0e-c06a-4ad6-824d-a03441ce9793,MLP,499,0.00010000000000000009,,1000.0,,,,,,,,,,tanh,"(5, 10)",lbfgs
9538060c-2010-4765-86f8-9fd2ef835da5,MLP,499,0.00010000000000000009,,1000.0,,,,,,,,,,tanh,"(25,)",lbfgs
c88368ac-5b8f-4876-bd9e-ed15f7bc37a0,MLP,499,0.00010000000000000009,,1000.0,,,,,,,,,,tanh,"(25, 25)",lbfgs
137a93f9-3240-424b-ba48-93b7eff6c63c,MLP,499,0.00010000000000000009,,1000.0,,,,,,,,,,tanh,"(25, 50)",lbfgs
12598ea8-8004-401a-bdea-0548105d6dfc,MLP,499,0.00010000000000000009,,1000.0,,,,,,,,,,tanh,"(50,)",lbfgs
2676f088-f8e3-4e51-9e2f-b94bbc76aa73,MLP,499,0.00010000000000000009,,1000.0,,,,,,,,,,tanh,"(50, 25)",lbfgs
d04e545a-f2f2-4020-8af0-883cbf26bfdb,MLP,499,0.00010000000000000009,,1000.0,,,,,,,,,,tanh,"(50, 50)",lbfgs
08ff4ed6-f302-44d2-ad7e-66b2b61f21f2,MLP,499,0.00010000000000000009,,1000.0,,,,,,,,,,relu,"(5,)",lbfgs
591069ee-68c6-49e1-9357-731232ea944f,MLP,499,0.00010000000000000009,,1000.0,,,,,,,,,,relu,"(5, 5)",lbfgs
0e8b2952-3d26-4b48-836f-0e978db28932,MLP,499,0.00010000000000000009,,1000.0,,,,,,,,,,relu,"(5, 10)",lbfgs
c0c01486-c9f5-4db5-8cba-8236c9c0ee17,MLP,499,0.00010000000000000009,,1000.0,,,,,,,,,,relu,"(25,)",lbfgs
25322bb4-b378-413a-93cc-155e5246f58c,MLP,499,0.00010000000000000009,,1000.0,,,,,,,,,,relu,"(25, 25)",lbfgs
7c9c2202-81e6-4735-b632-0fc54c7fbed8,MLP,499,0.00010000000000000009,,1000.0,,,,,,,,,,relu,"(25, 50)",lbfgs
244cbcf6-9a1b-489d-9bc2-ce215cecb3d6,MLP,499,0.00010000000000000009,,1000.0,,,,,,,,,,relu,"(50,)",lbfgs
77fb0a24-483a-414f-8549-e2f6ed36b519,MLP,499,0.00010000000000000009,,1000.0,,,,,,,,,,relu,"(50, 25)",lbfgs
9331c7b7-a499-45f2-9c40-713a9b9be25a,MLP,499,0.00010000000000000009,,1000.0,,,,,,,,,,relu,"(50, 50)",lbfgs
9e46d74e-0799-4e3a-b207-5e8aa1f9ce08,MLP,499,0.010000000000000004,,1000.0,,,,,,,,,,identity,"(5,)",lbfgs
2ea3dd14-0452-4f8f-aef1-e4fe37ef2e07,MLP,499,0.010000000000000004,,1000.0,,,,,,,,,,identity,"(5, 5)",lbfgs
e5f802b4-0b64-454f-b5d2-4eaf90180915,MLP,499,0.010000000000000004,,1000.0,,,,,,,,,,identity,"(5, 10)",lbfgs
ec214b6a-02af-4a57-bb67-b44e797cabdb,MLP,499,0.010000000000000004,,1000.0,,,,,,,,,,identity,"(25,)",lbfgs
55d54367-191e-4158-869c-908068b7356d,MLP,499,0.010000000000000004,,1000.0,,,,,,,,,,identity,"(25, 25)",lbfgs
e638193e-4742-4965-bbe6-dab33e9bcd02,MLP,499,0.010000000000000004,,1000.0,,,,,,,,,,identity,"(25, 50)",lbfgs
cfe20566-fe9b-4e0c-a154-3a5870920eac,MLP,499,0.010000000000000004,,1000.0,,,,,,,,,,identity,"(50,)",lbfgs
61226382-2721-4762-afee-2213dbb504e0,MLP,499,0.010000000000000004,,1000.0,,,,,,,,,,identity,"(50, 25)",lbfgs
f2b010bd-d649-429d-95a7-9a45bd9821cd,MLP,499,0.010000000000000004,,1000.0,,,,,,,,,,identity,"(50, 50)",lbfgs
533d2101-31d0-4695-bc89-5c973aa1780b,MLP,499,0.010000000000000004,,1000.0,,,,,,,,,,logistic,"(5,)",lbfgs
ed25fab9-0eb6-4a69-a41b-54343fe6a0a3,MLP,499,0.010000000000000004,,1000.0,,,,,,,,,,logistic,"(5, 5)",lbfgs
bcd26a76-8f49-40df-b8d1-34b87dbecaf3,MLP,499,0.010000000000000004,,1000.0,,,,,,,,,,logistic,"(5, 10)",lbfgs
b84d276f-97ab-4a7d-894b-234f466de2d6,MLP,499,0.010000000000000004,,1000.0,,,,,,,,,,logistic,"(25,)",lbfgs
1b70ae88-2d06-4542-9469-82cef18ad1dd,MLP,499,0.010000000000000004,,1000.0,,,,,,,,,,logistic,"(25, 25)",lbfgs
c162a85e-421a-435d-8fe3-7b73a09e2fbc,MLP,499,0.010000000000000004,,1000.0,,,,,,,,,,logistic,"(25, 50)",lbfgs
3570d448-da72-427e-b747-786b29dc99fe,MLP,499,0.010000000000000004,,1000.0,,,,,,,,,,logistic,"(50,)",lbfgs
7e96f905-41d2-4088-8ce7-98dbd724d865,MLP,499,0.010000000000000004,,1000.0,,,,,,,,,,logistic,"(50, 25)",lbfgs
cfa72b75-85b2-4f04-b706-99506520fd84,MLP,499,0.010000000000000004,,1000.0,,,,,,,,,,logistic,"(50, 50)",lbfgs
cdf9d7aa-7683-4299-9611-b33fda587fbb,MLP,499,0.010000000000000004,,1000.0,,,,,,,,,,tanh,"(5,)",lbfgs
d839abef-92cb-455e-97cc-88d52baf08ad,MLP,499,0.010000000000000004,,1000.0,,,,,,,,,,tanh,"(5, 5)",lbfgs
e82b03b8-0a9d-4242-bfb5-fe96104c55b2,MLP,499,0.010000000000000004,,1000.0,,,,,,,,,,tanh,"(5, 10)",lbfgs
92b5e39b-7933-449a-978c-e7b0a1039733,MLP,499,0.010000000000000004,,1000.0,,,,,,,,,,tanh,"(25,)",lbfgs
60d97826-313a-4bcb-83b2-2553c47bb82f,MLP,499,0.010000000000000004,,1000.0,,,,,,,,,,tanh,"(25, 25)",lbfgs
ac85c308-a6f9-41a8-bee7-418601e666cf,MLP,499,0.010000000000000004,,1000.0,,,,,,,,,,tanh,"(25, 50)",lbfgs
073d8cf6-0f69-4044-b830-5f7f8ac5fa04,MLP,499,0.010000000000000004,,1000.0,,,,,,,,,,tanh,"(50,)",lbfgs
12f6fbe1-3e78-474a-99dc-0c374fe7e9ca,MLP,499,0.010000000000000004,,1000.0,,,,,,,,,,tanh,"(50, 25)",lbfgs
051a296d-2b26-4a95-8fa2-fae697502c4c,MLP,499,0.010000000000000004,,1000.0,,,,,,,,,,tanh,"(50, 50)",lbfgs
bb18a9b2-4d1f-47bc-bdc0-37ca826a9876,MLP,499,0.010000000000000004,,1000.0,,,,,,,,,,relu,"(5,)",lbfgs
39975f98-f006-4f30-9a8c-d54422bf0d05,MLP,499,0.010000000000000004,,1000.0,,,,,,,,,,relu,"(5, 5)",lbfgs
db95f5ac-07ab-492a-9097-84dbe74c046d,MLP,499,0.010000000000000004,,1000.0,,,,,,,,,,relu,"(5, 10)",lbfgs
3b608ab6-e239-4bd9-a862-c3b16e3212c1,MLP,499,0.010000000000000004,,1000.0,,,,,,,,,,relu,"(25,)",lbfgs
c3c470f6-76b0-4618-bf3a-8f762631144d,MLP,499,0.010000000000000004,,1000.0,,,,,,,,,,relu,"(25, 25)",lbfgs
d1e74561-37ff-4b39-9280-84ffec4adb1b,MLP,499,0.010000000000000004,,1000.0,,,,,,,,,,relu,"(25, 50)",lbfgs
743affab-ff0d-4e39-b56a-edda6661a386,MLP,499,0.010000000000000004,,1000.0,,,,,,,,,,relu,"(50,)",lbfgs
f956697a-863f-429a-8267-4323a91bb48f,MLP,499,0.010000000000000004,,1000.0,,,,,,,,,,relu,"(50, 25)",lbfgs
6ea970a5-6ec0-4205-886e-58bfed96d2c0,MLP,499,0.010000000000000004,,1000.0,,,,,,,,,,relu,"(50, 50)",lbfgs
244c1244-0411-4396-b0ae-5b6725b7ead2,MLP,499,0.10000000000000006,,1000.0,,,,,,,,,,identity,"(5,)",lbfgs
5cb8ae8e-b3ed-495c-847a-c88464fb2dc9,MLP,499,0.10000000000000006,,1000.0,,,,,,,,,,identity,"(5, 5)",lbfgs
caaa0d96-ecfa-44c2-aaab-f3bbcfda9eb4,MLP,499,0.10000000000000006,,1000.0,,,,,,,,,,identity,"(5, 10)",lbfgs
6e7bfa13-92f5-40f8-a394-34b032ac029b,MLP,499,0.10000000000000006,,1000.0,,,,,,,,,,identity,"(25,)",lbfgs
e137fd90-f33c-4d3e-aee0-a762a3ef06dc,MLP,499,0.10000000000000006,,1000.0,,,,,,,,,,identity,"(25, 25)",lbfgs
eeec3ef1-b57a-47a2-b875-3e853b5592f1,MLP,499,0.10000000000000006,,1000.0,,,,,,,,,,identity,"(25, 50)",lbfgs
1b1b30ad-a813-44aa-9357-e963f9810e1c,MLP,499,0.10000000000000006,,1000.0,,,,,,,,,,identity,"(50,)",lbfgs
154f49c5-78eb-43d7-a467-7b626fea5570,MLP,499,0.10000000000000006,,1000.0,,,,,,,,,,identity,"(50, 25)",lbfgs
73f7c9f8-40ca-464e-808f-9c3aef69dc5c,MLP,499,0.10000000000000006,,1000.0,,,,,,,,,,identity,"(50, 50)",lbfgs
6830024a-ba90-4a0e-81e8-b7e870c05e51,MLP,499,0.10000000000000006,,1000.0,,,,,,,,,,logistic,"(5,)",lbfgs
e056e58e-b608-4288-9da4-7d8505f99f23,MLP,499,0.10000000000000006,,1000.0,,,,,,,,,,logistic,"(5, 5)",lbfgs
f3bf2165-e989-441c-8340-b78ee5382a3c,MLP,499,0.10000000000000006,,1000.0,,,,,,,,,,logistic,"(5, 10)",lbfgs
60fa6011-aea6-42d4-9265-4c0079d9253f,MLP,499,0.10000000000000006,,1000.0,,,,,,,,,,logistic,"(25,)",lbfgs
91cd67aa-083c-43ee-85fb-71d740f8504d,MLP,499,0.10000000000000006,,1000.0,,,,,,,,,,logistic,"(25, 25)",lbfgs
cba3b4f6-e6c6-4784-a497-6a902a8ba15e,MLP,499,0.10000000000000006,,1000.0,,,,,,,,,,logistic,"(25, 50)",lbfgs
a06b741f-8ca4-4263-885c-ef4baeff6e01,MLP,499,0.10000000000000006,,1000.0,,,,,,,,,,logistic,"(50,)",lbfgs
34a850dc-81ff-4a34-b9da-f4d2be4c8304,MLP,499,0.10000000000000006,,1000.0,,,,,,,,,,logistic,"(50, 25)",lbfgs
6bf347d2-4a16-4399-a1b9-3b62f37a5dd6,MLP,499,0.10000000000000006,,1000.0,,,,,,,,,,logistic,"(50, 50)",lbfgs
23b6f146-6a4f-45c7-9a51-ad89a0cb0ca8,MLP,499,0.10000000000000006,,1000.0,,,,,,,,,,tanh,"(5,)",lbfgs
27381229-c335-45be-b22b-fde37ff60ddf,MLP,499,0.10000000000000006,,1000.0,,,,,,,,,,tanh,"(5, 5)",lbfgs
c5153785-70cc-4eb6-b380-ae36219b8df8,MLP,499,0.10000000000000006,,1000.0,,,,,,,,,,tanh,"(5, 10)",lbfgs
a017ce4e-9643-4a3b-8604-51fb7fbf2d87,MLP,499,0.10000000000000006,,1000.0,,,,,,,,,,tanh,"(25,)",lbfgs
1bf379c5-8139-4e19-85e0-4cc61ac673e5,MLP,499,0.10000000000000006,,1000.0,,,,,,,,,,tanh,"(25, 25)",lbfgs
5ee1e6d8-0a7c-43fe-9798-719b7f3f84cc,MLP,499,0.10000000000000006,,1000.0,,,,,,,,,,tanh,"(25, 50)",lbfgs
486bb8b0-c5e9-4399-858b-981d4805f2a3,MLP,499,0.10000000000000006,,1000.0,,,,,,,,,,tanh,"(50,)",lbfgs
ef8e8ef4-a081-4644-9655-aa44a9e002e2,MLP,499,0.10000000000000006,,1000.0,,,,,,,,,,tanh,"(50, 25)",lbfgs
fa6fbb16-cfe3-47ce-8183-7419504316b6,MLP,499,0.10000000000000006,,1000.0,,,,,,,,,,tanh,"(50, 50)",lbfgs
9acb4294-8a33-41d3-ba70-8127bc58cfe0,MLP,499,0.10000000000000006,,1000.0,,,,,,,,,,relu,"(5,)",lbfgs
a730d1e6-a45f-4f42-957f-e1b536599ee7,MLP,499,0.10000000000000006,,1000.0,,,,,,,,,,relu,"(5, 5)",lbfgs
421cc2a8-0f11-429f-ad6a-196d79bc4514,MLP,499,0.10000000000000006,,1000.0,,,,,,,,,,relu,"(5, 10)",lbfgs
890d862f-00c0-415d-b32f-2c10c084e106,MLP,499,0.10000000000000006,,1000.0,,,,,,,,,,relu,"(25,)",lbfgs
bfca3a2c-3633-43ce-bef5-22c3ccd8d2c4,MLP,499,0.10000000000000006,,1000.0,,,,,,,,,,relu,"(25, 25)",lbfgs
5b6ae898-a2b4-4606-9383-032c46127c7e,MLP,499,0.10000000000000006,,1000.0,,,,,,,,,,relu,"(25, 50)",lbfgs
3da1c8ab-a6eb-457a-a2b4-b3d3c4eb65cb,MLP,499,0.10000000000000006,,1000.0,,,,,,,,,,relu,"(50,)",lbfgs
8c2484b1-cd1b-4f0b-a7ca-0631867f4aef,MLP,499,0.10000000000000006,,1000.0,,,,,,,,,,relu,"(50, 25)",lbfgs
15ef46c1-e673-4cee-a9e3-3c7eafeea503,MLP,499,0.10000000000000006,,1000.0,,,,,,,,,,relu,"(50, 50)",lbfgs
87cb26bd-b7b3-4b2a-b465-f4f361f82d1b,MLP,499,0.0010000000000000002,,1000.0,,,,,,,,,,identity,"(5,)",lbfgs
feed0cf1-43cf-45e4-bd0e-1faaae100f81,MLP,499,0.0010000000000000002,,1000.0,,,,,,,,,,identity,"(5, 5)",lbfgs
2e99dcac-e4da-4d7b-924d-209fb948c3a8,MLP,499,0.0010000000000000002,,1000.0,,,,,,,,,,identity,"(5, 10)",lbfgs
7d3c0f3f-177e-46d1-a8b7-0818346bc4f6,MLP,499,0.0010000000000000002,,1000.0,,,,,,,,,,identity,"(25,)",lbfgs
987aad18-1794-442b-b4b7-b46ca6f66b45,MLP,499,0.0010000000000000002,,1000.0,,,,,,,,,,identity,"(25, 25)",lbfgs
0295d262-03f3-463e-93f2-89c21077806c,MLP,499,0.0010000000000000002,,1000.0,,,,,,,,,,identity,"(25, 50)",lbfgs
118d06ab-db22-49c8-bc14-c7896ac3b5d9,MLP,499,0.0010000000000000002,,1000.0,,,,,,,,,,identity,"(50,)",lbfgs
8860187e-ef17-45ee-af5d-1db5cef781c1,MLP,499,0.0010000000000000002,,1000.0,,,,,,,,,,identity,"(50, 25)",lbfgs
0b6a07d0-3c75-4bce-b12f-4bbc98f69e9c,MLP,499,0.0010000000000000002,,1000.0,,,,,,,,,,identity,"(50, 50)",lbfgs
e8d148a4-3a5f-492a-99fe-692f2894e0d9,MLP,499,0.0010000000000000002,,1000.0,,,,,,,,,,logistic,"(5,)",lbfgs
a81e4465-af06-43e0-9682-ed36352cdcf2,MLP,499,0.0010000000000000002,,1000.0,,,,,,,,,,logistic,"(5, 5)",lbfgs
1d1ab588-9471-4abe-88d7-82298bbfba73,MLP,499,0.0010000000000000002,,1000.0,,,,,,,,,,logistic,"(5, 10)",lbfgs
39b53d31-42bf-4cd0-87de-bbebfe3927c5,MLP,499,0.0010000000000000002,,1000.0,,,,,,,,,,logistic,"(25,)",lbfgs
d248834f-c481-444e-a21c-d2aa8d31aee5,MLP,499,0.0010000000000000002,,1000.0,,,,,,,,,,logistic,"(25, 25)",lbfgs
243ef3bc-0025-499f-a5a1-c1cc09324e7a,MLP,499,0.0010000000000000002,,1000.0,,,,,,,,,,logistic,"(25, 50)",lbfgs
c200ab3e-dce9-46d2-bde0-ebc612cf1f27,MLP,499,0.0010000000000000002,,1000.0,,,,,,,,,,logistic,"(50,)",lbfgs
341a92f9-fd35-48d1-b1fa-ca778bc06072,MLP,499,0.0010000000000000002,,1000.0,,,,,,,,,,logistic,"(50, 25)",lbfgs
0fa0f81a-e128-419a-8189-b1aad2d31eee,MLP,499,0.0010000000000000002,,1000.0,,,,,,,,,,logistic,"(50, 50)",lbfgs
4741b861-a3a8-4690-8bbb-8cd9e3f1e865,MLP,499,0.0010000000000000002,,1000.0,,,,,,,,,,tanh,"(5,)",lbfgs
9edd1561-eb07-4636-862a-5c27f3978163,MLP,499,0.0010000000000000002,,1000.0,,,,,,,,,,tanh,"(5, 5)",lbfgs
54b32ace-201a-4e71-8902-372b0ccf2761,MLP,499,0.0010000000000000002,,1000.0,,,,,,,,,,tanh,"(5, 10)",lbfgs
d7e6bc13-dde4-4cfe-9787-ca0e6e8affbc,MLP,499,0.0010000000000000002,,1000.0,,,,,,,,,,tanh,"(25,)",lbfgs
8043b76d-8258-4154-a35f-eb6c9762f3b8,MLP,499,0.0010000000000000002,,1000.0,,,,,,,,,,tanh,"(25, 25)",lbfgs
f82bd04c-4cd3-4838-9cb3-18a942e78371,MLP,499,0.0010000000000000002,,1000.0,,,,,,,,,,tanh,"(25, 50)",lbfgs
09a06e7f-537f-44e7-92e3-669e39acc53e,MLP,499,0.0010000000000000002,,1000.0,,,,,,,,,,tanh,"(50,)",lbfgs
1f59afe9-5c56-4621-b432-0bc578fe636f,MLP,499,0.0010000000000000002,,1000.0,,,,,,,,,,tanh,"(50, 25)",lbfgs
bcb180c9-059c-45df-b0ff-5bf3fd5fef41,MLP,499,0.0010000000000000002,,1000.0,,,,,,,,,,tanh,"(50, 50)",lbfgs
8dfadb73-2c86-423f-9a98-b23590b6e832,MLP,499,0.0010000000000000002,,1000.0,,,,,,,,,,relu,"(5,)",lbfgs
f2db7ad5-56b9-4366-bcc4-548ef7758e0f,MLP,499,0.0010000000000000002,,1000.0,,,,,,,,,,relu,"(5, 5)",lbfgs
842f4509-8767-4b22-a553-73bffed6f69c,MLP,499,0.0010000000000000002,,1000.0,,,,,,,,,,relu,"(5, 10)",lbfgs
4a294a96-ee65-41fe-84bd-acc321fb8822,MLP,499,0.0010000000000000002,,1000.0,,,,,,,,,,relu,"(25,)",lbfgs
784c91ce-bcde-479d-8f85-f249a6997edf,MLP,499,0.0010000000000000002,,1000.0,,,,,,,,,,relu,"(25, 25)",lbfgs
7ec84357-958e-492b-b85e-4340238cb167,MLP,499,0.0010000000000000002,,1000.0,,,,,,,,,,relu,"(25, 50)",lbfgs
cafae870-d5e6-48d0-a52c-a69fb5f3375b,MLP,499,0.0010000000000000002,,1000.0,,,,,,,,,,relu,"(50,)",lbfgs
a99dcb8f-c416-4b4e-9765-4e4454282bd9,MLP,499,0.0010000000000000002,,1000.0,,,,,,,,,,relu,"(50, 25)",lbfgs
a385f560-fb44-4f78-a74a-d1d6050c5cb6,MLP,499,0.0010000000000000002,,1000.0,,,,,,,,,,relu,"(50, 50)",lbfgs
45eeca27-9393-417a-992c-b552a0b235e0,MLP,499,0.003162277660168382,,1000.0,,,,,,,,,,identity,"(5,)",lbfgs
10b791f1-2165-4086-8fdd-70509002e9e3,MLP,499,0.003162277660168382,,1000.0,,,,,,,,,,identity,"(5, 5)",lbfgs
25c8e017-68db-42d1-b816-e727c9582dcc,MLP,499,0.003162277660168382,,1000.0,,,,,,,,,,identity,"(5, 10)",lbfgs
4202d547-de5b-4cbc-aa06-a06bd0cf1496,MLP,499,0.003162277660168382,,1000.0,,,,,,,,,,identity,"(25,)",lbfgs
0332d34a-d13b-4ea2-b21b-93e2a087d15d,MLP,499,0.003162277660168382,,1000.0,,,,,,,,,,identity,"(25, 25)",lbfgs
6d0de63b-927b-4f25-b6c3-81b0752c9ec9,MLP,499,0.003162277660168382,,1000.0,,,,,,,,,,identity,"(25, 50)",lbfgs
998eed8c-aafb-4baa-84a9-2c22fe0aa650,MLP,499,0.003162277660168382,,1000.0,,,,,,,,,,identity,"(50,)",lbfgs
b41885f6-88bd-4b62-8b38-65527c74e684,MLP,499,0.003162277660168382,,1000.0,,,,,,,,,,identity,"(50, 25)",lbfgs
d7095e45-fe6a-4b5e-b99e-c108e43de298,MLP,499,0.003162277660168382,,1000.0,,,,,,,,,,identity,"(50, 50)",lbfgs
23ba48f6-bcf9-44d2-bfcb-60647c25b5b1,MLP,499,0.003162277660168382,,1000.0,,,,,,,,,,logistic,"(5,)",lbfgs
e59091d4-9a22-4d3d-afc0-18f6c6489cd1,MLP,499,0.003162277660168382,,1000.0,,,,,,,,,,logistic,"(5, 5)",lbfgs
49349a6a-b281-4b6b-a508-768ce39d7de6,MLP,499,0.003162277660168382,,1000.0,,,,,,,,,,logistic,"(5, 10)",lbfgs
f0a7a56f-aa3a-4635-b468-20ddbd8330c7,MLP,499,0.003162277660168382,,1000.0,,,,,,,,,,logistic,"(25,)",lbfgs
986494e0-c9c1-4bab-a74b-0862990f6d78,MLP,499,0.003162277660168382,,1000.0,,,,,,,,,,logistic,"(25, 25)",lbfgs
546da9f1-110c-40bc-9d7d-4de1de06cc82,MLP,499,0.003162277660168382,,1000.0,,,,,,,,,,logistic,"(25, 50)",lbfgs
98fe330f-73d8-483b-9bb3-40fc7e52eada,MLP,499,0.003162277660168382,,1000.0,,,,,,,,,,logistic,"(50,)",lbfgs
788b3d34-bcc1-4176-83a6-f5c89b5ad236,MLP,499,0.003162277660168382,,1000.0,,,,,,,,,,logistic,"(50, 25)",lbfgs
57a6dafa-9c34-4b7f-a7f2-e1957dea3a3b,MLP,499,0.003162277660168382,,1000.0,,,,,,,,,,logistic,"(50, 50)",lbfgs
7496a6d7-946c-4408-a17f-024639f64c04,MLP,499,0.003162277660168382,,1000.0,,,,,,,,,,tanh,"(5,)",lbfgs
920ddf01-189d-483b-baa8-08571f10ef1d,MLP,499,0.003162277660168382,,1000.0,,,,,,,,,,tanh,"(5, 5)",lbfgs
58d90ac9-b53e-47c3-9839-ddba15809849,MLP,499,0.003162277660168382,,1000.0,,,,,,,,,,tanh,"(5, 10)",lbfgs
926585aa-68ca-4cc4-b6b3-cb05289a75de,MLP,499,0.003162277660168382,,1000.0,,,,,,,,,,tanh,"(25,)",lbfgs
d2a1158a-ff2e-45aa-9959-ef7cd257de7f,MLP,499,0.003162277660168382,,1000.0,,,,,,,,,,tanh,"(25, 25)",lbfgs
3cefc287-9ded-4c3c-9710-e1d185a210fc,MLP,499,0.003162277660168382,,1000.0,,,,,,,,,,tanh,"(25, 50)",lbfgs
d27b35c0-27e9-43cf-b640-eac00b99b89e,MLP,499,0.003162277660168382,,1000.0,,,,,,,,,,tanh,"(50,)",lbfgs
1df2e5b8-1c7d-4410-9beb-9850f88f9239,MLP,499,0.003162277660168382,,1000.0,,,,,,,,,,tanh,"(50, 25)",lbfgs
21f23217-f3ff-474a-af61-e1013b631364,MLP,499,0.003162277660168382,,1000.0,,,,,,,,,,tanh,"(50, 50)",lbfgs
a7eb8513-ed06-4ee8-8d8c-6e1d8557e6ea,MLP,499,0.003162277660168382,,1000.0,,,,,,,,,,relu,"(5,)",lbfgs
8e7ca8d9-4fc4-4330-a4b5-b693251e0f9c,MLP,499,0.003162277660168382,,1000.0,,,,,,,,,,relu,"(5, 5)",lbfgs
f51069e1-4986-4052-b4fd-73a80d61b4b0,MLP,499,0.003162277660168382,,1000.0,,,,,,,,,,relu,"(5, 10)",lbfgs
02a2068f-444d-48c7-8f91-d77708dd913b,MLP,499,0.003162277660168382,,1000.0,,,,,,,,,,relu,"(25,)",lbfgs
a16264a9-c85f-4507-8979-453f53d19a96,MLP,499,0.003162277660168382,,1000.0,,,,,,,,,,relu,"(25, 25)",lbfgs
9b925477-b7a4-4ebb-9537-1e59db968e82,MLP,499,0.003162277660168382,,1000.0,,,,,,,,,,relu,"(25, 50)",lbfgs
51a4a5c3-5547-496c-85d9-cc5f57e50012,MLP,499,0.003162277660168382,,1000.0,,,,,,,,,,relu,"(50,)",lbfgs
7795f255-cba3-4c40-9763-5256b3024c03,MLP,499,0.003162277660168382,,1000.0,,,,,,,,,,relu,"(50, 25)",lbfgs
0f34cdb4-9853-4a58-bdb8-cd9c4f863a3c,MLP,499,0.003162277660168382,,1000.0,,,,,,,,,,relu,"(50, 50)",lbfgs
8f60f2a4-062a-459c-bca6-dcba149f2130,MLP,499,0.3162277660168378,,1000.0,,,,,,,,,,identity,"(5,)",lbfgs
d70721ea-5161-4e7a-b952-4d838945ef33,MLP,499,0.3162277660168378,,1000.0,,,,,,,,,,identity,"(5, 5)",lbfgs
a64a8374-e355-4182-9f5a-b6903cad24cb,MLP,499,0.3162277660168378,,1000.0,,,,,,,,,,identity,"(5, 10)",lbfgs
c6b2f337-0cc7-4d09-bdcb-c0b9ec25a1ff,MLP,499,0.3162277660168378,,1000.0,,,,,,,,,,identity,"(25,)",lbfgs
0371642c-794b-44b2-ac21-bcae2b165e1e,MLP,499,0.3162277660168378,,1000.0,,,,,,,,,,identity,"(25, 25)",lbfgs
6882dfcc-ce13-4796-937a-0de470d10a1d,MLP,499,0.3162277660168378,,1000.0,,,,,,,,,,identity,"(25, 50)",lbfgs
83eed149-5e78-49e8-a8fa-46c2a87f0fe4,MLP,499,0.3162277660168378,,1000.0,,,,,,,,,,identity,"(50,)",lbfgs
107eb886-ba86-41b0-bae5-a3fc767dbbbd,MLP,499,0.3162277660168378,,1000.0,,,,,,,,,,identity,"(50, 25)",lbfgs
0dcb3dda-b41b-430c-a147-e0ff405d5678,MLP,499,0.3162277660168378,,1000.0,,,,,,,,,,identity,"(50, 50)",lbfgs
21cce3fa-4130-4551-bbe6-d24a536d7e46,MLP,499,0.3162277660168378,,1000.0,,,,,,,,,,logistic,"(5,)",lbfgs
709277a4-b6bc-4409-b6d7-ed8a7fda6fdc,MLP,499,0.3162277660168378,,1000.0,,,,,,,,,,logistic,"(5, 5)",lbfgs
0f4928ae-c15c-40e6-9086-0f1767052a55,MLP,499,0.3162277660168378,,1000.0,,,,,,,,,,logistic,"(5, 10)",lbfgs
69182d6b-d7c5-4063-96ab-e618f68c476d,MLP,499,0.3162277660168378,,1000.0,,,,,,,,,,logistic,"(25,)",lbfgs
0b2df8ae-51da-43cf-9e0d-5b03dd5756b2,MLP,499,0.3162277660168378,,1000.0,,,,,,,,,,logistic,"(25, 25)",lbfgs
fff3eccd-dec0-4bbb-8519-3e1839fdfd74,MLP,499,0.3162277660168378,,1000.0,,,,,,,,,,logistic,"(25, 50)",lbfgs
e2e52407-2a14-455d-a4d3-8f8bdb6abb0e,MLP,499,0.3162277660168378,,1000.0,,,,,,,,,,logistic,"(50,)",lbfgs
714c490b-c525-4224-bc9a-ebae90452cca,MLP,499,0.3162277660168378,,1000.0,,,,,,,,,,logistic,"(50, 25)",lbfgs
d9706efd-7467-4e22-98e4-c165ac2af7ab,MLP,499,0.3162277660168378,,1000.0,,,,,,,,,,logistic,"(50, 50)",lbfgs
c5e1699b-f73a-4c0a-80f9-0ab7f99e5711,MLP,499,0.3162277660168378,,1000.0,,,,,,,,,,tanh,"(5,)",lbfgs
7bf46f05-4cad-4bad-87a8-6ee7be02308b,MLP,499,0.3162277660168378,,1000.0,,,,,,,,,,tanh,"(5, 5)",lbfgs
aaf9defd-c8b6-4d23-8e13-5d615a0e6077,MLP,499,0.3162277660168378,,1000.0,,,,,,,,,,tanh,"(5, 10)",lbfgs
a493520f-5df0-48f4-af42-3a0d55720f9c,MLP,499,0.3162277660168378,,1000.0,,,,,,,,,,tanh,"(25,)",lbfgs
4266c23d-c22e-4d95-b82f-6092363e0e03,MLP,499,0.3162277660168378,,1000.0,,,,,,,,,,tanh,"(25, 25)",lbfgs
f1ec52fd-4471-4abc-8519-8fe915cfa675,MLP,499,0.3162277660168378,,1000.0,,,,,,,,,,tanh,"(25, 50)",lbfgs
a8077c91-af4a-4590-8dcb-c7e0b2091f4f,MLP,499,0.3162277660168378,,1000.0,,,,,,,,,,tanh,"(50,)",lbfgs
54ab4338-ecc9-4afe-b284-57fc1f20717c,MLP,499,0.3162277660168378,,1000.0,,,,,,,,,,tanh,"(50, 25)",lbfgs
9069eaac-bbb4-47e0-bc9a-7273949ac5bf,MLP,499,0.3162277660168378,,1000.0,,,,,,,,,,tanh,"(50, 50)",lbfgs
78f48a33-5bbd-42af-bbef-c64146e1de9c,MLP,499,0.3162277660168378,,1000.0,,,,,,,,,,relu,"(5,)",lbfgs
d665cea6-1ea6-4c96-ae90-ad19842374e2,MLP,499,0.3162277660168378,,1000.0,,,,,,,,,,relu,"(5, 5)",lbfgs
32de679f-7e84-4e7d-9f96-8216771d1b25,MLP,499,0.3162277660168378,,1000.0,,,,,,,,,,relu,"(5, 10)",lbfgs
90496249-8179-475c-ba64-15b92bc80faf,MLP,499,0.3162277660168378,,1000.0,,,,,,,,,,relu,"(25,)",lbfgs
e731bae1-d635-4ae4-8f4b-e6fb855b85a5,MLP,499,0.3162277660168378,,1000.0,,,,,,,,,,relu,"(25, 25)",lbfgs
23055b9d-38ee-4e97-b2c2-d76983748b77,MLP,499,0.3162277660168378,,1000.0,,,,,,,,,,relu,"(25, 50)",lbfgs
de12fb8f-2f4c-42ce-902e-bfc062355917,MLP,499,0.3162277660168378,,1000.0,,,,,,,,,,relu,"(50,)",lbfgs
3e62cfb1-1e98-458c-bb3b-e759f2481bc4,MLP,499,0.3162277660168378,,1000.0,,,,,,,,,,relu,"(50, 25)",lbfgs
07f52802-eec4-4876-875a-c5894799ca17,MLP,499,0.3162277660168378,,1000.0,,,,,,,,,,relu,"(50, 50)",lbfgs
b96eb93d-88f1-40ce-944f-ef4ea19a7ac0,MLP,499,0.0316227766016838,,1000.0,,,,,,,,,,identity,"(5,)",lbfgs
9c38b119-1da1-4187-af1c-3a6b1d604df8,MLP,499,0.0316227766016838,,1000.0,,,,,,,,,,identity,"(5, 5)",lbfgs
741e12e3-e259-4a78-b1c6-a55076dac0fb,MLP,499,0.0316227766016838,,1000.0,,,,,,,,,,identity,"(5, 10)",lbfgs
4e8cc73e-e2f5-47fb-81aa-003bc8932c6a,MLP,499,0.0316227766016838,,1000.0,,,,,,,,,,identity,"(25,)",lbfgs
c4548774-50a8-4f87-b53a-42ecac192dca,MLP,499,0.0316227766016838,,1000.0,,,,,,,,,,identity,"(25, 25)",lbfgs
78ffe233-8df8-4589-b8df-52fb1bf19a25,MLP,499,0.0316227766016838,,1000.0,,,,,,,,,,identity,"(25, 50)",lbfgs
e60d69f8-e270-4c99-b33b-5944d9c379f0,MLP,499,0.0316227766016838,,1000.0,,,,,,,,,,identity,"(50,)",lbfgs
02c07491-8c10-4ac3-b153-121915deb27d,MLP,499,0.0316227766016838,,1000.0,,,,,,,,,,identity,"(50, 25)",lbfgs
cb272916-96ef-4b71-9843-66132273866e,MLP,499,0.0316227766016838,,1000.0,,,,,,,,,,identity,"(50, 50)",lbfgs
3e81f86e-0083-4dde-b188-15c70afe9549,MLP,499,0.0316227766016838,,1000.0,,,,,,,,,,logistic,"(5,)",lbfgs
ce75d1db-74d0-4d20-890c-794f9ff0cfcd,MLP,499,0.0316227766016838,,1000.0,,,,,,,,,,logistic,"(5, 5)",lbfgs
d416be0e-6f29-453f-91d1-0523f1b78418,MLP,499,0.0316227766016838,,1000.0,,,,,,,,,,logistic,"(5, 10)",lbfgs
87fd09a6-37f4-40f5-8a98-dcb94078aab7,MLP,499,0.0316227766016838,,1000.0,,,,,,,,,,logistic,"(25,)",lbfgs
2db42f56-ae48-4815-8681-b1e9b310bb88,MLP,499,0.0316227766016838,,1000.0,,,,,,,,,,logistic,"(25, 25)",lbfgs
3245a13b-90b2-4701-87b2-ec4b84c782d2,MLP,499,0.0316227766016838,,1000.0,,,,,,,,,,logistic,"(25, 50)",lbfgs
9d954f28-0cc2-4b1f-b233-561621b03d9b,MLP,499,0.0316227766016838,,1000.0,,,,,,,,,,logistic,"(50,)",lbfgs
6b48e1de-c88e-4217-a790-55de3e81acf6,MLP,499,0.0316227766016838,,1000.0,,,,,,,,,,logistic,"(50, 25)",lbfgs
bf8d5242-9bdc-4151-8d1b-a0f3efa9f666,MLP,499,0.0316227766016838,,1000.0,,,,,,,,,,logistic,"(50, 50)",lbfgs
b86a4fdf-5050-4262-8941-f61800ee6012,MLP,499,0.0316227766016838,,1000.0,,,,,,,,,,tanh,"(5,)",lbfgs
7881510c-d479-4dbf-bccd-f0186cace6e6,MLP,499,0.0316227766016838,,1000.0,,,,,,,,,,tanh,"(5, 5)",lbfgs
42153a38-0645-4e1e-85f1-405827717645,MLP,499,0.0316227766016838,,1000.0,,,,,,,,,,tanh,"(5, 10)",lbfgs
43bd72c7-b817-4130-aa19-f94f7ffd7473,MLP,499,0.0316227766016838,,1000.0,,,,,,,,,,tanh,"(25,)",lbfgs
d1fa5732-5eb5-4886-9052-00d0cdd32653,MLP,499,0.0316227766016838,,1000.0,,,,,,,,,,tanh,"(25, 25)",lbfgs
d4e79812-d976-4d47-ad2d-2ffffcb9109b,MLP,499,0.0316227766016838,,1000.0,,,,,,,,,,tanh,"(25, 50)",lbfgs
98a8390b-5315-419f-b786-5493d27f07aa,MLP,499,0.0316227766016838,,1000.0,,,,,,,,,,tanh,"(50,)",lbfgs
90765773-51b7-487c-ae40-892d1a72521c,MLP,499,0.0316227766016838,,1000.0,,,,,,,,,,tanh,"(50, 25)",lbfgs
82ccabc6-05f2-42a8-8f7a-562fe3b05eb7,MLP,499,0.0316227766016838,,1000.0,,,,,,,,,,tanh,"(50, 50)",lbfgs
38b3022e-3e82-4c47-984e-00947df86fd1,MLP,499,0.0316227766016838,,1000.0,,,,,,,,,,relu,"(5,)",lbfgs
901987d4-0a6d-4f69-a1dc-7dba36b6d8a4,MLP,499,0.0316227766016838,,1000.0,,,,,,,,,,relu,"(5, 5)",lbfgs
b73d5973-caae-4ae9-96f7-2442bf9413f8,MLP,499,0.0316227766016838,,1000.0,,,,,,,,,,relu,"(5, 10)",lbfgs
bc4586fe-1fbf-461b-b593-599ccb28caf8,MLP,499,0.0316227766016838,,1000.0,,,,,,,,,,relu,"(25,)",lbfgs
fcbde3c9-41fa-4a4b-9455-bc983988ade4,MLP,499,0.0316227766016838,,1000.0,,,,,,,,,,relu,"(25, 25)",lbfgs
3d1f71d7-31a8-4b7c-9f9d-410905b5706a,MLP,499,0.0316227766016838,,1000.0,,,,,,,,,,relu,"(25, 50)",lbfgs
3439d030-76a5-4d66-9457-919f91612a19,MLP,499,0.0316227766016838,,1000.0,,,,,,,,,,relu,"(50,)",lbfgs
6fbc8ef4-18bd-407f-8240-b4596f2bc10d,MLP,499,0.0316227766016838,,1000.0,,,,,,,,,,relu,"(50, 25)",lbfgs
54c86786-7a12-45bd-a754-a58b1ef92a9c,MLP,499,0.0316227766016838,,1000.0,,,,,,,,,,relu,"(50, 50)",lbfgs
89b18376-0fb7-4751-a09f-8a40e4b29aaa,MLP,499,0.0003162277660168384,,1000.0,,,,,,,,,,identity,"(5,)",lbfgs
1927f259-a6c8-401a-ba5b-3060e7fbdc2f,MLP,499,0.0003162277660168384,,1000.0,,,,,,,,,,identity,"(5, 5)",lbfgs
29e4e2ec-6989-4a7d-aefe-2b36a589cea7,MLP,499,0.0003162277660168384,,1000.0,,,,,,,,,,identity,"(5, 10)",lbfgs
c061d102-5266-488b-9458-0c91015b24aa,MLP,499,0.0003162277660168384,,1000.0,,,,,,,,,,identity,"(25,)",lbfgs
da911d36-e897-43fd-b01b-42c0444a0778,MLP,499,0.0003162277660168384,,1000.0,,,,,,,,,,identity,"(25, 25)",lbfgs
229b2ef9-be34-410e-9ba4-affdf4e8c26e,MLP,499,0.0003162277660168384,,1000.0,,,,,,,,,,identity,"(25, 50)",lbfgs
aef0cfd4-f7dd-480e-a9d8-6ea18f16177b,MLP,499,0.0003162277660168384,,1000.0,,,,,,,,,,identity,"(50,)",lbfgs
d9390016-027e-40d1-8b0e-e9aa3d96fa9d,MLP,499,0.0003162277660168384,,1000.0,,,,,,,,,,identity,"(50, 25)",lbfgs
c5a628e6-29bb-4438-984f-aea8f33050bf,MLP,499,0.0003162277660168384,,1000.0,,,,,,,,,,identity,"(50, 50)",lbfgs
b0c340bb-ffab-48da-a6ba-c81877263a70,MLP,499,0.0003162277660168384,,1000.0,,,,,,,,,,logistic,"(5,)",lbfgs
a91e049f-cd87-497e-8cea-9f8ae117141b,MLP,499,0.0003162277660168384,,1000.0,,,,,,,,,,logistic,"(5, 5)",lbfgs
a797d67c-ce22-4e1a-a045-ac159aed4dde,MLP,499,0.0003162277660168384,,1000.0,,,,,,,,,,logistic,"(5, 10)",lbfgs
9af04ac5-1777-4ce9-8256-351b08e46cc0,MLP,499,0.0003162277660168384,,1000.0,,,,,,,,,,logistic,"(25,)",lbfgs
b5bdebb5-d264-4d0c-b954-18084da52905,MLP,499,0.0003162277660168384,,1000.0,,,,,,,,,,logistic,"(25, 25)",lbfgs
1d9e688d-8ecd-4da2-9e94-d9ef9587005b,MLP,499,0.0003162277660168384,,1000.0,,,,,,,,,,logistic,"(25, 50)",lbfgs
ffbc6868-48a3-40d3-aefd-4c70ef2f95a5,MLP,499,0.0003162277660168384,,1000.0,,,,,,,,,,logistic,"(50,)",lbfgs
7e8b18ed-8ca7-44eb-b5ad-d31ba5c58502,MLP,499,0.0003162277660168384,,1000.0,,,,,,,,,,logistic,"(50, 25)",lbfgs
7429f3a3-13a3-4609-8c17-9ca23aa8261b,MLP,499,0.0003162277660168384,,1000.0,,,,,,,,,,logistic,"(50, 50)",lbfgs
c47ab20e-6c2e-4a51-a1c7-666db8d7d710,MLP,499,0.0003162277660168384,,1000.0,,,,,,,,,,tanh,"(5,)",lbfgs
105e2473-5632-4699-99ba-4d812b841eb7,MLP,499,0.0003162277660168384,,1000.0,,,,,,,,,,tanh,"(5, 5)",lbfgs
8de07af1-0154-4a44-9801-85f698754b8b,MLP,499,0.0003162277660168384,,1000.0,,,,,,,,,,tanh,"(5, 10)",lbfgs
7cdbaf61-c8ee-4151-beb1-72d52fb329f2,MLP,499,0.0003162277660168384,,1000.0,,,,,,,,,,tanh,"(25,)",lbfgs
9e29a496-f941-4b66-b6b9-255ec6b2f7ae,MLP,499,0.0003162277660168384,,1000.0,,,,,,,,,,tanh,"(25, 25)",lbfgs
7a0e27ef-89c7-44f5-842b-42c6b539f6aa,MLP,499,0.0003162277660168384,,1000.0,,,,,,,,,,tanh,"(25, 50)",lbfgs
8b46ede5-9503-4487-a651-5a64e654b337,MLP,499,0.0003162277660168384,,1000.0,,,,,,,,,,tanh,"(50,)",lbfgs
cf8c5819-4905-4bc4-a42b-13173ed4facf,MLP,499,0.0003162277660168384,,1000.0,,,,,,,,,,tanh,"(50, 25)",lbfgs
0b1a11d4-a450-409a-9cd9-10369dc96d4f,MLP,499,0.0003162277660168384,,1000.0,,,,,,,,,,tanh,"(50, 50)",lbfgs
0f4b31b1-f6a9-4d04-b103-20d24b460d75,MLP,499,0.0003162277660168384,,1000.0,,,,,,,,,,relu,"(5,)",lbfgs
f8a30593-f477-493b-9996-6bc7d856f1b7,MLP,499,0.0003162277660168384,,1000.0,,,,,,,,,,relu,"(5, 5)",lbfgs
983b9a6b-bd9d-4f3e-af86-ff994859ddfb,MLP,499,0.0003162277660168384,,1000.0,,,,,,,,,,relu,"(5, 10)",lbfgs
d1e49812-4492-41be-840b-651894dc23b6,MLP,499,0.0003162277660168384,,1000.0,,,,,,,,,,relu,"(25,)",lbfgs
87c2fe68-a3e8-493d-966e-3f90b0b59ec9,MLP,499,0.0003162277660168384,,1000.0,,,,,,,,,,relu,"(25, 25)",lbfgs
089a21d6-5146-4172-ab20-41e75271d209,MLP,499,0.0003162277660168384,,1000.0,,,,,,,,,,relu,"(25, 50)",lbfgs
f4e3f130-2242-48b0-9afb-e3e3a5ab6c95,MLP,499,0.0003162277660168384,,1000.0,,,,,,,,,,relu,"(50,)",lbfgs
cbae46c0-99ad-4c1f-a95d-248e7007a982,MLP,499,0.0003162277660168384,,1000.0,,,,,,,,,,relu,"(50, 25)",lbfgs
b4f50f79-517b-4a19-bb3f-3541165cac62,MLP,499,0.0003162277660168384,,1000.0,,,,,,,,,,relu,"(50, 50)",lbfgs
8cb9b14c-05bc-4e4b-9ad3-a86b2ee31633,MLP,499,0.0005623413251903495,,1000.0,,,,,,,,,,identity,"(5,)",lbfgs
7b025214-1b0a-424c-85b7-2d16ab71b97d,MLP,499,0.0005623413251903495,,1000.0,,,,,,,,,,identity,"(5, 5)",lbfgs
5a5d6d18-ae3f-473c-b2ff-8ffaaea23fb6,MLP,499,0.0005623413251903495,,1000.0,,,,,,,,,,identity,"(5, 10)",lbfgs
8123a456-9c7f-4e4d-aa8a-7b214d973dda,MLP,499,0.0005623413251903495,,1000.0,,,,,,,,,,identity,"(25,)",lbfgs
e1305a74-2fda-48ee-a8ec-987835446df8,MLP,499,0.0005623413251903495,,1000.0,,,,,,,,,,identity,"(25, 25)",lbfgs
82287b42-160d-4578-ae67-ef8924f4f290,MLP,499,0.0005623413251903495,,1000.0,,,,,,,,,,identity,"(25, 50)",lbfgs
ee891bed-e8d9-446f-8801-4cb53ee2aae5,MLP,499,0.0005623413251903495,,1000.0,,,,,,,,,,identity,"(50,)",lbfgs
11b486b8-8bbd-40b3-96a9-d08c7311641f,MLP,499,0.0005623413251903495,,1000.0,,,,,,,,,,identity,"(50, 25)",lbfgs
c87ca101-1669-426b-84e6-d0783a2d9efe,MLP,499,0.0005623413251903495,,1000.0,,,,,,,,,,identity,"(50, 50)",lbfgs
fedc14eb-426d-4e54-a872-f2772cb50261,MLP,499,0.0005623413251903495,,1000.0,,,,,,,,,,logistic,"(5,)",lbfgs
9de2c8ab-1dd2-4e4f-ae43-df9ce1233434,MLP,499,0.0005623413251903495,,1000.0,,,,,,,,,,logistic,"(5, 5)",lbfgs
afe70c6e-f056-4547-a534-51544d39aa0a,MLP,499,0.0005623413251903495,,1000.0,,,,,,,,,,logistic,"(5, 10)",lbfgs
cd235eff-fbb9-44bb-a610-03fa0cc5ff43,MLP,499,0.0005623413251903495,,1000.0,,,,,,,,,,logistic,"(25,)",lbfgs
45629c34-b001-45a2-8684-403277595026,MLP,499,0.0005623413251903495,,1000.0,,,,,,,,,,logistic,"(25, 25)",lbfgs
7cd21dd5-ae24-4bc0-bb80-03933ed04cb6,MLP,499,0.0005623413251903495,,1000.0,,,,,,,,,,logistic,"(25, 50)",lbfgs
f5266182-6c91-41ae-ac56-18f82e5f91c4,MLP,499,0.0005623413251903495,,1000.0,,,,,,,,,,logistic,"(50,)",lbfgs
02898430-2e10-4cac-8a88-dc43bdf5de17,MLP,499,0.0005623413251903495,,1000.0,,,,,,,,,,logistic,"(50, 25)",lbfgs
7c7c01c1-1799-49f0-b699-41ce52a4c92e,MLP,499,0.0005623413251903495,,1000.0,,,,,,,,,,logistic,"(50, 50)",lbfgs
a62c1a57-3e2b-4d93-ba7e-6dad0f7583c4,MLP,499,0.0005623413251903495,,1000.0,,,,,,,,,,tanh,"(5,)",lbfgs
367f0c59-0d1c-4aab-a028-2134f7ba05c8,MLP,499,0.0005623413251903495,,1000.0,,,,,,,,,,tanh,"(5, 5)",lbfgs
4b898987-a6d7-417e-a73b-c38d801af279,MLP,499,0.0005623413251903495,,1000.0,,,,,,,,,,tanh,"(5, 10)",lbfgs
639073bf-72cc-4833-9ba2-68a4ea86d35d,MLP,499,0.0005623413251903495,,1000.0,,,,,,,,,,tanh,"(25,)",lbfgs
3d173066-7b27-4d75-ab32-2c8ae3a34de1,MLP,499,0.0005623413251903495,,1000.0,,,,,,,,,,tanh,"(25, 25)",lbfgs
658d528a-3c2b-496c-8d14-b027c77a3751,MLP,499,0.0005623413251903495,,1000.0,,,,,,,,,,tanh,"(25, 50)",lbfgs
d802c758-ee46-4f6c-89b0-92e3ab721736,MLP,499,0.0005623413251903495,,1000.0,,,,,,,,,,tanh,"(50,)",lbfgs
1ae15e9a-ebd4-4e90-9965-cf3c086fe81c,MLP,499,0.0005623413251903495,,1000.0,,,,,,,,,,tanh,"(50, 25)",lbfgs
d3034a5a-ab90-406e-abba-3654509660f1,MLP,499,0.0005623413251903495,,1000.0,,,,,,,,,,tanh,"(50, 50)",lbfgs
06745c77-fed9-431c-bd98-c22ce6051cfc,MLP,499,0.0005623413251903495,,1000.0,,,,,,,,,,relu,"(5,)",lbfgs
22fbf4aa-d6ac-4e10-93e7-9608cabd49f4,MLP,499,0.0005623413251903495,,1000.0,,,,,,,,,,relu,"(5, 5)",lbfgs
023bb62b-2a08-48d7-aed1-2416414ba851,MLP,499,0.0005623413251903495,,1000.0,,,,,,,,,,relu,"(5, 10)",lbfgs
67870120-d9e2-45f2-94f1-2059145316dd,MLP,499,0.0005623413251903495,,1000.0,,,,,,,,,,relu,"(25,)",lbfgs
e29d7344-5c7f-4a3f-a33b-8e6296c6db56,MLP,499,0.0005623413251903495,,1000.0,,,,,,,,,,relu,"(25, 25)",lbfgs
67180277-81f3-48ac-9ca3-8f4d11130478,MLP,499,0.0005623413251903495,,1000.0,,,,,,,,,,relu,"(25, 50)",lbfgs
73ac3235-6ba9-4fef-85f8-0757a9cc17b7,MLP,499,0.0005623413251903495,,1000.0,,,,,,,,,,relu,"(50,)",lbfgs
ac5fd291-12c3-40a3-82bc-b0717dfc2b50,MLP,499,0.0005623413251903495,,1000.0,,,,,,,,,,relu,"(50, 25)",lbfgs
e19d3f4f-8498-48d8-a3bb-373056208063,MLP,499,0.0005623413251903495,,1000.0,,,,,,,,,,relu,"(50, 50)",lbfgs
f25b334b-c030-4519-97fa-dde3ec58a99a,MLP,499,0.05623413251903493,,1000.0,,,,,,,,,,identity,"(5,)",lbfgs
c81755cc-f6fc-4db8-93bb-3de690cbf369,MLP,499,0.05623413251903493,,1000.0,,,,,,,,,,identity,"(5, 5)",lbfgs
e2fa0658-920e-42e1-aba8-55ab3e0e599e,MLP,499,0.05623413251903493,,1000.0,,,,,,,,,,identity,"(5, 10)",lbfgs
81f299c6-5348-4040-9d77-d7cca25949e5,MLP,499,0.05623413251903493,,1000.0,,,,,,,,,,identity,"(25,)",lbfgs
ffd9208d-f088-4648-b648-c9afd08f4aa4,MLP,499,0.05623413251903493,,1000.0,,,,,,,,,,identity,"(25, 25)",lbfgs
5d0f2b4c-b267-49f3-a3cf-b615b865ec75,MLP,499,0.05623413251903493,,1000.0,,,,,,,,,,identity,"(25, 50)",lbfgs
32f1f8b8-5433-4024-8188-217500ee4f40,MLP,499,0.05623413251903493,,1000.0,,,,,,,,,,identity,"(50,)",lbfgs
3cc8a2bb-ce94-40fa-b60a-39a7df45dd28,MLP,499,0.05623413251903493,,1000.0,,,,,,,,,,identity,"(50, 25)",lbfgs
1d9a7a82-81a4-45f9-a26f-5ce881c5c217,MLP,499,0.05623413251903493,,1000.0,,,,,,,,,,identity,"(50, 50)",lbfgs
2ab9b1fe-b323-482a-83b8-0463b9fff420,MLP,499,0.05623413251903493,,1000.0,,,,,,,,,,logistic,"(5,)",lbfgs
e76f4790-4ab0-448c-abba-5fe996da66ef,MLP,499,0.05623413251903493,,1000.0,,,,,,,,,,logistic,"(5, 5)",lbfgs
eb6497ff-50c8-4187-a57e-fc56a361e0b6,MLP,499,0.05623413251903493,,1000.0,,,,,,,,,,logistic,"(5, 10)",lbfgs
cde0529e-584e-4b5a-86e3-7cb97c5aa1e5,MLP,499,0.05623413251903493,,1000.0,,,,,,,,,,logistic,"(25,)",lbfgs
bb1fa3ec-fcaa-4491-aa6b-4d7b8ae8cb7b,MLP,499,0.05623413251903493,,1000.0,,,,,,,,,,logistic,"(25, 25)",lbfgs
3cb2f828-c114-4a80-83e8-3d21d3ad440e,MLP,499,0.05623413251903493,,1000.0,,,,,,,,,,logistic,"(25, 50)",lbfgs
92c40533-a8d7-4347-afd7-40311e2e0f2b,MLP,499,0.05623413251903493,,1000.0,,,,,,,,,,logistic,"(50,)",lbfgs
313d2183-dea3-4530-8dee-c5498b0d2f02,MLP,499,0.05623413251903493,,1000.0,,,,,,,,,,logistic,"(50, 25)",lbfgs
47cc688f-8a63-49a0-a75c-30d860a97b8b,MLP,499,0.05623413251903493,,1000.0,,,,,,,,,,logistic,"(50, 50)",lbfgs
e2599156-53b3-447e-9c9d-25552596e582,MLP,499,0.05623413251903493,,1000.0,,,,,,,,,,tanh,"(5,)",lbfgs
9d61f2be-b19a-4e89-b50c-46f849158d16,MLP,499,0.05623413251903493,,1000.0,,,,,,,,,,tanh,"(5, 5)",lbfgs
0b9d98ad-0bf7-4631-a23a-8a7928d61c52,MLP,499,0.05623413251903493,,1000.0,,,,,,,,,,tanh,"(5, 10)",lbfgs
fb1fd02e-ed01-43d8-a185-8923287e5df7,MLP,499,0.05623413251903493,,1000.0,,,,,,,,,,tanh,"(25,)",lbfgs
38e4e252-7539-432c-9a03-14bb2a0d2f35,MLP,499,0.05623413251903493,,1000.0,,,,,,,,,,tanh,"(25, 25)",lbfgs
567d5174-089a-4798-8f55-c74abd8faed4,MLP,499,0.05623413251903493,,1000.0,,,,,,,,,,tanh,"(25, 50)",lbfgs
0fdcb50d-5366-46d3-a0b8-68e90bf220ea,MLP,499,0.05623413251903493,,1000.0,,,,,,,,,,tanh,"(50,)",lbfgs
46ad3f1c-ee6d-43b6-b64d-b8f9f5e85e9d,MLP,499,0.05623413251903493,,1000.0,,,,,,,,,,tanh,"(50, 25)",lbfgs
fbc7162d-ac66-47a1-acd7-357a71548e5c,MLP,499,0.05623413251903493,,1000.0,,,,,,,,,,tanh,"(50, 50)",lbfgs
d41c9f91-19e9-4ddf-bac3-fc68bc342e58,MLP,499,0.05623413251903493,,1000.0,,,,,,,,,,relu,"(5,)",lbfgs
55206c92-e8ca-4d86-ac42-28f57ff735f4,MLP,499,0.05623413251903493,,1000.0,,,,,,,,,,relu,"(5, 5)",lbfgs
ef2b6fb8-7359-4977-87b4-e9008fc41f68,MLP,499,0.05623413251903493,,1000.0,,,,,,,,,,relu,"(5, 10)",lbfgs
5385bd1c-c3cc-4830-a539-85030edc31bd,MLP,499,0.05623413251903493,,1000.0,,,,,,,,,,relu,"(25,)",lbfgs
7eb678d9-8b3c-4eec-b142-c6ddf1665f8c,MLP,499,0.05623413251903493,,1000.0,,,,,,,,,,relu,"(25, 25)",lbfgs
d2ac648f-5da0-404c-bb87-a5ac61c16f60,MLP,499,0.05623413251903493,,1000.0,,,,,,,,,,relu,"(25, 50)",lbfgs
7f88ae29-a25d-47d0-913e-7e9c784dfb1b,MLP,499,0.05623413251903493,,1000.0,,,,,,,,,,relu,"(50,)",lbfgs
663a87a2-aea2-4721-98ca-fe27393c129d,MLP,499,0.05623413251903493,,1000.0,,,,,,,,,,relu,"(50, 25)",lbfgs
6e6ee0b4-d927-4507-91d5-adfaeba872d6,MLP,499,0.05623413251903493,,1000.0,,,,,,,,,,relu,"(50, 50)",lbfgs
50df7592-f76a-4595-b805-6df3e9179542,MLP,499,0.5623413251903494,,1000.0,,,,,,,,,,identity,"(5,)",lbfgs
4a54eb89-335f-4f52-bcc1-cbc963db711d,MLP,499,0.5623413251903494,,1000.0,,,,,,,,,,identity,"(5, 5)",lbfgs
7d788683-8c17-43b5-bc5e-4229f4a09c20,MLP,499,0.5623413251903494,,1000.0,,,,,,,,,,identity,"(5, 10)",lbfgs
d0b60f58-eae2-432f-8e97-9ff738d7284d,MLP,499,0.5623413251903494,,1000.0,,,,,,,,,,identity,"(25,)",lbfgs
06741540-1a6d-4144-9fdd-596a06ba02e5,MLP,499,0.5623413251903494,,1000.0,,,,,,,,,,identity,"(25, 25)",lbfgs
f9ef29e4-3601-4eb3-80f6-4d438b1811d3,MLP,499,0.5623413251903494,,1000.0,,,,,,,,,,identity,"(25, 50)",lbfgs
73640fb7-8b41-425d-8144-db33ad23f3d9,MLP,499,0.5623413251903494,,1000.0,,,,,,,,,,identity,"(50,)",lbfgs
cfddce0c-39f5-4ebb-9756-4fad53807d6a,MLP,499,0.5623413251903494,,1000.0,,,,,,,,,,identity,"(50, 25)",lbfgs
b036c67b-be5a-4c52-bf24-3c6e5206c1e5,MLP,499,0.5623413251903494,,1000.0,,,,,,,,,,identity,"(50, 50)",lbfgs
1d6143b0-0f2a-469f-ac1e-b1e981c94d34,MLP,499,0.5623413251903494,,1000.0,,,,,,,,,,logistic,"(5,)",lbfgs
b0802791-abdc-4568-84d3-97ef72c75e30,MLP,499,0.5623413251903494,,1000.0,,,,,,,,,,logistic,"(5, 5)",lbfgs
d082c8b7-dd1c-47f0-a126-5bb74ce61040,MLP,499,0.5623413251903494,,1000.0,,,,,,,,,,logistic,"(5, 10)",lbfgs
bd4c2dd1-f65b-40a6-a9a7-21d8c38da82d,MLP,499,0.5623413251903494,,1000.0,,,,,,,,,,logistic,"(25,)",lbfgs
258d907b-1e33-4a80-8aa1-d61c162b46db,MLP,499,0.5623413251903494,,1000.0,,,,,,,,,,logistic,"(25, 25)",lbfgs
c968f906-fbaa-4813-aefa-057f7a894498,MLP,499,0.5623413251903494,,1000.0,,,,,,,,,,logistic,"(25, 50)",lbfgs
845396af-ba05-4b34-ba56-db431b0b17e8,MLP,499,0.5623413251903494,,1000.0,,,,,,,,,,logistic,"(50,)",lbfgs
ab8eb4c9-7463-4f9e-9346-1fb160b60b85,MLP,499,0.5623413251903494,,1000.0,,,,,,,,,,logistic,"(50, 25)",lbfgs
3cefb95f-3e6f-4f39-bcf8-72183502a7b1,MLP,499,0.5623413251903494,,1000.0,,,,,,,,,,logistic,"(50, 50)",lbfgs
90645dfe-fef9-4e24-9303-4052683407a0,MLP,499,0.5623413251903494,,1000.0,,,,,,,,,,tanh,"(5,)",lbfgs
1e4b5edf-39a9-4a03-9322-5636ebca6d03,MLP,499,0.5623413251903494,,1000.0,,,,,,,,,,tanh,"(5, 5)",lbfgs
7ab0870d-6a12-4016-bec4-2c38225495d3,MLP,499,0.5623413251903494,,1000.0,,,,,,,,,,tanh,"(5, 10)",lbfgs
063957a3-fed4-44b7-9e3f-dce690d2fe81,MLP,499,0.5623413251903494,,1000.0,,,,,,,,,,tanh,"(25,)",lbfgs
4a4a7e7a-c24a-4c6a-98a7-5cba9135074b,MLP,499,0.5623413251903494,,1000.0,,,,,,,,,,tanh,"(25, 25)",lbfgs
bd91dde8-8ff8-46e5-9640-762a82263abd,MLP,499,0.5623413251903494,,1000.0,,,,,,,,,,tanh,"(25, 50)",lbfgs
d14bc496-c4c6-48f6-bb1e-f127ecc878b4,MLP,499,0.5623413251903494,,1000.0,,,,,,,,,,tanh,"(50,)",lbfgs
b35257b6-a0af-419d-9e40-b146bd4519bf,MLP,499,0.5623413251903494,,1000.0,,,,,,,,,,tanh,"(50, 25)",lbfgs
412ca0f9-0f36-4d02-9c4c-1c20df7fa859,MLP,499,0.5623413251903494,,1000.0,,,,,,,,,,tanh,"(50, 50)",lbfgs
0955f5a9-407e-48e6-a6fc-a8e6279cd896,MLP,499,0.5623413251903494,,1000.0,,,,,,,,,,relu,"(5,)",lbfgs
9e9fdf37-8fc1-4f04-82c3-9380a9b2a44c,MLP,499,0.5623413251903494,,1000.0,,,,,,,,,,relu,"(5, 5)",lbfgs
f9f5de15-14f5-465f-ae95-99883cf025b1,MLP,499,0.5623413251903494,,1000.0,,,,,,,,,,relu,"(5, 10)",lbfgs
ccb004d1-6fd7-4c1b-aead-01e541e045c1,MLP,499,0.5623413251903494,,1000.0,,,,,,,,,,relu,"(25,)",lbfgs
bc757718-7253-47d7-bafa-6bb2dc597393,MLP,499,0.5623413251903494,,1000.0,,,,,,,,,,relu,"(25, 25)",lbfgs
2d122772-1bd6-435f-8ff0-d527ac171484,MLP,499,0.5623413251903494,,1000.0,,,,,,,,,,relu,"(25, 50)",lbfgs
d33bbfa8-5e33-4771-b315-0b2218229fa2,MLP,499,0.5623413251903494,,1000.0,,,,,,,,,,relu,"(50,)",lbfgs
7239654f-8389-4a08-9a8b-dced1eb0978a,MLP,499,0.5623413251903494,,1000.0,,,,,,,,,,relu,"(50, 25)",lbfgs
03b24360-9d4e-4896-9153-bb7d47a4aabe,MLP,499,0.5623413251903494,,1000.0,,,,,,,,,,relu,"(50, 50)",lbfgs
432f3b22-1183-4aa7-81b5-6dc996e8ea17,MLP,499,0.005623413251903493,,1000.0,,,,,,,,,,identity,"(5,)",lbfgs
683950a4-b5f4-4ceb-83b7-c5ec72c4c71e,MLP,499,0.005623413251903493,,1000.0,,,,,,,,,,identity,"(5, 5)",lbfgs
902cb62d-1413-494a-b240-b1b2a86b36b5,MLP,499,0.005623413251903493,,1000.0,,,,,,,,,,identity,"(5, 10)",lbfgs
63d2a86f-fa69-4812-bafd-15b81fc7f406,MLP,499,0.005623413251903493,,1000.0,,,,,,,,,,identity,"(25,)",lbfgs
de15ef56-05e4-46a0-95ef-3e39315677bc,MLP,499,0.005623413251903493,,1000.0,,,,,,,,,,identity,"(25, 25)",lbfgs
2b585669-44ae-4aa9-860f-bc5e78be95b4,MLP,499,0.005623413251903493,,1000.0,,,,,,,,,,identity,"(25, 50)",lbfgs
5a79b848-392a-4200-9c71-9a6dea73a9d1,MLP,499,0.005623413251903493,,1000.0,,,,,,,,,,identity,"(50,)",lbfgs
c11efcb5-7f2d-4a6b-b849-b40d3341aa51,MLP,499,0.005623413251903493,,1000.0,,,,,,,,,,identity,"(50, 25)",lbfgs
6afab72c-b194-441d-a964-a477655f5226,MLP,499,0.005623413251903493,,1000.0,,,,,,,,,,identity,"(50, 50)",lbfgs
19926ea4-2828-4be4-bcc1-05e2aa799e27,MLP,499,0.005623413251903493,,1000.0,,,,,,,,,,logistic,"(5,)",lbfgs
4e725918-96d3-409b-8056-e54e234506e4,MLP,499,0.005623413251903493,,1000.0,,,,,,,,,,logistic,"(5, 5)",lbfgs
611cd922-890b-4af2-94e8-f3baf2134920,MLP,499,0.005623413251903493,,1000.0,,,,,,,,,,logistic,"(5, 10)",lbfgs
0dad0c33-4c29-43fb-8b23-891e155a1fbd,MLP,499,0.005623413251903493,,1000.0,,,,,,,,,,logistic,"(25,)",lbfgs
96126f0d-70b9-492a-81b8-096e3628d76f,MLP,499,0.005623413251903493,,1000.0,,,,,,,,,,logistic,"(25, 25)",lbfgs
42aea50a-4af7-4cd5-9620-6c70f172c0ff,MLP,499,0.005623413251903493,,1000.0,,,,,,,,,,logistic,"(25, 50)",lbfgs
95ede74a-c202-4123-b4d2-a3b15218c653,MLP,499,0.005623413251903493,,1000.0,,,,,,,,,,logistic,"(50,)",lbfgs
48eadb47-d93b-4077-a5d5-2dfead44b8f2,MLP,499,0.005623413251903493,,1000.0,,,,,,,,,,logistic,"(50, 25)",lbfgs
ce9ea4da-798e-4f61-86cd-35f32653b47f,MLP,499,0.005623413251903493,,1000.0,,,,,,,,,,logistic,"(50, 50)",lbfgs
d3d92c13-c94f-42f2-8695-c990922a45ef,MLP,499,0.005623413251903493,,1000.0,,,,,,,,,,tanh,"(5,)",lbfgs
732c1d89-a55d-49bb-afee-cca0ba6ec6c1,MLP,499,0.005623413251903493,,1000.0,,,,,,,,,,tanh,"(5, 5)",lbfgs
1fb4521c-6535-4e67-99db-bd7f4b44a469,MLP,499,0.005623413251903493,,1000.0,,,,,,,,,,tanh,"(5, 10)",lbfgs
438239f2-553d-43d4-8528-08fea09dd65a,MLP,499,0.005623413251903493,,1000.0,,,,,,,,,,tanh,"(25,)",lbfgs
b13ef446-cdca-43ee-bea0-0cb19462ce8c,MLP,499,0.005623413251903493,,1000.0,,,,,,,,,,tanh,"(25, 25)",lbfgs
3f21ecf5-c5ce-4f9a-88bf-ed741bf508e6,MLP,499,0.005623413251903493,,1000.0,,,,,,,,,,tanh,"(25, 50)",lbfgs
34e3de64-a627-4c83-afac-65bfd627f967,MLP,499,0.005623413251903493,,1000.0,,,,,,,,,,tanh,"(50,)",lbfgs
5752cb15-79ca-47fa-bb07-163b1c2aae40,MLP,499,0.005623413251903493,,1000.0,,,,,,,,,,tanh,"(50, 25)",lbfgs
3668472a-6aa5-44f6-a241-ba817f8d9245,MLP,499,0.005623413251903493,,1000.0,,,,,,,,,,tanh,"(50, 50)",lbfgs
995d1654-22f0-4a1b-8b66-51224bc51839,MLP,499,0.005623413251903493,,1000.0,,,,,,,,,,relu,"(5,)",lbfgs
c0c0f746-5d3b-490d-8466-672dad214abd,MLP,499,0.005623413251903493,,1000.0,,,,,,,,,,relu,"(5, 5)",lbfgs
1d436eb1-0efa-42ce-97a9-60dd7752e5fd,MLP,499,0.005623413251903493,,1000.0,,,,,,,,,,relu,"(5, 10)",lbfgs
43760d0c-7ebd-4eda-b797-c3cee0ae37aa,MLP,499,0.005623413251903493,,1000.0,,,,,,,,,,relu,"(25,)",lbfgs
236d7ecc-620f-4139-b468-9ea503f1b7d3,MLP,499,0.005623413251903493,,1000.0,,,,,,,,,,relu,"(25, 25)",lbfgs
90a824e0-cdf4-43ba-b6a3-203ba3cd680f,MLP,499,0.005623413251903493,,1000.0,,,,,,,,,,relu,"(25, 50)",lbfgs
ddf8919c-b750-41d7-97b8-0069f34976d8,MLP,499,0.005623413251903493,,1000.0,,,,,,,,,,relu,"(50,)",lbfgs
5889fd49-54e0-41c8-ad93-3e0b80d3cfb9,MLP,499,0.005623413251903493,,1000.0,,,,,,,,,,relu,"(50, 25)",lbfgs
00b5b609-39a5-46f4-a5b3-3178bdb64708,MLP,499,0.005623413251903493,,1000.0,,,,,,,,,,relu,"(50, 50)",lbfgs
2ec667a9-73c4-46b6-8aca-d47954bd0f35,MLP,499,0.0017782794100389236,,1000.0,,,,,,,,,,identity,"(5,)",lbfgs
eb5d658a-9398-4fa2-a31a-fdd2c6c1f470,MLP,499,0.0017782794100389236,,1000.0,,,,,,,,,,identity,"(5, 5)",lbfgs
a04e3074-e2f6-4799-8f8d-012c09559f74,MLP,499,0.0017782794100389236,,1000.0,,,,,,,,,,identity,"(5, 10)",lbfgs
1bad6b8c-57fe-4439-bdc9-9e0970aba930,MLP,499,0.0017782794100389236,,1000.0,,,,,,,,,,identity,"(25,)",lbfgs
df29568e-ef18-4e4a-a4ab-fed702ec3593,MLP,499,0.0017782794100389236,,1000.0,,,,,,,,,,identity,"(25, 25)",lbfgs
9fdd92fc-b151-4bdb-add3-89d623bb7654,MLP,499,0.0017782794100389236,,1000.0,,,,,,,,,,identity,"(25, 50)",lbfgs
34d0f796-522a-4b58-8fc2-785b8e68b7be,MLP,499,0.0017782794100389236,,1000.0,,,,,,,,,,identity,"(50,)",lbfgs
f51ea29f-b5c0-473e-a937-6c6287503261,MLP,499,0.0017782794100389236,,1000.0,,,,,,,,,,identity,"(50, 25)",lbfgs
e42f8a73-8259-46f9-96bd-fe7fe48d9b5f,MLP,499,0.0017782794100389236,,1000.0,,,,,,,,,,identity,"(50, 50)",lbfgs
5947f127-14f4-403a-a2fd-b7db6dde51ad,MLP,499,0.0017782794100389236,,1000.0,,,,,,,,,,logistic,"(5,)",lbfgs
deb7d2e5-9862-4dd4-9cc6-83cb7a94dbbd,MLP,499,0.0017782794100389236,,1000.0,,,,,,,,,,logistic,"(5, 5)",lbfgs
b02d65ae-b617-4aca-8f52-81087aa30cc9,MLP,499,0.0017782794100389236,,1000.0,,,,,,,,,,logistic,"(5, 10)",lbfgs
a1329578-63ae-449c-a936-d60b2d6ea661,MLP,499,0.0017782794100389236,,1000.0,,,,,,,,,,logistic,"(25,)",lbfgs
6c6a79da-7920-4a04-a288-0e71d6c14d5e,MLP,499,0.0017782794100389236,,1000.0,,,,,,,,,,logistic,"(25, 25)",lbfgs
67ade495-7f5a-4eb1-8728-79a1dcdbdd93,MLP,499,0.0017782794100389236,,1000.0,,,,,,,,,,logistic,"(25, 50)",lbfgs
64b9b2b5-01c6-4a2c-8967-648ecdcf9ed4,MLP,499,0.0017782794100389236,,1000.0,,,,,,,,,,logistic,"(50,)",lbfgs
46115b5d-88b4-4b02-8c5e-1c9a87adf444,MLP,499,0.0017782794100389236,,1000.0,,,,,,,,,,logistic,"(50, 25)",lbfgs
796f6522-7558-4995-9223-b74e6132498d,MLP,499,0.0017782794100389236,,1000.0,,,,,,,,,,logistic,"(50, 50)",lbfgs
9bc05701-9736-4463-abbd-ec6c8a498820,MLP,499,0.0017782794100389236,,1000.0,,,,,,,,,,tanh,"(5,)",lbfgs
290c9ad7-bff3-4a8b-bb88-59b4a9cbf647,MLP,499,0.0017782794100389236,,1000.0,,,,,,,,,,tanh,"(5, 5)",lbfgs
c2d9d32e-b1b5-4f01-8116-1cf9812caf2d,MLP,499,0.0017782794100389236,,1000.0,,,,,,,,,,tanh,"(5, 10)",lbfgs
5ebd5522-a2b7-4da2-8626-5663f62e6466,MLP,499,0.0017782794100389236,,1000.0,,,,,,,,,,tanh,"(25,)",lbfgs
b3648d49-fc4d-488e-b198-8f53ed71768a,MLP,499,0.0017782794100389236,,1000.0,,,,,,,,,,tanh,"(25, 25)",lbfgs
b629a559-cd0d-4687-887a-80d5af9ed1c4,MLP,499,0.0017782794100389236,,1000.0,,,,,,,,,,tanh,"(25, 50)",lbfgs
1ba6827b-de3c-4bff-a66d-c10078258006,MLP,499,0.0017782794100389236,,1000.0,,,,,,,,,,tanh,"(50,)",lbfgs
23b7f1cb-aa48-4325-9f89-9d5b69acc2ba,MLP,499,0.0017782794100389236,,1000.0,,,,,,,,,,tanh,"(50, 25)",lbfgs
df1f6fd5-deb0-433d-a419-f14c55f3be86,MLP,499,0.0017782794100389236,,1000.0,,,,,,,,,,tanh,"(50, 50)",lbfgs
575e9f3a-e269-4a71-99a4-936c8a9b3f5b,MLP,499,0.0017782794100389236,,1000.0,,,,,,,,,,relu,"(5,)",lbfgs
2eee83fb-ba37-48ee-bd73-229801696127,MLP,499,0.0017782794100389236,,1000.0,,,,,,,,,,relu,"(5, 5)",lbfgs
72690e06-7420-45e5-af5c-603e41be4791,MLP,499,0.0017782794100389236,,1000.0,,,,,,,,,,relu,"(5, 10)",lbfgs
c3907c38-f0a6-4145-8cc2-d028bf634f04,MLP,499,0.0017782794100389236,,1000.0,,,,,,,,,,relu,"(25,)",lbfgs
b2d91f6d-e70c-4def-86ca-6e7730e0f6e4,MLP,499,0.0017782794100389236,,1000.0,,,,,,,,,,relu,"(25, 25)",lbfgs
2fadaac8-cf69-4c2f-97c3-be12c023560e,MLP,499,0.0017782794100389236,,1000.0,,,,,,,,,,relu,"(25, 50)",lbfgs
4036554b-2de4-405f-acc8-9e796fdd9b91,MLP,499,0.0017782794100389236,,1000.0,,,,,,,,,,relu,"(50,)",lbfgs
199bdca7-ba04-4cef-a57a-bce54c7562fa,MLP,499,0.0017782794100389236,,1000.0,,,,,,,,,,relu,"(50, 25)",lbfgs
48a7df7d-6f29-41af-839a-fb106acea44f,MLP,499,0.0017782794100389236,,1000.0,,,,,,,,,,relu,"(50, 50)",lbfgs
ad6834b9-dae7-4b10-9968-643112b67b3b,MLP,499,0.1778279410038923,,1000.0,,,,,,,,,,identity,"(5,)",lbfgs
c2e5d1e7-9ef1-478c-9f12-94bd09947fd2,MLP,499,0.1778279410038923,,1000.0,,,,,,,,,,identity,"(5, 5)",lbfgs
c718e341-1d3f-4448-ad72-7b98e2169c20,MLP,499,0.1778279410038923,,1000.0,,,,,,,,,,identity,"(5, 10)",lbfgs
e09aeecc-6856-4eba-8632-27f9af2ed014,MLP,499,0.1778279410038923,,1000.0,,,,,,,,,,identity,"(25,)",lbfgs
ae79049c-1af3-42d0-8ee2-729e0f575158,MLP,499,0.1778279410038923,,1000.0,,,,,,,,,,identity,"(25, 25)",lbfgs
247e6946-6836-4229-bc4f-9a50e7fd9546,MLP,499,0.1778279410038923,,1000.0,,,,,,,,,,identity,"(25, 50)",lbfgs
06a85557-32db-401c-b925-9b98dd017288,MLP,499,0.1778279410038923,,1000.0,,,,,,,,,,identity,"(50,)",lbfgs
e06cabd1-9f08-4d6f-ad3c-295d74678755,MLP,499,0.1778279410038923,,1000.0,,,,,,,,,,identity,"(50, 25)",lbfgs
a8441a29-37ce-4704-99e6-7aaf5f889d71,MLP,499,0.1778279410038923,,1000.0,,,,,,,,,,identity,"(50, 50)",lbfgs
5b8a6604-f70a-42d3-b143-692e7388a289,MLP,499,0.1778279410038923,,1000.0,,,,,,,,,,logistic,"(5,)",lbfgs
3ecd3d70-0199-465a-ac6b-fb27da409853,MLP,499,0.1778279410038923,,1000.0,,,,,,,,,,logistic,"(5, 5)",lbfgs
9b11678a-3eb6-44e8-b1d7-67df437d0022,MLP,499,0.1778279410038923,,1000.0,,,,,,,,,,logistic,"(5, 10)",lbfgs
aa109a5e-c53d-4141-ba43-a1a2f67ed18b,MLP,499,0.1778279410038923,,1000.0,,,,,,,,,,logistic,"(25,)",lbfgs
7a300292-7149-4a6c-8680-d27ecca22879,MLP,499,0.1778279410038923,,1000.0,,,,,,,,,,logistic,"(25, 25)",lbfgs
619b4b2f-d860-4cd8-885d-1fdff6d89a2e,MLP,499,0.1778279410038923,,1000.0,,,,,,,,,,logistic,"(25, 50)",lbfgs
7f627cc1-519d-4ba4-8cb2-3dbf408a7b9d,MLP,499,0.1778279410038923,,1000.0,,,,,,,,,,logistic,"(50,)",lbfgs
2a987972-7dc9-4d0d-b7d5-9d0af54bb6f7,MLP,499,0.1778279410038923,,1000.0,,,,,,,,,,logistic,"(50, 25)",lbfgs
0e51669d-aa2a-458c-8dc3-c0b7e037797d,MLP,499,0.1778279410038923,,1000.0,,,,,,,,,,logistic,"(50, 50)",lbfgs
59723a0d-2ba6-4df2-91c3-139d84c5636a,MLP,499,0.1778279410038923,,1000.0,,,,,,,,,,tanh,"(5,)",lbfgs
254e8915-0e9e-4391-a3f4-aaa8b8c3d84f,MLP,499,0.1778279410038923,,1000.0,,,,,,,,,,tanh,"(5, 5)",lbfgs
71c09a08-2818-47bc-8aad-1c75136f08f5,MLP,499,0.1778279410038923,,1000.0,,,,,,,,,,tanh,"(5, 10)",lbfgs
4852a23b-77b9-4770-94ff-99585c124c21,MLP,499,0.1778279410038923,,1000.0,,,,,,,,,,tanh,"(25,)",lbfgs
811c852d-7469-49db-8ed3-792de12b5355,MLP,499,0.1778279410038923,,1000.0,,,,,,,,,,tanh,"(25, 25)",lbfgs
87214cc0-4551-48bf-a0d3-0951cf7a8fc0,MLP,499,0.1778279410038923,,1000.0,,,,,,,,,,tanh,"(25, 50)",lbfgs
d3fb551c-3e14-45e4-bee0-d055919244df,MLP,499,0.1778279410038923,,1000.0,,,,,,,,,,tanh,"(50,)",lbfgs
1362b53e-d5ac-42eb-a8f3-2dab911d0c02,MLP,499,0.1778279410038923,,1000.0,,,,,,,,,,tanh,"(50, 25)",lbfgs
46ff5e2c-b1d5-419c-b6d6-90d290bf550a,MLP,499,0.1778279410038923,,1000.0,,,,,,,,,,tanh,"(50, 50)",lbfgs
67a8286d-0d92-44ad-b982-8ab0d6f1f87f,MLP,499,0.1778279410038923,,1000.0,,,,,,,,,,relu,"(5,)",lbfgs
f195b57b-adce-41bb-a317-6b8773508a46,MLP,499,0.1778279410038923,,1000.0,,,,,,,,,,relu,"(5, 5)",lbfgs
a14ac664-b484-413d-9fff-0ffbc84059d7,MLP,499,0.1778279410038923,,1000.0,,,,,,,,,,relu,"(5, 10)",lbfgs
d93667b9-fc2c-4a10-8f4f-b1364cc664c5,MLP,499,0.1778279410038923,,1000.0,,,,,,,,,,relu,"(25,)",lbfgs
24bf5c6e-1405-4de4-8d7f-e6dea64f318d,MLP,499,0.1778279410038923,,1000.0,,,,,,,,,,relu,"(25, 25)",lbfgs
73652c93-61aa-4c80-bef6-8bfa43b89472,MLP,499,0.1778279410038923,,1000.0,,,,,,,,,,relu,"(25, 50)",lbfgs
287cfb21-fd75-4deb-a950-935ed2c5c225,MLP,499,0.1778279410038923,,1000.0,,,,,,,,,,relu,"(50,)",lbfgs
b22a535b-9399-4269-8973-557ddebc7250,MLP,499,0.1778279410038923,,1000.0,,,,,,,,,,relu,"(50, 25)",lbfgs
2f92ff47-4493-40dd-b8b1-7f0273965c50,MLP,499,0.1778279410038923,,1000.0,,,,,,,,,,relu,"(50, 50)",lbfgs
62383796-4456-4130-8c55-55a6e86f0b56,MLP,499,0.017782794100389243,,1000.0,,,,,,,,,,identity,"(5,)",lbfgs
6d972f34-bfe8-4989-9d38-33bae67e99f9,MLP,499,0.017782794100389243,,1000.0,,,,,,,,,,identity,"(5, 5)",lbfgs
aa61129f-844b-4346-bdad-1aafcc64325a,MLP,499,0.017782794100389243,,1000.0,,,,,,,,,,identity,"(5, 10)",lbfgs
1e5a5d5f-db79-4faf-b17e-651d2c9e9687,MLP,499,0.017782794100389243,,1000.0,,,,,,,,,,identity,"(25,)",lbfgs
2b4f27e2-5232-4729-b393-8a563d4286cf,MLP,499,0.017782794100389243,,1000.0,,,,,,,,,,identity,"(25, 25)",lbfgs
687993bf-8d16-4cbe-9dfb-a15f80cec45b,MLP,499,0.017782794100389243,,1000.0,,,,,,,,,,identity,"(25, 50)",lbfgs
f703320d-0b12-4406-8658-73d94037ba49,MLP,499,0.017782794100389243,,1000.0,,,,,,,,,,identity,"(50,)",lbfgs
bbe60630-d953-4e2b-8be2-26269666e46f,MLP,499,0.017782794100389243,,1000.0,,,,,,,,,,identity,"(50, 25)",lbfgs
586564e4-0a35-4945-a2a6-9db7b79462af,MLP,499,0.017782794100389243,,1000.0,,,,,,,,,,identity,"(50, 50)",lbfgs
164c4ccd-931d-4734-be27-85a26196aaa0,MLP,499,0.017782794100389243,,1000.0,,,,,,,,,,logistic,"(5,)",lbfgs
bb73c582-d1ec-4c7a-ad3c-fbbe309a9626,MLP,499,0.017782794100389243,,1000.0,,,,,,,,,,logistic,"(5, 5)",lbfgs
d5505270-c295-4ed0-9412-e31dcbe2712d,MLP,499,0.017782794100389243,,1000.0,,,,,,,,,,logistic,"(5, 10)",lbfgs
9a190ebf-cc62-4305-bc3b-23efc777086c,MLP,499,0.017782794100389243,,1000.0,,,,,,,,,,logistic,"(25,)",lbfgs
114d28dc-10ad-4bb0-84ef-e06e435f40a6,MLP,499,0.017782794100389243,,1000.0,,,,,,,,,,logistic,"(25, 25)",lbfgs
234587da-025e-4406-ac3b-a5da06c142cd,MLP,499,0.017782794100389243,,1000.0,,,,,,,,,,logistic,"(25, 50)",lbfgs
53925382-4a73-4c88-8681-b7ebaaf701b2,MLP,499,0.017782794100389243,,1000.0,,,,,,,,,,logistic,"(50,)",lbfgs
01945448-9d0c-4694-b528-38eef8a93020,MLP,499,0.017782794100389243,,1000.0,,,,,,,,,,logistic,"(50, 25)",lbfgs
f5f5a4c2-e227-4677-a8ba-d22cc80ef3a6,MLP,499,0.017782794100389243,,1000.0,,,,,,,,,,logistic,"(50, 50)",lbfgs
a7229527-8688-4968-b551-6e4dea01b749,MLP,499,0.017782794100389243,,1000.0,,,,,,,,,,tanh,"(5,)",lbfgs
0662da52-a9ed-4760-8c3e-3d439bee35e4,MLP,499,0.017782794100389243,,1000.0,,,,,,,,,,tanh,"(5, 5)",lbfgs
772b6303-a745-4494-87c2-07477b0348be,MLP,499,0.017782794100389243,,1000.0,,,,,,,,,,tanh,"(5, 10)",lbfgs
2a641458-539e-4a57-bd76-609a59e02b09,MLP,499,0.017782794100389243,,1000.0,,,,,,,,,,tanh,"(25,)",lbfgs
374e6f38-26ca-40c9-b498-f2d43973e915,MLP,499,0.017782794100389243,,1000.0,,,,,,,,,,tanh,"(25, 25)",lbfgs
6006c2b1-a728-454d-bdec-c7ae6b1970dc,MLP,499,0.017782794100389243,,1000.0,,,,,,,,,,tanh,"(25, 50)",lbfgs
b7f9a69f-f7e0-46b7-a1d7-fa08612b20aa,MLP,499,0.017782794100389243,,1000.0,,,,,,,,,,tanh,"(50,)",lbfgs
523b108e-3ae5-455e-9486-e69c12b34ff5,MLP,499,0.017782794100389243,,1000.0,,,,,,,,,,tanh,"(50, 25)",lbfgs
594d2c81-0e41-4d5b-93aa-1b6161e0e575,MLP,499,0.017782794100389243,,1000.0,,,,,,,,,,tanh,"(50, 50)",lbfgs
6fe934aa-36e3-439e-8ffa-d6b3fc945600,MLP,499,0.017782794100389243,,1000.0,,,,,,,,,,relu,"(5,)",lbfgs
f39478ce-576d-4b85-b08f-c7bd0514be4b,MLP,499,0.017782794100389243,,1000.0,,,,,,,,,,relu,"(5, 5)",lbfgs
2b919910-cb4c-4b3f-9afa-708526cd3c68,MLP,499,0.017782794100389243,,1000.0,,,,,,,,,,relu,"(5, 10)",lbfgs
5260c32d-152c-417b-b2d8-7233bfc94646,MLP,499,0.017782794100389243,,1000.0,,,,,,,,,,relu,"(25,)",lbfgs
47a82028-1d95-4ec6-85f1-567f9d53d551,MLP,499,0.017782794100389243,,1000.0,,,,,,,,,,relu,"(25, 25)",lbfgs
dc8880c1-7c19-406e-9ce7-12d15b71ab86,MLP,499,0.017782794100389243,,1000.0,,,,,,,,,,relu,"(25, 50)",lbfgs
ee190cca-855f-45fd-86e0-2bb99437e02b,MLP,499,0.017782794100389243,,1000.0,,,,,,,,,,relu,"(50,)",lbfgs
2babf9ab-68e7-48ac-ae56-7ee17841c821,MLP,499,0.017782794100389243,,1000.0,,,,,,,,,,relu,"(50, 25)",lbfgs
47c107d4-4ee5-474d-ba4a-a48e0649bd39,MLP,499,0.017782794100389243,,1000.0,,,,,,,,,,relu,"(50, 50)",lbfgs
61d39396-80c3-43e2-9e2f-84667a5851e2,MLP,499,0.00017782794100389235,,1000.0,,,,,,,,,,identity,"(5,)",lbfgs
5c5e9d5c-d3b7-453d-8e76-27b62e545140,MLP,499,0.00017782794100389235,,1000.0,,,,,,,,,,identity,"(5, 5)",lbfgs
9c5070c8-d5b4-485e-af2c-93770cc4d0fe,MLP,499,0.00017782794100389235,,1000.0,,,,,,,,,,identity,"(5, 10)",lbfgs
ab381275-f7c2-4e99-8740-9286e3984379,MLP,499,0.00017782794100389235,,1000.0,,,,,,,,,,identity,"(25,)",lbfgs
07d784ce-469e-441b-ba9b-49372e70d3b5,MLP,499,0.00017782794100389235,,1000.0,,,,,,,,,,identity,"(25, 25)",lbfgs
ffade9e7-e2fa-4878-953e-1fcfeed2e083,MLP,499,0.00017782794100389235,,1000.0,,,,,,,,,,identity,"(25, 50)",lbfgs
2342f4bd-7adb-438a-a5ba-fa43ae9e5c9d,MLP,499,0.00017782794100389235,,1000.0,,,,,,,,,,identity,"(50,)",lbfgs
b7514297-3e03-47c7-937d-a33391cedc68,MLP,499,0.00017782794100389235,,1000.0,,,,,,,,,,identity,"(50, 25)",lbfgs
dd98e61e-e654-4ebe-a7ba-2de53dd5b1df,MLP,499,0.00017782794100389235,,1000.0,,,,,,,,,,identity,"(50, 50)",lbfgs
5fee25ae-4c68-49ac-aaf8-985ff34135f5,MLP,499,0.00017782794100389235,,1000.0,,,,,,,,,,logistic,"(5,)",lbfgs
4fc462f3-34f8-41fd-a32b-023faf500482,MLP,499,0.00017782794100389235,,1000.0,,,,,,,,,,logistic,"(5, 5)",lbfgs
1dae48cb-9d08-4d5d-ba80-edff9f68fef7,MLP,499,0.00017782794100389235,,1000.0,,,,,,,,,,logistic,"(5, 10)",lbfgs
b65004ce-790d-46a6-a555-4d59ab3deaad,MLP,499,0.00017782794100389235,,1000.0,,,,,,,,,,logistic,"(25,)",lbfgs
e7ab2092-a554-4133-99a5-ed65fa7b4467,MLP,499,0.00017782794100389235,,1000.0,,,,,,,,,,logistic,"(25, 25)",lbfgs
d4e3c2c0-6c6b-492a-8e5a-5915049cec93,MLP,499,0.00017782794100389235,,1000.0,,,,,,,,,,logistic,"(25, 50)",lbfgs
beade702-2f77-4759-b0d9-ddf59259df95,MLP,499,0.00017782794100389235,,1000.0,,,,,,,,,,logistic,"(50,)",lbfgs
bd07cc47-c3a0-4b12-99e0-aa54201a288a,MLP,499,0.00017782794100389235,,1000.0,,,,,,,,,,logistic,"(50, 25)",lbfgs
f7cc4953-88a5-4b49-a9da-0428cc2f1442,MLP,499,0.00017782794100389235,,1000.0,,,,,,,,,,logistic,"(50, 50)",lbfgs
c97da4e9-8fae-4e83-b65d-c92c87ce63fc,MLP,499,0.00017782794100389235,,1000.0,,,,,,,,,,tanh,"(5,)",lbfgs
beb1b33f-9788-48ed-b2cf-7fad4bfee658,MLP,499,0.00017782794100389235,,1000.0,,,,,,,,,,tanh,"(5, 5)",lbfgs
6d5baf94-9d82-480b-a8a5-7a44c6d21663,MLP,499,0.00017782794100389235,,1000.0,,,,,,,,,,tanh,"(5, 10)",lbfgs
8ae2355a-41db-4ace-a73c-bf95045fac7e,MLP,499,0.00017782794100389235,,1000.0,,,,,,,,,,tanh,"(25,)",lbfgs
3261a23b-159b-48db-8dae-d4e5f64c2336,MLP,499,0.00017782794100389235,,1000.0,,,,,,,,,,tanh,"(25, 25)",lbfgs
825625e7-2bf0-4934-aac4-0c77f114b22c,MLP,499,0.00017782794100389235,,1000.0,,,,,,,,,,tanh,"(25, 50)",lbfgs
5ab9a62b-f8a1-4e04-bed6-4a2a89668151,MLP,499,0.00017782794100389235,,1000.0,,,,,,,,,,tanh,"(50,)",lbfgs
ffa110fe-aed0-46b1-8d1d-4dbc731937b0,MLP,499,0.00017782794100389235,,1000.0,,,,,,,,,,tanh,"(50, 25)",lbfgs
80c5dc13-2560-4540-83b5-98e89fbc2b38,MLP,499,0.00017782794100389235,,1000.0,,,,,,,,,,tanh,"(50, 50)",lbfgs
9fd029c1-cead-4126-b94b-86d9b96e1626,MLP,499,0.00017782794100389235,,1000.0,,,,,,,,,,relu,"(5,)",lbfgs
fc1abb5b-6fe0-4162-8371-8db08387a91d,MLP,499,0.00017782794100389235,,1000.0,,,,,,,,,,relu,"(5, 5)",lbfgs
22128f87-f08b-4931-8ef3-3e38af252583,MLP,499,0.00017782794100389235,,1000.0,,,,,,,,,,relu,"(5, 10)",lbfgs
420d2f42-acee-425f-a796-1f36401a8b8a,MLP,499,0.00017782794100389235,,1000.0,,,,,,,,,,relu,"(25,)",lbfgs
72e0fbfc-4042-4c41-ae26-916cf571324a,MLP,499,0.00017782794100389235,,1000.0,,,,,,,,,,relu,"(25, 25)",lbfgs
fe684a93-4d81-4bd7-845b-d6a16829c019,MLP,499,0.00017782794100389235,,1000.0,,,,,,,,,,relu,"(25, 50)",lbfgs
aef90ae0-2bda-4459-9d6b-a97a429216a6,MLP,499,0.00017782794100389235,,1000.0,,,,,,,,,,relu,"(50,)",lbfgs
227aafea-dcb7-47c4-a181-2c1865ac8017,MLP,499,0.00017782794100389235,,1000.0,,,,,,,,,,relu,"(50, 25)",lbfgs
fd7fe96c-17aa-4a66-b8ee-7ffb7aae50a7,MLP,499,0.00017782794100389235,,1000.0,,,,,,,,,,relu,"(50, 50)",lbfgs
