feature,timepoint,context,response,model,R^2,num_observations,set,se_lower,se_upper
topo,0,C,ACTIVITY,MLR,0.7906401770610179,50,TRAIN,0.7783980150784829,0.8028823390435528
topo,0,C,ACTIVITY,RF,0.7438541763637986,50,TRAIN,0.7353514351543626,0.7523569175732345
topo,0,C,ACTIVITY,SVR,0.6623507878539594,50,TRAIN,0.6488743822058441,0.6758271935020747
topo,0,C,ACTIVITY,MLP,0.15748570952114185,50,TRAIN,0.11954395514681126,0.19542746389547244
topo,0,C,ACTIVITY,MLR,0.5624785366674738,100,TRAIN,0.5456855941338337,0.579271479201114
topo,0,C,ACTIVITY,RF,0.5841879220352838,100,TRAIN,0.5752143614285641,0.5931614826420035
topo,0,C,ACTIVITY,SVR,0.6125958091784951,100,TRAIN,0.601052476759901,0.6241391415970892
topo,0,C,ACTIVITY,MLP,0.2748592010920812,100,TRAIN,0.24739558927226976,0.30232281291189256
topo,0,C,ACTIVITY,MLR,0.4343923110759475,150,TRAIN,0.42249188007436567,0.44629274207752934
topo,0,C,ACTIVITY,RF,0.561123745526585,150,TRAIN,0.5531570397403348,0.5690904513128351
topo,0,C,ACTIVITY,SVR,0.6056518728654148,150,TRAIN,0.5942974073645328,0.6170063383662967
topo,0,C,ACTIVITY,MLP,0.3241917069684491,150,TRAIN,0.30136003338684897,0.3470233805500493
topo,0,C,ACTIVITY,MLR,0.384622647509435,200,TRAIN,0.3754780716106288,0.39376722340824116
topo,0,C,ACTIVITY,RF,0.4760944272360571,200,TRAIN,0.4680022368961982,0.484186617575916
topo,0,C,ACTIVITY,SVR,0.5608190851426315,200,TRAIN,0.5507685054261946,0.5708696648590683
topo,0,C,ACTIVITY,MLP,0.44505839321241797,200,TRAIN,0.43000104103675807,0.46011574538807787
topo,0,C,ACTIVITY,MLR,0.36648564562368574,250,TRAIN,0.35800878672569403,0.37496250452167745
topo,0,C,ACTIVITY,RF,0.4446207354465082,250,TRAIN,0.43719925848060515,0.45204221241241127
topo,0,C,ACTIVITY,SVR,0.5487525095817477,250,TRAIN,0.5402545035451461,0.5572505156183493
topo,0,C,ACTIVITY,MLP,0.4406629361237727,250,TRAIN,0.42503342030795427,0.45629245193959117
topo,0,C,ACTIVITY,MLR,0.34721526214284143,300,TRAIN,0.34158964728174696,0.3528408770039359
topo,0,C,ACTIVITY,RF,0.44261359973969255,300,TRAIN,0.43608174220129886,0.44914545727808625
topo,0,C,ACTIVITY,SVR,0.5321926742447004,300,TRAIN,0.5249370720409459,0.5394482764484549
topo,0,C,ACTIVITY,MLP,0.4933175214848175,300,TRAIN,0.48494925410014644,0.5016857888694886
topo,0,C,ACTIVITY,MLR,0.3287580918638443,350,TRAIN,0.3225451639048441,0.3349710198228445
topo,0,C,ACTIVITY,RF,0.40770913724842345,350,TRAIN,0.4016323926485634,0.4137858818482835
topo,0,C,ACTIVITY,SVR,0.5239196208715511,350,TRAIN,0.5167392683187708,0.5310999734243314
topo,0,C,ACTIVITY,MLP,0.4990125896052309,350,TRAIN,0.4897880076854145,0.5082371715250474
topo,0,C,ACTIVITY,MLR,0.3246016184860954,400,TRAIN,0.3184377028839097,0.33076553408828113
topo,0,C,ACTIVITY,RF,0.399433020410226,400,TRAIN,0.39467391300084137,0.4041921278196106
topo,0,C,ACTIVITY,SVR,0.5269855230614755,400,TRAIN,0.5210021058319507,0.5329689402910003
topo,0,C,ACTIVITY,MLP,0.5076293079094973,400,TRAIN,0.49866958161296937,0.5165890342060253
topo,0,C,ACTIVITY,MLR,0.31584744489162664,450,TRAIN,0.3113305835321837,0.3203643062510696
topo,0,C,ACTIVITY,RF,0.39004610887359376,450,TRAIN,0.38623670398090804,0.3938555137662795
topo,0,C,ACTIVITY,SVR,0.5094411354571472,450,TRAIN,0.5044619761440856,0.5144202947702088
topo,0,C,ACTIVITY,MLP,0.5256545531791941,450,TRAIN,0.5168641872962852,0.5344449190621029
topo,0,C,ACTIVITY,MLR,0.30953665858634843,500,TRAIN,0.30456483825568,0.3145084789170169
topo,0,C,ACTIVITY,RF,0.3741534864333526,500,TRAIN,0.36935565894378564,0.3789513139229196
topo,0,C,ACTIVITY,SVR,0.5070737060936295,500,TRAIN,0.5030245122643774,0.5111228999228815
topo,0,C,ACTIVITY,MLP,0.5249615961017486,500,TRAIN,0.5160375166741498,0.5338856755293475
topo,0,C,GROWTH,MLR,0.7482673320829113,50,TRAIN,0.7371532411686238,0.7593814229971988
topo,0,C,GROWTH,RF,0.9315176041879716,50,TRAIN,0.9274335559730507,0.9356016524028925
topo,0,C,GROWTH,SVR,0.6543976950163791,50,TRAIN,0.6357984159055102,0.672996974127248
topo,0,C,GROWTH,MLP,-2.808727064633013e-08,50,TRAIN,-3.955684545943293e-08,-1.661769583322733e-08
topo,0,C,GROWTH,MLR,0.5167739666884489,100,TRAIN,0.5005640397374282,0.5329838936394695
topo,0,C,GROWTH,RF,0.7736344468414565,100,TRAIN,0.7661854604579158,0.7810834332249973
topo,0,C,GROWTH,SVR,0.6072639311395861,100,TRAIN,0.5938101364764742,0.620717725802698
topo,0,C,GROWTH,MLP,0.0029709927659077573,100,TRAIN,4.989703718396091e-05,0.005892088494631554
topo,0,C,GROWTH,MLR,0.4305009551798294,150,TRAIN,0.4165901797858168,0.444411730573842
topo,0,C,GROWTH,RF,0.6943563801309269,150,TRAIN,0.6884206176883106,0.7002921425735432
topo,0,C,GROWTH,SVR,0.5589048987828626,150,TRAIN,0.5479874116903724,0.5698223858753529
topo,0,C,GROWTH,MLP,0.04650948087203159,150,TRAIN,0.029299206109574708,0.06371975563448848
topo,0,C,GROWTH,MLR,0.4057631935959734,200,TRAIN,0.39361452026594845,0.41791186692599835
topo,0,C,GROWTH,RF,0.6285268643148054,200,TRAIN,0.6213545068292118,0.6356992218003991
topo,0,C,GROWTH,SVR,0.5309671199219033,200,TRAIN,0.5211795477587527,0.5407546920850538
topo,0,C,GROWTH,MLP,0.20436032990229872,200,TRAIN,0.18002274050596034,0.2286979192986371
topo,0,C,GROWTH,MLR,0.3806988420501262,250,TRAIN,0.37123315257860867,0.39016453152164376
topo,0,C,GROWTH,RF,0.580470195134598,250,TRAIN,0.5744888422479568,0.5864515480212391
topo,0,C,GROWTH,SVR,0.5394990707133327,250,TRAIN,0.530129182631626,0.5488689587950394
topo,0,C,GROWTH,MLP,0.26159245596385977,250,TRAIN,0.24494200125416912,0.27824291067355045
topo,0,C,GROWTH,MLR,0.3701202900985484,300,TRAIN,0.3641752284846113,0.3760653517124855
topo,0,C,GROWTH,RF,0.5518897310063715,300,TRAIN,0.5451085814374014,0.5586708805753416
topo,0,C,GROWTH,SVR,0.5129913272668928,300,TRAIN,0.5044532919937397,0.5215293625400459
topo,0,C,GROWTH,MLP,0.2818558272211677,300,TRAIN,0.2686126813952076,0.2950989730471278
topo,0,C,GROWTH,MLR,0.3638056723142915,350,TRAIN,0.3576495623555707,0.3699617822730123
topo,0,C,GROWTH,RF,0.5188751904808514,350,TRAIN,0.5132189136251749,0.5245314673365279
topo,0,C,GROWTH,SVR,0.494106082736106,350,TRAIN,0.48771561539037855,0.5004965500818335
topo,0,C,GROWTH,MLP,0.32247486105664874,350,TRAIN,0.31477479844396944,0.33017492366932805
topo,0,C,GROWTH,MLR,0.34512918170519025,400,TRAIN,0.3390575178884752,0.3512008455219053
topo,0,C,GROWTH,RF,0.4999594701432347,400,TRAIN,0.4959371339312153,0.5039818063552541
topo,0,C,GROWTH,SVR,0.5104800034439723,400,TRAIN,0.5047964638400801,0.5161635430478644
topo,0,C,GROWTH,MLP,0.3213314244167256,400,TRAIN,0.31427803919981223,0.3283848096336389
topo,0,C,GROWTH,MLR,0.34572236292412073,450,TRAIN,0.34034366713921105,0.3511010587090304
topo,0,C,GROWTH,RF,0.4928053375145974,450,TRAIN,0.4888724530755605,0.49673822195363426
topo,0,C,GROWTH,SVR,0.5005477405621406,450,TRAIN,0.49535643530304974,0.5057390458212314
topo,0,C,GROWTH,MLP,0.3297629251424479,450,TRAIN,0.3237648365532578,0.3357610137316381
topo,0,C,GROWTH,MLR,0.3422657724986658,500,TRAIN,0.3377877207746975,0.3467438242226341
topo,0,C,GROWTH,RF,0.4735291447076835,500,TRAIN,0.46931539109080933,0.47774289832455763
topo,0,C,GROWTH,SVR,0.4983370737816201,500,TRAIN,0.4944118134520967,0.5022623341111435
topo,0,C,GROWTH,MLP,0.33459664783413035,500,TRAIN,0.32895448345163397,0.3402388122166267
topo,0,C,SYMMETRY,MLR,0.4715394669221623,50,TRAIN,0.452870596021575,0.49020833782274964
topo,0,C,SYMMETRY,RF,0.5126926616901284,50,TRAIN,0.5035762572307658,0.521809066149491
topo,0,C,SYMMETRY,SVR,0.4595056214662112,50,TRAIN,0.4428626394770302,0.4761486034553922
topo,0,C,SYMMETRY,MLP,0.04819327646159256,50,TRAIN,0.027782126305809247,0.06860442661737588
topo,0,C,SYMMETRY,MLR,0.2014018571566122,100,TRAIN,0.1882625191189185,0.21454119519430592
topo,0,C,SYMMETRY,RF,0.3255094886146415,100,TRAIN,0.31684872928694574,0.3341702479423373
topo,0,C,SYMMETRY,SVR,0.42973380272196415,100,TRAIN,0.4189502617537008,0.4405173436902275
topo,0,C,SYMMETRY,MLP,0.08201144314866933,100,TRAIN,0.06818009022878925,0.09584279606854941
topo,0,C,SYMMETRY,MLR,0.13182736995975505,150,TRAIN,0.12304693417830496,0.14060780574120516
topo,0,C,SYMMETRY,RF,0.25910717934887584,150,TRAIN,0.2527519424190786,0.26546241627867306
topo,0,C,SYMMETRY,SVR,0.424307235824512,150,TRAIN,0.4153465671192572,0.4332679045297668
topo,0,C,SYMMETRY,MLP,0.08054281781284489,150,TRAIN,0.07126628233107177,0.08981935329461802
topo,0,C,SYMMETRY,MLR,0.10956520222519936,200,TRAIN,0.1021621557977948,0.11696824865260391
topo,0,C,SYMMETRY,RF,0.2135147134957052,200,TRAIN,0.20932623366507241,0.21770319332633797
topo,0,C,SYMMETRY,SVR,0.3781435436367104,200,TRAIN,0.3712315007373016,0.38505558653611915
topo,0,C,SYMMETRY,MLP,0.11181555192449186,200,TRAIN,0.10407396366854721,0.1195571401804365
topo,0,C,SYMMETRY,MLR,0.06992383439456082,250,TRAIN,0.06425457623936931,0.07559309254975233
topo,0,C,SYMMETRY,RF,0.1896345118427693,250,TRAIN,0.1859861140874422,0.1932829095980964
topo,0,C,SYMMETRY,SVR,0.3790221100031729,250,TRAIN,0.3730977896877926,0.38494643031855313
topo,0,C,SYMMETRY,MLP,0.09558888418625598,250,TRAIN,0.0851488949832837,0.10602887338922827
topo,0,C,SYMMETRY,MLR,0.059596819251284565,300,TRAIN,0.05504256589538831,0.06415107260718082
topo,0,C,SYMMETRY,RF,0.1562829254312513,300,TRAIN,0.15271378975611477,0.15985206110638783
topo,0,C,SYMMETRY,SVR,0.3677760795367079,300,TRAIN,0.3622396500698922,0.37331250900352353
topo,0,C,SYMMETRY,MLP,0.0993053419829137,300,TRAIN,0.0914416870261981,0.1071689969396293
topo,0,C,SYMMETRY,MLR,0.04867704837228766,350,TRAIN,0.044606903119968386,0.05274719362460693
topo,0,C,SYMMETRY,RF,0.14427631010640538,350,TRAIN,0.14166267448034142,0.14688994573246933
topo,0,C,SYMMETRY,SVR,0.35732284535662145,350,TRAIN,0.35205087040357613,0.3625948203096668
topo,0,C,SYMMETRY,MLP,0.09929327330022716,350,TRAIN,0.09467758044830314,0.10390896615215119
topo,0,C,SYMMETRY,MLR,0.05111317109067764,400,TRAIN,0.04751644748861591,0.05470989469273937
topo,0,C,SYMMETRY,RF,0.13215819630280165,400,TRAIN,0.12914380339874987,0.13517258920685343
topo,0,C,SYMMETRY,SVR,0.34963008252524674,400,TRAIN,0.3449521276536415,0.35430803739685196
topo,0,C,SYMMETRY,MLP,0.0886092655461895,400,TRAIN,0.08286642106734748,0.09435211002503152
topo,0,C,SYMMETRY,MLR,0.043221040473628985,450,TRAIN,0.04035101510857604,0.04609106583868193
topo,0,C,SYMMETRY,RF,0.12039812392965585,450,TRAIN,0.11850581405442513,0.12229043380488656
topo,0,C,SYMMETRY,SVR,0.3357125876800362,450,TRAIN,0.3325689765554055,0.3388561988046669
topo,0,C,SYMMETRY,MLP,0.08805633297398446,450,TRAIN,0.08411484247809402,0.09199782346987491
topo,0,C,SYMMETRY,MLR,0.04379676853576536,500,TRAIN,0.04170886806873512,0.04588466900279561
topo,0,C,SYMMETRY,RF,0.11312343826716507,500,TRAIN,0.11133076835540244,0.11491610817892771
topo,0,C,SYMMETRY,SVR,0.3276634771872035,500,TRAIN,0.3226707441230537,0.33265621025135333
topo,0,C,SYMMETRY,MLP,0.07665710753454627,500,TRAIN,0.07257274651450404,0.0807414685545885
spatial,0,C,ACTIVITY,MLR,0.7744692624726336,50,TRAIN,0.7575008949968858,0.7914376299483814
spatial,0,C,ACTIVITY,RF,0.5930358910431099,50,TRAIN,0.5803530247104869,0.605718757375733
spatial,0,C,ACTIVITY,SVR,0.6722586054727323,50,TRAIN,0.6569955186352373,0.6875216923102273
spatial,0,C,ACTIVITY,MLP,0.8778905591655748,50,TRAIN,0.8679896497775459,0.8877914685536037
spatial,0,C,ACTIVITY,MLR,0.5162542237789702,100,TRAIN,0.504506268799051,0.5280021787588894
spatial,0,C,ACTIVITY,RF,0.4831103879087443,100,TRAIN,0.4722031108384653,0.4940176649790233
spatial,0,C,ACTIVITY,SVR,0.6168385191637049,100,TRAIN,0.6038486532526298,0.62982838507478
spatial,0,C,ACTIVITY,MLP,0.7262101276365136,100,TRAIN,0.7133065417998508,0.7391137134731764
spatial,0,C,ACTIVITY,MLR,0.41905981620594,150,TRAIN,0.4072447185682838,0.4308749138435962
spatial,0,C,ACTIVITY,RF,0.4460993972610422,150,TRAIN,0.4359602390393965,0.4562385554826879
spatial,0,C,ACTIVITY,SVR,0.6107198099466054,150,TRAIN,0.60186465892952,0.6195749609636907
spatial,0,C,ACTIVITY,MLP,0.6294027044977267,150,TRAIN,0.6186347273813606,0.6401706816140929
spatial,0,C,ACTIVITY,MLR,0.39773437562711816,200,TRAIN,0.38811466736679756,0.40735408388743877
spatial,0,C,ACTIVITY,RF,0.38943114100620224,200,TRAIN,0.3810028994300504,0.3978593825823541
spatial,0,C,ACTIVITY,SVR,0.5714094850899466,200,TRAIN,0.5631320891961893,0.5796868809837039
spatial,0,C,ACTIVITY,MLP,0.5546115170940634,200,TRAIN,0.5446535053145823,0.5645695288735445
spatial,0,C,ACTIVITY,MLR,0.37110507822360406,250,TRAIN,0.36182590587812663,0.3803842505690815
spatial,0,C,ACTIVITY,RF,0.3742524205559036,250,TRAIN,0.36508315721946094,0.3834216838923462
spatial,0,C,ACTIVITY,SVR,0.5747499937900707,250,TRAIN,0.5661336483038887,0.5833663392762528
spatial,0,C,ACTIVITY,MLP,0.5035080395709536,250,TRAIN,0.4963021905339119,0.5107138886079953
spatial,0,C,ACTIVITY,MLR,0.3431198306585172,300,TRAIN,0.3347398379966874,0.351499823320347
spatial,0,C,ACTIVITY,RF,0.3537574391778765,300,TRAIN,0.34590883816777124,0.36160604018798176
spatial,0,C,ACTIVITY,SVR,0.5628341790811532,300,TRAIN,0.5572125061763863,0.5684558519859201
spatial,0,C,ACTIVITY,MLP,0.4923524049108519,300,TRAIN,0.4839830423246262,0.5007217674970776
spatial,0,C,ACTIVITY,MLR,0.32757301027500696,350,TRAIN,0.32133353552123106,0.33381248502878286
spatial,0,C,ACTIVITY,RF,0.3465218882424108,350,TRAIN,0.34051310433715,0.35253067214767164
spatial,0,C,ACTIVITY,SVR,0.5491326436827145,350,TRAIN,0.5428962431588001,0.5553690442066289
spatial,0,C,ACTIVITY,MLP,0.4564782625741316,350,TRAIN,0.44984468034675545,0.46311184480150774
spatial,0,C,ACTIVITY,MLR,0.31245596777211426,400,TRAIN,0.3072191761875626,0.3176927593566659
spatial,0,C,ACTIVITY,RF,0.3327630484747838,400,TRAIN,0.3277835361714691,0.33774256077809844
spatial,0,C,ACTIVITY,SVR,0.5379632132201878,400,TRAIN,0.5329295850610937,0.542996841379282
spatial,0,C,ACTIVITY,MLP,0.4477284409391399,400,TRAIN,0.44202604901973686,0.4534308328585429
spatial,0,C,ACTIVITY,MLR,0.3044284337512028,450,TRAIN,0.29997214917082576,0.3088847183315799
spatial,0,C,ACTIVITY,RF,0.3292035836302289,450,TRAIN,0.3257383729227359,0.3326687943377219
spatial,0,C,ACTIVITY,SVR,0.5374011959274428,450,TRAIN,0.5319792329311265,0.5428231589237592
spatial,0,C,ACTIVITY,MLP,0.4315582866832547,450,TRAIN,0.4271905543449489,0.4359260190215605
spatial,0,C,ACTIVITY,MLR,0.2999205657350575,500,TRAIN,0.2955500073342097,0.30429112413590526
spatial,0,C,ACTIVITY,RF,0.3191545002603152,500,TRAIN,0.3146234754825399,0.32368552503809056
spatial,0,C,ACTIVITY,SVR,0.5230456220839551,500,TRAIN,0.5193326070083403,0.5267586371595699
spatial,0,C,ACTIVITY,MLP,0.42854434593887497,500,TRAIN,0.4248070821768222,0.4322816097009277
spatial,0,C,GROWTH,MLR,0.8316566136511551,50,TRAIN,0.8227080643404759,0.8406051629618342
spatial,0,C,GROWTH,RF,0.6452756961494643,50,TRAIN,0.6330455148620864,0.6575058774368423
spatial,0,C,GROWTH,SVR,0.6764282674812334,50,TRAIN,0.6613822800679546,0.6914742548945122
spatial,0,C,GROWTH,MLP,0.7569690963554981,50,TRAIN,0.744598631936057,0.7693395607749393
spatial,0,C,GROWTH,MLR,0.6107901336237587,100,TRAIN,0.5957423586209336,0.6258379086265837
spatial,0,C,GROWTH,RF,0.5110612017945447,100,TRAIN,0.49774325936684,0.5243791442222494
spatial,0,C,GROWTH,SVR,0.6028946382099398,100,TRAIN,0.5900000631671234,0.6157892132527563
spatial,0,C,GROWTH,MLP,0.6287097222268916,100,TRAIN,0.61189617263563,0.6455232718181532
spatial,0,C,GROWTH,MLR,0.5090211409577619,150,TRAIN,0.49725426516385146,0.5207880167516722
spatial,0,C,GROWTH,RF,0.4648734100820173,150,TRAIN,0.4558707923277899,0.4738760278362448
spatial,0,C,GROWTH,SVR,0.5634957918976566,150,TRAIN,0.5507438268932613,0.576247756902052
spatial,0,C,GROWTH,MLP,0.5718197739203458,150,TRAIN,0.5595986067148939,0.5840409411257976
spatial,0,C,GROWTH,MLR,0.4707820948229582,200,TRAIN,0.46228223080085273,0.47928195884506364
spatial,0,C,GROWTH,RF,0.42351726508928017,200,TRAIN,0.41457185799656227,0.4324626721819981
spatial,0,C,GROWTH,SVR,0.5644091147161326,200,TRAIN,0.5563403896925737,0.5724778397396916
spatial,0,C,GROWTH,MLP,0.5355307180512947,200,TRAIN,0.5261215383244008,0.5449398977781886
spatial,0,C,GROWTH,MLR,0.4307923464279137,250,TRAIN,0.4235661629846343,0.4380185298711931
spatial,0,C,GROWTH,RF,0.4059679229769157,250,TRAIN,0.3991303726713337,0.41280547328249767
spatial,0,C,GROWTH,SVR,0.5582502305043741,250,TRAIN,0.5478231784571629,0.5686772825515852
spatial,0,C,GROWTH,MLP,0.5097155434283892,250,TRAIN,0.4999238714091999,0.5195072154475785
spatial,0,C,GROWTH,MLR,0.43790188842640826,300,TRAIN,0.4295384294992692,0.44626534735354734
spatial,0,C,GROWTH,RF,0.38365551971795053,300,TRAIN,0.3762717988911544,0.39103924054474665
spatial,0,C,GROWTH,SVR,0.5429490493931783,300,TRAIN,0.5356758834691688,0.5502222153171878
spatial,0,C,GROWTH,MLP,0.4943462219282736,300,TRAIN,0.4845902765031376,0.5041021673534096
spatial,0,C,GROWTH,MLR,0.4108279594591331,350,TRAIN,0.40437577802552094,0.41728014089274523
spatial,0,C,GROWTH,RF,0.3735515607445219,350,TRAIN,0.3657544192139687,0.3813487022750751
spatial,0,C,GROWTH,SVR,0.5206774994287044,350,TRAIN,0.5132948700812959,0.528060128776113
spatial,0,C,GROWTH,MLP,0.4787990351936064,350,TRAIN,0.4718785832099742,0.48571948717723856
spatial,0,C,GROWTH,MLR,0.3974398299429763,400,TRAIN,0.39298205409171955,0.401897605794233
spatial,0,C,GROWTH,RF,0.362837904652073,400,TRAIN,0.3579872858435908,0.3676885234605552
spatial,0,C,GROWTH,SVR,0.5241001792148162,400,TRAIN,0.5179209172603183,0.5302794411693141
spatial,0,C,GROWTH,MLP,0.4663981779267798,400,TRAIN,0.46096006736437595,0.47183628848918363
spatial,0,C,GROWTH,MLR,0.3888302237532575,450,TRAIN,0.38254741322168884,0.39511303428482614
spatial,0,C,GROWTH,RF,0.3515095954888263,450,TRAIN,0.3452664505730288,0.35775274040462385
spatial,0,C,GROWTH,SVR,0.5090783084802162,450,TRAIN,0.5045284158083198,0.5136282011521126
spatial,0,C,GROWTH,MLP,0.4444371761354162,450,TRAIN,0.4393678563328429,0.4495064959379895
spatial,0,C,GROWTH,MLR,0.3848898359153568,500,TRAIN,0.380769064058509,0.3890106077722046
spatial,0,C,GROWTH,RF,0.3485441059557974,500,TRAIN,0.34406266862228246,0.3530255432893123
spatial,0,C,GROWTH,SVR,0.5050740085913892,500,TRAIN,0.5006607659165235,0.5094872512662548
spatial,0,C,GROWTH,MLP,0.439008188252061,500,TRAIN,0.434568456438143,0.443447920065979
spatial,0,C,SYMMETRY,MLR,0.4043568774678423,50,TRAIN,0.38853800911466724,0.4201757458210174
spatial,0,C,SYMMETRY,RF,0.5829534724952026,50,TRAIN,0.5739327465502233,0.5919741984401818
spatial,0,C,SYMMETRY,SVR,0.4745529894837197,50,TRAIN,0.4606659936136548,0.48843998535378463
spatial,0,C,SYMMETRY,MLP,1.7922821669968948e-05,50,TRAIN,-7.717199455522378e-06,4.356284279546027e-05
spatial,0,C,SYMMETRY,MLR,0.18373277899372287,100,TRAIN,0.17081194518630297,0.19665361280114277
spatial,0,C,SYMMETRY,RF,0.3689518106579133,100,TRAIN,0.360995685418273,0.37690793589755367
spatial,0,C,SYMMETRY,SVR,0.4216869636982409,100,TRAIN,0.4089616084439971,0.43441231895248467
spatial,0,C,SYMMETRY,MLP,0.0018510129803242293,100,TRAIN,0.0010273612237986338,0.002674664736849825
spatial,0,C,SYMMETRY,MLR,0.1118397929009004,150,TRAIN,0.10409751961705638,0.11958206618474443
spatial,0,C,SYMMETRY,RF,0.2704312674732634,150,TRAIN,0.26447709649826456,0.27638543844826224
spatial,0,C,SYMMETRY,SVR,0.4191997881062071,150,TRAIN,0.4106824097014749,0.42771716651093933
spatial,0,C,SYMMETRY,MLP,0.008291867071617495,150,TRAIN,0.005232400288871062,0.011351333854363927
spatial,0,C,SYMMETRY,MLR,0.0927292555735798,200,TRAIN,0.08556654504310801,0.0998919661040516
spatial,0,C,SYMMETRY,RF,0.23309024325670696,200,TRAIN,0.22905364509536197,0.23712684141805196
spatial,0,C,SYMMETRY,SVR,0.4113020705367961,200,TRAIN,0.40460304349581144,0.4180010975777808
spatial,0,C,SYMMETRY,MLP,0.007644189228450075,200,TRAIN,0.005186992426525922,0.010101386030374228
spatial,0,C,SYMMETRY,MLR,0.0555592671773324,250,TRAIN,0.051480957432803384,0.05963757692186142
spatial,0,C,SYMMETRY,RF,0.1945257149347328,250,TRAIN,0.19030649640944203,0.1987449334600236
spatial,0,C,SYMMETRY,SVR,0.3793676310656584,250,TRAIN,0.3733414124189595,0.3853938497123573
spatial,0,C,SYMMETRY,MLP,0.017207448808690892,250,TRAIN,0.012602226280364056,0.02181267133701773
spatial,0,C,SYMMETRY,MLR,0.04815346781388991,300,TRAIN,0.043465707455607336,0.05284122817217249
spatial,0,C,SYMMETRY,RF,0.16230056009614466,300,TRAIN,0.1593861033971338,0.16521501679515552
spatial,0,C,SYMMETRY,SVR,0.3835369097023283,300,TRAIN,0.37752942484262797,0.3895443945620286
spatial,0,C,SYMMETRY,MLP,0.020076870609558626,300,TRAIN,0.016465688661887492,0.02368805255722976
spatial,0,C,SYMMETRY,MLR,0.039998679978682485,350,TRAIN,0.037461977029855514,0.042535382927509455
spatial,0,C,SYMMETRY,RF,0.15007158327836848,350,TRAIN,0.14690650271552164,0.15323666384121531
spatial,0,C,SYMMETRY,SVR,0.3693037692308681,350,TRAIN,0.3631652121197587,0.3754423263419775
spatial,0,C,SYMMETRY,MLP,0.027487470324187857,350,TRAIN,0.02203646867594811,0.0329384719724276
spatial,0,C,SYMMETRY,MLR,0.031543860270462985,400,TRAIN,0.029605715903062133,0.033482004637863834
spatial,0,C,SYMMETRY,RF,0.1343244329009297,400,TRAIN,0.1320534961570526,0.1365953696448068
spatial,0,C,SYMMETRY,SVR,0.3612572931026056,400,TRAIN,0.35553231997025947,0.3669822662349518
spatial,0,C,SYMMETRY,MLP,0.036488996263262304,400,TRAIN,0.03185978411420794,0.04111820841231667
spatial,0,C,SYMMETRY,MLR,0.03618642964858241,450,TRAIN,0.0333552951065071,0.039017564190657716
spatial,0,C,SYMMETRY,RF,0.11790916042832618,450,TRAIN,0.11613362615706078,0.11968469469959157
spatial,0,C,SYMMETRY,SVR,0.3505671711596223,450,TRAIN,0.3472040603702217,0.35393028194902293
spatial,0,C,SYMMETRY,MLP,0.03429086373532967,450,TRAIN,0.029896487579599892,0.038685239891059445
spatial,0,C,SYMMETRY,MLR,0.02995067285836116,500,TRAIN,0.028146735177277116,0.031754610539445206
spatial,0,C,SYMMETRY,RF,0.11548137657521346,500,TRAIN,0.11337569269261186,0.11758706045781506
spatial,0,C,SYMMETRY,SVR,0.3431133136988649,500,TRAIN,0.3393767820740611,0.3468498453236687
spatial,0,C,SYMMETRY,MLP,0.030247104441342307,500,TRAIN,0.026822260208449952,0.03367194867423466
topo,0,CH,ACTIVITY,MLR,0.7083858338308691,50,TRAIN,0.6923074649245142,0.7244642027372239
topo,0,CH,ACTIVITY,RF,0.2778349263790546,50,TRAIN,0.26704288217449584,0.28862697058361336
topo,0,CH,ACTIVITY,SVR,0.3171553758788889,50,TRAIN,0.2928451216339946,0.3414656301237832
topo,0,CH,ACTIVITY,MLP,0.07420235557522549,50,TRAIN,0.04271683074300425,0.10568788040744673
topo,0,CH,ACTIVITY,MLR,0.4228502980844476,100,TRAIN,0.4046075281998897,0.44109306796900544
topo,0,CH,ACTIVITY,RF,0.18773762401608068,100,TRAIN,0.1776253836493016,0.19784986438285976
topo,0,CH,ACTIVITY,SVR,0.2402577226997177,100,TRAIN,0.2243959971599493,0.2561194482394861
topo,0,CH,ACTIVITY,MLP,0.11198661346184566,100,TRAIN,0.08791895920627052,0.1360542677174208
topo,0,CH,ACTIVITY,MLR,0.3064097988857114,150,TRAIN,0.29402986353228455,0.31878973423913826
topo,0,CH,ACTIVITY,RF,0.14779696797288053,150,TRAIN,0.14229318197692675,0.1533007539688343
topo,0,CH,ACTIVITY,SVR,0.23662807552543935,150,TRAIN,0.22193067615126147,0.25132547489961726
topo,0,CH,ACTIVITY,MLP,0.15266796161001908,150,TRAIN,0.12633581463142368,0.17900010858861448
topo,0,CH,ACTIVITY,MLR,0.25190701822628464,200,TRAIN,0.24018058514225643,0.26363345131031285
topo,0,CH,ACTIVITY,RF,0.13702771363238048,200,TRAIN,0.1319161494171569,0.14213927784760405
topo,0,CH,ACTIVITY,SVR,0.2209870671791653,200,TRAIN,0.2103087685927814,0.23166536576554922
topo,0,CH,ACTIVITY,MLP,0.2396695437609145,200,TRAIN,0.21980562459609912,0.2595334629257299
topo,0,CH,ACTIVITY,MLR,0.21742144173201894,250,TRAIN,0.20796686192610542,0.22687602153793246
topo,0,CH,ACTIVITY,RF,0.12410546523126445,250,TRAIN,0.12000191803629956,0.12820901242622934
topo,0,CH,ACTIVITY,SVR,0.22225001032338726,250,TRAIN,0.21307903835833458,0.23142098228843994
topo,0,CH,ACTIVITY,MLP,0.21921692538221865,250,TRAIN,0.1977608993967247,0.2406729513677126
topo,0,CH,ACTIVITY,MLR,0.2120242227177062,300,TRAIN,0.20296169652850363,0.2210867489069088
topo,0,CH,ACTIVITY,RF,0.11603065616625012,300,TRAIN,0.11262059612706961,0.11944071620543063
topo,0,CH,ACTIVITY,SVR,0.2010582045312818,300,TRAIN,0.19413811321960361,0.20797829584295996
topo,0,CH,ACTIVITY,MLP,0.24494244209082297,300,TRAIN,0.22071258602247568,0.26917229815917026
topo,0,CH,ACTIVITY,MLR,0.19506114978549532,350,TRAIN,0.18655279296820296,0.2035695066027877
topo,0,CH,ACTIVITY,RF,0.1162310981314039,350,TRAIN,0.11321578843742275,0.11924640782538506
topo,0,CH,ACTIVITY,SVR,0.2005712862262706,350,TRAIN,0.194308386717196,0.2068341857353452
topo,0,CH,ACTIVITY,MLP,0.21259980386271066,350,TRAIN,0.2013424845835131,0.22385712314190823
topo,0,CH,ACTIVITY,MLR,0.17402684830904536,400,TRAIN,0.16804324705738372,0.180010449560707
topo,0,CH,ACTIVITY,RF,0.11372539113852576,400,TRAIN,0.11107039200011505,0.11638039027693646
topo,0,CH,ACTIVITY,SVR,0.1923979909942158,400,TRAIN,0.1868249104962863,0.19797107149214532
topo,0,CH,ACTIVITY,MLP,0.20446312008658893,400,TRAIN,0.185882148397542,0.22304409177563586
topo,0,CH,ACTIVITY,MLR,0.17126287629490136,450,TRAIN,0.165524233151451,0.1770015194383517
topo,0,CH,ACTIVITY,RF,0.1052082314191162,450,TRAIN,0.10235321234293998,0.10806325049529242
topo,0,CH,ACTIVITY,SVR,0.1886657114245024,450,TRAIN,0.18452676728570347,0.1928046555633013
topo,0,CH,ACTIVITY,MLP,0.19614510501329355,450,TRAIN,0.18507300937470902,0.20721720065187807
topo,0,CH,ACTIVITY,MLR,0.1692088338282042,500,TRAIN,0.16443548953068993,0.17398217812571848
topo,0,CH,ACTIVITY,RF,0.10666105516840724,500,TRAIN,0.1041823378719343,0.10913977246488017
topo,0,CH,ACTIVITY,SVR,0.18599099637329453,500,TRAIN,0.18263041432366897,0.18935157842292008
topo,0,CH,ACTIVITY,MLP,0.23574541650128736,500,TRAIN,0.2149841873509435,0.2565066456516312
topo,0,CH,GROWTH,MLR,0.9159164480130818,50,TRAIN,0.9084597103913994,0.9233731856347642
topo,0,CH,GROWTH,RF,0.7419448871384585,50,TRAIN,0.7208485734071421,0.7630412008697749
topo,0,CH,GROWTH,SVR,0.5766040072608363,50,TRAIN,0.5556077792282307,0.5976002352934419
topo,0,CH,GROWTH,MLP,0.8573827793574154,50,TRAIN,0.8446620007339565,0.8701035579808742
topo,0,CH,GROWTH,MLR,0.7040739582442049,100,TRAIN,0.6912894901189425,0.7168584263694674
topo,0,CH,GROWTH,RF,0.592830800031301,100,TRAIN,0.5754988378158276,0.6101627622467743
topo,0,CH,GROWTH,SVR,0.5681110065088809,100,TRAIN,0.5529307441439588,0.583291268873803
topo,0,CH,GROWTH,MLP,0.7084415860114475,100,TRAIN,0.6984356615627593,0.7184475104601357
topo,0,CH,GROWTH,MLR,0.5898696553460888,150,TRAIN,0.5762662331516324,0.6034730775405452
topo,0,CH,GROWTH,RF,0.4829950696251842,150,TRAIN,0.4709623030068227,0.4950278362435457
topo,0,CH,GROWTH,SVR,0.5424606452803432,150,TRAIN,0.5288477329307216,0.5560735576299648
topo,0,CH,GROWTH,MLP,0.6148122341894174,150,TRAIN,0.6056145833779227,0.6240098850009121
topo,0,CH,GROWTH,MLR,0.5020264642978932,200,TRAIN,0.49206883674304797,0.5119840918527384
topo,0,CH,GROWTH,RF,0.4492171372763413,200,TRAIN,0.43768541086638424,0.4607488636862984
topo,0,CH,GROWTH,SVR,0.5187181969690307,200,TRAIN,0.5077140422738563,0.529722351664205
topo,0,CH,GROWTH,MLP,0.5470004734102402,200,TRAIN,0.5361466438503998,0.5578543029700805
topo,0,CH,GROWTH,MLR,0.47710376216715394,250,TRAIN,0.466555179669972,0.4876523446643359
topo,0,CH,GROWTH,RF,0.3908415482306152,250,TRAIN,0.3797327252050139,0.40195037125621647
topo,0,CH,GROWTH,SVR,0.5092511281217829,250,TRAIN,0.49812313038228967,0.520379125861276
topo,0,CH,GROWTH,MLP,0.5230911245060245,250,TRAIN,0.515128221121056,0.5310540278909929
topo,0,CH,GROWTH,MLR,0.4312339861810287,300,TRAIN,0.4221668512869399,0.4403011210751175
topo,0,CH,GROWTH,RF,0.3631909586507285,300,TRAIN,0.3542869350990109,0.3720949822024461
topo,0,CH,GROWTH,SVR,0.49773799131678,300,TRAIN,0.48977820487948587,0.5056977777540741
topo,0,CH,GROWTH,MLP,0.4881293074474513,300,TRAIN,0.47943447004719514,0.4968241448477075
topo,0,CH,GROWTH,MLR,0.4249891759387368,350,TRAIN,0.4152470233231665,0.43473132855430713
topo,0,CH,GROWTH,RF,0.3403468029065382,350,TRAIN,0.33212116034270733,0.34857244547036903
topo,0,CH,GROWTH,SVR,0.522805580944184,350,TRAIN,0.5143756643567727,0.5312354975315952
topo,0,CH,GROWTH,MLP,0.4641258631416752,350,TRAIN,0.4559739587105395,0.4722777675728109
topo,0,CH,GROWTH,MLR,0.4109932900015772,400,TRAIN,0.4038933989780562,0.4180931810250982
topo,0,CH,GROWTH,RF,0.3273158832508259,400,TRAIN,0.31952214296410786,0.3351096235375439
topo,0,CH,GROWTH,SVR,0.5064841288873548,400,TRAIN,0.49862473143486985,0.5143435263398398
topo,0,CH,GROWTH,MLP,0.4497852384604044,400,TRAIN,0.44381108205329683,0.455759394867512
topo,0,CH,GROWTH,MLR,0.3969231047655758,450,TRAIN,0.389406661355496,0.4044395481756556
topo,0,CH,GROWTH,RF,0.3053306455506618,450,TRAIN,0.29786303701903993,0.3127982540822837
topo,0,CH,GROWTH,SVR,0.5102907394364962,450,TRAIN,0.504924408691272,0.5156570701817204
topo,0,CH,GROWTH,MLP,0.4393725104512745,450,TRAIN,0.4327025518568401,0.44604246904570893
topo,0,CH,GROWTH,MLR,0.3778985207019104,500,TRAIN,0.37040492726341745,0.3853921141404033
topo,0,CH,GROWTH,RF,0.3028968307020919,500,TRAIN,0.2982174202383875,0.3075762411657963
topo,0,CH,GROWTH,SVR,0.4985179823824841,500,TRAIN,0.492286164563587,0.5047498002013813
topo,0,CH,GROWTH,MLP,0.4375716548825849,500,TRAIN,0.4313237693567171,0.44381954040845273
topo,0,CH,SYMMETRY,MLR,0.4009372663987575,50,TRAIN,0.37939688075667444,0.42247765204084053
topo,0,CH,SYMMETRY,RF,0.5078503551922897,50,TRAIN,0.4947055530371399,0.5209951573474395
topo,0,CH,SYMMETRY,SVR,0.6807756482476212,50,TRAIN,0.6547518841411266,0.7067994123541157
topo,0,CH,SYMMETRY,MLP,-2.118533937167655e-09,50,TRAIN,-1.3841750870426857e-07,1.3418044082993327e-07
topo,0,CH,SYMMETRY,MLR,0.1903991867179044,100,TRAIN,0.17676163303740042,0.20403674039840838
topo,0,CH,SYMMETRY,RF,0.3732772001340067,100,TRAIN,0.3611244637384009,0.38542993652961255
topo,0,CH,SYMMETRY,SVR,0.4646232788672487,100,TRAIN,0.4440301697590453,0.4852163879754521
topo,0,CH,SYMMETRY,MLP,0.0037106037961882016,100,TRAIN,0.000988701932143303,0.006432505660233101
topo,0,CH,SYMMETRY,MLR,0.14664545236332385,150,TRAIN,0.13698750076338412,0.1563034039632636
topo,0,CH,SYMMETRY,RF,0.2855887736354489,150,TRAIN,0.27751224721327544,0.2936653000576223
topo,0,CH,SYMMETRY,SVR,0.4145457907423376,150,TRAIN,0.4012829822686145,0.42780859921606074
topo,0,CH,SYMMETRY,MLP,0.03428233802625648,150,TRAIN,0.021258009871993562,0.047306666180519395
topo,0,CH,SYMMETRY,MLR,0.1325262884655409,200,TRAIN,0.12387982400155069,0.14117275292953113
topo,0,CH,SYMMETRY,RF,0.2566337590735486,200,TRAIN,0.24750459278765455,0.26576292535944257
topo,0,CH,SYMMETRY,SVR,0.3396794064753144,200,TRAIN,0.32345191751440594,0.3559068954362229
topo,0,CH,SYMMETRY,MLP,0.08094400368146043,200,TRAIN,0.0643334570761008,0.09755455028682006
topo,0,CH,SYMMETRY,MLR,0.10985466823846526,250,TRAIN,0.10315337641184107,0.11655596006508946
topo,0,CH,SYMMETRY,RF,0.2362326328031375,250,TRAIN,0.22931805099722224,0.24314721460905275
topo,0,CH,SYMMETRY,SVR,0.2923867149534224,250,TRAIN,0.28229461053551785,0.3024788193713269
topo,0,CH,SYMMETRY,MLP,0.10824747224707623,250,TRAIN,0.09335103662536781,0.12314390786878465
topo,0,CH,SYMMETRY,MLR,0.09546614347623608,300,TRAIN,0.09029681213415836,0.10063547481831381
topo,0,CH,SYMMETRY,RF,0.21977116217545176,300,TRAIN,0.2132720727957368,0.22627025155516672
topo,0,CH,SYMMETRY,SVR,0.29956814738483284,300,TRAIN,0.29144733069623313,0.30768896407343255
topo,0,CH,SYMMETRY,MLP,0.15265756656551208,300,TRAIN,0.1396324484806072,0.16568268465041694
topo,0,CH,SYMMETRY,MLR,0.08880719654187902,350,TRAIN,0.08391419665618362,0.09370019642757442
topo,0,CH,SYMMETRY,RF,0.2050246131798795,350,TRAIN,0.1996483223139063,0.21040090404585268
topo,0,CH,SYMMETRY,SVR,0.25853245157785604,350,TRAIN,0.24839039818608077,0.2686745049696313
topo,0,CH,SYMMETRY,MLP,0.16601824126209744,350,TRAIN,0.15493663717916706,0.17709984534502782
topo,0,CH,SYMMETRY,MLR,0.0818906586707129,400,TRAIN,0.07706053735605993,0.08672077998536586
topo,0,CH,SYMMETRY,RF,0.19433214193651355,400,TRAIN,0.18897704612082783,0.19968723775219926
topo,0,CH,SYMMETRY,SVR,0.24655730994399225,400,TRAIN,0.23926990728148426,0.25384471260650027
topo,0,CH,SYMMETRY,MLP,0.18962159515504504,400,TRAIN,0.182871356339333,0.19637183397075708
topo,0,CH,SYMMETRY,MLR,0.07625146738992397,450,TRAIN,0.0727607583297791,0.07974217645006884
topo,0,CH,SYMMETRY,RF,0.17590189185624533,450,TRAIN,0.17257109711922747,0.1792326865932632
topo,0,CH,SYMMETRY,SVR,0.23130268755127645,450,TRAIN,0.22574332162942104,0.23686205347313186
topo,0,CH,SYMMETRY,MLP,0.19126910686046195,450,TRAIN,0.18513108195016076,0.19740713177076313
topo,0,CH,SYMMETRY,MLR,0.07519016739523947,500,TRAIN,0.07192631071408022,0.07845402407639872
topo,0,CH,SYMMETRY,RF,0.17743748455859432,500,TRAIN,0.17376585239229606,0.18110911672489258
topo,0,CH,SYMMETRY,SVR,0.22079434635588652,500,TRAIN,0.21617637468946677,0.22541231802230627
topo,0,CH,SYMMETRY,MLP,0.18424017519010327,500,TRAIN,0.17868667131062024,0.1897936790695863
spatial,0,CH,ACTIVITY,MLR,0.5109131753810434,50,TRAIN,0.48295369117582054,0.5388726595862663
spatial,0,CH,ACTIVITY,RF,0.4869078854388749,50,TRAIN,0.4739153725824262,0.4999003982953236
spatial,0,CH,ACTIVITY,SVR,0.3415858872376495,50,TRAIN,0.32385965380207277,0.3593121206732262
spatial,0,CH,ACTIVITY,MLP,0.08905748704421074,50,TRAIN,0.05491223886632565,0.12320273522209582
spatial,0,CH,ACTIVITY,MLR,0.30287970001308306,100,TRAIN,0.2871739884666253,0.31858541155954084
spatial,0,CH,ACTIVITY,RF,0.3251016139139389,100,TRAIN,0.3156584459081744,0.3345447819197034
spatial,0,CH,ACTIVITY,SVR,0.26191992853840723,100,TRAIN,0.248850986250909,0.27498887082590545
spatial,0,CH,ACTIVITY,MLP,0.1703037748297806,100,TRAIN,0.13876266930721592,0.20184488035234527
spatial,0,CH,ACTIVITY,MLR,0.2281756046091449,150,TRAIN,0.21542284082642513,0.24092836839186468
spatial,0,CH,ACTIVITY,RF,0.2495521543771741,150,TRAIN,0.24281249231645835,0.25629181643788984
spatial,0,CH,ACTIVITY,SVR,0.2412537773635604,150,TRAIN,0.22990776862192083,0.25259978610519995
spatial,0,CH,ACTIVITY,MLP,0.24844266391176745,150,TRAIN,0.22496292806969082,0.2719223997538441
spatial,0,CH,ACTIVITY,MLR,0.1873903702561564,200,TRAIN,0.17548821403658396,0.19929252647572884
spatial,0,CH,ACTIVITY,RF,0.2288344791693677,200,TRAIN,0.22340193361774546,0.23426702472098992
spatial,0,CH,ACTIVITY,SVR,0.2300326460212723,200,TRAIN,0.221017259126791,0.2390480329157536
spatial,0,CH,ACTIVITY,MLP,0.26538288636840185,200,TRAIN,0.2464222053533357,0.284343567383468
spatial,0,CH,ACTIVITY,MLR,0.17225572997021085,250,TRAIN,0.1639735376932345,0.1805379222471872
spatial,0,CH,ACTIVITY,RF,0.19999274915062626,250,TRAIN,0.19511462812906846,0.20487087017218406
spatial,0,CH,ACTIVITY,SVR,0.23553253188481665,250,TRAIN,0.2259420065455098,0.2451230572241235
spatial,0,CH,ACTIVITY,MLP,0.24492711172255704,250,TRAIN,0.22428269821685548,0.2655715252282586
spatial,0,CH,ACTIVITY,MLR,0.14920995625852493,300,TRAIN,0.13886509230104213,0.15955482021600773
spatial,0,CH,ACTIVITY,RF,0.18981780171565935,300,TRAIN,0.1848132209045392,0.1948223825267795
spatial,0,CH,ACTIVITY,SVR,0.20895113417354924,300,TRAIN,0.20245744478027664,0.21544482356682185
spatial,0,CH,ACTIVITY,MLP,0.2308007180039719,300,TRAIN,0.20933395409185834,0.25226748191608545
spatial,0,CH,ACTIVITY,MLR,0.12419653872674535,350,TRAIN,0.11761085171310964,0.13078222574038106
spatial,0,CH,ACTIVITY,RF,0.17720857267405604,350,TRAIN,0.17341887491766667,0.18099827043044542
spatial,0,CH,ACTIVITY,SVR,0.2060740885861301,350,TRAIN,0.1996862686510012,0.212461908521259
spatial,0,CH,ACTIVITY,MLP,0.30331605718436044,350,TRAIN,0.27618035996684615,0.33045175440187474
spatial,0,CH,ACTIVITY,MLR,0.12599137457633486,400,TRAIN,0.1200506597374054,0.13193208941526433
spatial,0,CH,ACTIVITY,RF,0.1690099141389024,400,TRAIN,0.16569547982988694,0.17232434844791786
spatial,0,CH,ACTIVITY,SVR,0.2029824524164545,400,TRAIN,0.19808158146734112,0.20788332336556786
spatial,0,CH,ACTIVITY,MLP,0.25480878049437344,400,TRAIN,0.23239953882935455,0.27721802215939234
spatial,0,CH,ACTIVITY,MLR,0.1146528708431365,450,TRAIN,0.11044542548316202,0.11886031620311097
spatial,0,CH,ACTIVITY,RF,0.1563832638469132,450,TRAIN,0.15285539804801707,0.15991112964580934
spatial,0,CH,ACTIVITY,SVR,0.20896504893040013,450,TRAIN,0.20373853993374108,0.21419155792705918
spatial,0,CH,ACTIVITY,MLP,0.27373057913014504,450,TRAIN,0.24820387287310047,0.2992572853871896
spatial,0,CH,ACTIVITY,MLR,0.1110913376277391,500,TRAIN,0.10658030771643946,0.11560236753903873
spatial,0,CH,ACTIVITY,RF,0.1561254392933602,500,TRAIN,0.1530601726248834,0.15919070596183701
spatial,0,CH,ACTIVITY,SVR,0.19515631198275785,500,TRAIN,0.19149810942992357,0.19881451453559212
spatial,0,CH,ACTIVITY,MLP,0.37348959344879057,500,TRAIN,0.3365588063540532,0.4104203805435279
spatial,0,CH,GROWTH,MLR,0.9594221436233435,50,TRAIN,0.9552284255898069,0.9636158616568802
spatial,0,CH,GROWTH,RF,1.0,50,TRAIN,1.0,1.0
spatial,0,CH,GROWTH,SVR,0.8791026196344464,50,TRAIN,0.8696469728026758,0.8885582664662169
spatial,0,CH,GROWTH,MLP,0.009110639035476476,50,TRAIN,0.00015326524728619464,0.018068012823666758
spatial,0,CH,GROWTH,MLR,0.7816090286497474,100,TRAIN,0.7718767134934553,0.7913413438060394
spatial,0,CH,GROWTH,RF,0.9542296687655762,100,TRAIN,0.9509175673514779,0.9575417701796746
spatial,0,CH,GROWTH,SVR,0.6667517161780544,100,TRAIN,0.6518940050410351,0.6816094273150737
spatial,0,CH,GROWTH,MLP,0.40141515823853896,100,TRAIN,0.3541622490806238,0.4486680673964541
spatial,0,CH,GROWTH,MLR,0.6610644283747487,150,TRAIN,0.6503950233327724,0.6717338334167249
spatial,0,CH,GROWTH,RF,0.9592155103765402,150,TRAIN,0.9550803873771652,0.9633506333759152
spatial,0,CH,GROWTH,SVR,0.5736330092276417,150,TRAIN,0.5580336585388961,0.5892323599163873
spatial,0,CH,GROWTH,MLP,0.4599154536139376,150,TRAIN,0.4255490247472154,0.4942818824806598
spatial,0,CH,GROWTH,MLR,0.6263038634448702,200,TRAIN,0.6172979677853836,0.6353097591043568
spatial,0,CH,GROWTH,RF,0.9092686038755156,200,TRAIN,0.9056559756218977,0.9128812321291334
spatial,0,CH,GROWTH,SVR,0.545406297889355,200,TRAIN,0.5313306423177351,0.559481953460975
spatial,0,CH,GROWTH,MLP,0.5819391856801441,200,TRAIN,0.5679580124629954,0.5959203588972929
spatial,0,CH,GROWTH,MLR,0.5628796591190651,250,TRAIN,0.5540302451882232,0.571729073049907
spatial,0,CH,GROWTH,RF,0.8440997942816959,250,TRAIN,0.8393909005697102,0.8488086879936816
spatial,0,CH,GROWTH,SVR,0.5289268422284104,250,TRAIN,0.5170375965646502,0.5408160878921705
spatial,0,CH,GROWTH,MLP,0.5692866987404004,250,TRAIN,0.5527702137647402,0.5858031837160605
spatial,0,CH,GROWTH,MLR,0.5370005661202747,300,TRAIN,0.527698473933978,0.5463026583065714
spatial,0,CH,GROWTH,RF,0.8503975519839329,300,TRAIN,0.846591009943884,0.8542040940239817
spatial,0,CH,GROWTH,SVR,0.4913155197904701,300,TRAIN,0.4814731909150471,0.5011578486658932
spatial,0,CH,GROWTH,MLP,0.6120615048411793,300,TRAIN,0.6001173372771147,0.6240056724052438
spatial,0,CH,GROWTH,MLR,0.5087568300895768,350,TRAIN,0.503398023907711,0.5141156362714426
spatial,0,CH,GROWTH,RF,0.8034284144714399,350,TRAIN,0.7989420318484037,0.807914797094476
spatial,0,CH,GROWTH,SVR,0.4852053542042952,350,TRAIN,0.4769289198608602,0.4934817885477302
spatial,0,CH,GROWTH,MLP,0.6417325881121511,350,TRAIN,0.6326318091799251,0.650833367044377
spatial,0,CH,GROWTH,MLR,0.5242067432783101,400,TRAIN,0.5166920498348022,0.5317214367218179
spatial,0,CH,GROWTH,RF,0.8073605423647071,400,TRAIN,0.8030616320961061,0.8116594526333081
spatial,0,CH,GROWTH,SVR,0.4701300789438646,400,TRAIN,0.46249766449606833,0.4777624933916609
spatial,0,CH,GROWTH,MLP,0.6490132190305147,400,TRAIN,0.6412654731479476,0.6567609649130818
spatial,0,CH,GROWTH,MLR,0.4902697269919931,450,TRAIN,0.4856515025700664,0.49488795141391984
spatial,0,CH,GROWTH,RF,0.7600299042180729,450,TRAIN,0.7566708188021947,0.7633889896339512
spatial,0,CH,GROWTH,SVR,0.4679406342327936,450,TRAIN,0.4621948077295453,0.47368646073604187
spatial,0,CH,GROWTH,MLP,0.6439926669799216,450,TRAIN,0.6376554899369562,0.6503298440228871
spatial,0,CH,GROWTH,MLR,0.4843920909134853,500,TRAIN,0.47817788018522345,0.4906063016417471
spatial,0,CH,GROWTH,RF,0.7217275046389198,500,TRAIN,0.7178812443879301,0.7255737648899094
spatial,0,CH,GROWTH,SVR,0.467055680279904,500,TRAIN,0.4619842022631342,0.47212715829667384
spatial,0,CH,GROWTH,MLP,0.6624644395943645,500,TRAIN,0.6578700619466621,0.667058817242067
spatial,0,CH,SYMMETRY,MLR,0.8821808730604576,50,TRAIN,0.8769087514192189,0.8874529947016963
spatial,0,CH,SYMMETRY,RF,0.9088925945740456,50,TRAIN,0.902613487649476,0.9151717014986152
spatial,0,CH,SYMMETRY,SVR,0.6397162092661639,50,TRAIN,0.6286779230296633,0.6507544955026645
spatial,0,CH,SYMMETRY,MLP,0.4064721664592022,50,TRAIN,0.3824973192700658,0.4304470136483386
spatial,0,CH,SYMMETRY,MLR,0.6105106345368788,100,TRAIN,0.5985153407420066,0.622505928331751
spatial,0,CH,SYMMETRY,RF,0.741015877697475,100,TRAIN,0.7347981002601192,0.7472336551348309
spatial,0,CH,SYMMETRY,SVR,0.6023716623436304,100,TRAIN,0.591354991853485,0.6133883328337758
spatial,0,CH,SYMMETRY,MLP,0.3979827164951576,100,TRAIN,0.3828079467718255,0.4131574862184897
spatial,0,CH,SYMMETRY,MLR,0.4871777915541539,150,TRAIN,0.4753423231622427,0.49901325994606516
spatial,0,CH,SYMMETRY,RF,0.6505707684335419,150,TRAIN,0.6451996921910308,0.655941844676053
spatial,0,CH,SYMMETRY,SVR,0.565156510111039,150,TRAIN,0.5560199040327611,0.5742931161893168
spatial,0,CH,SYMMETRY,MLP,0.3527179148769907,150,TRAIN,0.3370268407625278,0.36840898899145363
spatial,0,CH,SYMMETRY,MLR,0.4232923361453729,200,TRAIN,0.41071928594622487,0.435865386344521
spatial,0,CH,SYMMETRY,RF,0.5590266534430645,200,TRAIN,0.5529146584652485,0.5651386484208805
spatial,0,CH,SYMMETRY,SVR,0.5306187110461585,200,TRAIN,0.5213854950541643,0.5398519270381528
spatial,0,CH,SYMMETRY,MLP,0.3476610381462894,200,TRAIN,0.33532815029267815,0.35999392599990065
spatial,0,CH,SYMMETRY,MLR,0.38116486617630135,250,TRAIN,0.3712219562192856,0.3911077761333171
spatial,0,CH,SYMMETRY,RF,0.4844176837821783,250,TRAIN,0.47903891406218424,0.4897964535021724
spatial,0,CH,SYMMETRY,SVR,0.5147014831134459,250,TRAIN,0.5080230304698627,0.521379935757029
spatial,0,CH,SYMMETRY,MLP,0.3361445921235934,250,TRAIN,0.3258190004208696,0.34647018382631717
spatial,0,CH,SYMMETRY,MLR,0.34947569440036863,300,TRAIN,0.3414849088563087,0.35746647994442854
spatial,0,CH,SYMMETRY,RF,0.4666987966576921,300,TRAIN,0.46144708342274204,0.47195050989264214
spatial,0,CH,SYMMETRY,SVR,0.4985877647348185,300,TRAIN,0.49318160124332894,0.5039939282263081
spatial,0,CH,SYMMETRY,MLP,0.3293839482291872,300,TRAIN,0.3198900340045835,0.3388778624537909
spatial,0,CH,SYMMETRY,MLR,0.32506193875471057,350,TRAIN,0.3194523370642325,0.33067154044518865
spatial,0,CH,SYMMETRY,RF,0.4250955204825905,350,TRAIN,0.41952983847316555,0.4306612024920155
spatial,0,CH,SYMMETRY,SVR,0.4752892037384901,350,TRAIN,0.4691932021054606,0.4813852053715196
spatial,0,CH,SYMMETRY,MLP,0.3677997196910761,350,TRAIN,0.3593279409872104,0.37627149839494184
spatial,0,CH,SYMMETRY,MLR,0.31497606292324243,400,TRAIN,0.30809175426109175,0.3218603715853931
spatial,0,CH,SYMMETRY,RF,0.4043499444352268,400,TRAIN,0.4006182690643841,0.40808161980606955
spatial,0,CH,SYMMETRY,SVR,0.4808355092706166,400,TRAIN,0.4754705001277764,0.48620051841345674
spatial,0,CH,SYMMETRY,MLP,0.3490544026426389,400,TRAIN,0.33986559088838336,0.3582432143968944
spatial,0,CH,SYMMETRY,MLR,0.30261152328629143,450,TRAIN,0.2969846519831988,0.30823839458938407
spatial,0,CH,SYMMETRY,RF,0.3754547017860837,450,TRAIN,0.37132228915406373,0.37958711441810367
spatial,0,CH,SYMMETRY,SVR,0.4786792022017553,450,TRAIN,0.4737207521917485,0.48363765221176214
spatial,0,CH,SYMMETRY,MLP,0.35939319678500864,450,TRAIN,0.3512653598447648,0.36752103372525247
spatial,0,CH,SYMMETRY,MLR,0.2919131273711228,500,TRAIN,0.28777886628648036,0.2960473884557652
spatial,0,CH,SYMMETRY,RF,0.3517008968919021,500,TRAIN,0.3484771406767245,0.3549246531070797
spatial,0,CH,SYMMETRY,SVR,0.4602280984457454,500,TRAIN,0.45614934930082823,0.4643068475906626
spatial,0,CH,SYMMETRY,MLP,0.3519127765467613,500,TRAIN,0.3445058546685311,0.35931969842499145
topo,0,C,ACTIVITY,MLR,-0.6910624345829088,50,TEST,-0.8517171577444625,-0.5304077114213551
topo,0,C,ACTIVITY,RF,0.0574488007748679,50,TEST,-0.01047364788109642,0.12537124943083222
topo,0,C,ACTIVITY,SVR,-0.053846536290116834,50,TEST,-0.10247203127776194,-0.005221041302471731
topo,0,C,ACTIVITY,MLP,-0.08391160210464049,50,TEST,-0.10526926568413447,-0.06255393852514651
topo,0,C,ACTIVITY,MLR,-19.20311043046059,100,TEST,-31.801118899604507,-6.605101961316674
topo,0,C,ACTIVITY,RF,0.19740936995265854,100,TEST,0.17510266933239796,0.21971607057291911
topo,0,C,ACTIVITY,SVR,0.0671200060228528,100,TEST,0.029192183519665085,0.10504782852604051
topo,0,C,ACTIVITY,MLP,0.04779386507632862,100,TEST,0.020404248950767298,0.07518348120188995
topo,0,C,ACTIVITY,MLR,-2.4786445346448263,150,TEST,-4.741313773101645,-0.2159752961880077
topo,0,C,ACTIVITY,RF,0.1822070457674756,150,TEST,0.1560667405613074,0.2083473509736438
topo,0,C,ACTIVITY,SVR,0.18188756247690446,150,TEST,0.15988860113570497,0.20388652381810396
topo,0,C,ACTIVITY,MLP,0.08012583461739119,150,TEST,0.0493528473130074,0.11089882192177497
topo,0,C,ACTIVITY,MLR,-0.18093481445864776,200,TEST,-0.4233958712573034,0.061526242340007836
topo,0,C,ACTIVITY,RF,0.2095165919774945,200,TEST,0.1926708535485831,0.2263623304064059
topo,0,C,ACTIVITY,SVR,0.17971400545603566,200,TEST,0.15364234401070176,0.20578566690136957
topo,0,C,ACTIVITY,MLP,0.11597262351312668,200,TEST,0.0759360502906438,0.15600919673560953
topo,0,C,ACTIVITY,MLR,0.10929381898990627,250,TEST,0.03847233060229065,0.1801153073775219
topo,0,C,ACTIVITY,RF,0.228793857963458,250,TEST,0.21630051518915488,0.2412872007377611
topo,0,C,ACTIVITY,SVR,0.21037175593505786,250,TEST,0.18109536477453392,0.2396481470955818
topo,0,C,ACTIVITY,MLP,0.1886012447260748,250,TEST,0.1670368180730481,0.21016567137910153
topo,0,C,ACTIVITY,MLR,0.15191113304122406,300,TEST,0.13818284263160513,0.16563942345084298
topo,0,C,ACTIVITY,RF,0.2203368187384484,300,TEST,0.20376790775649575,0.23690572972040105
topo,0,C,ACTIVITY,SVR,0.2271989701537186,300,TEST,0.21068453630965175,0.24371340399778543
topo,0,C,ACTIVITY,MLP,0.1767962208287326,300,TEST,0.15555296431239943,0.19803947734506575
topo,0,C,ACTIVITY,MLR,0.19704014962042804,350,TEST,0.18274510840548158,0.2113351908353745
topo,0,C,ACTIVITY,RF,0.2479826425029468,350,TEST,0.2350317087471398,0.2609335762587538
topo,0,C,ACTIVITY,SVR,0.2250701902430143,350,TEST,0.21013404977381095,0.24000633071221766
topo,0,C,ACTIVITY,MLP,0.18117110065651168,350,TEST,0.15966322946911163,0.20267897184391173
topo,0,C,ACTIVITY,MLR,0.20403521334264066,400,TEST,0.19219579878589824,0.21587462789938308
topo,0,C,ACTIVITY,RF,0.2511613201808396,400,TEST,0.23979917298801862,0.26252346737366056
topo,0,C,ACTIVITY,SVR,0.21150761138372812,400,TEST,0.19699837741168097,0.22601684535577526
topo,0,C,ACTIVITY,MLP,0.2074916436119764,400,TEST,0.19139747071759314,0.22358581650635964
topo,0,C,ACTIVITY,MLR,0.21518948244550215,450,TEST,0.19615809411641394,0.23422087077459036
topo,0,C,ACTIVITY,RF,0.2376885475272747,450,TEST,0.22679030773812187,0.24858678731642753
topo,0,C,ACTIVITY,SVR,0.2333337060694105,450,TEST,0.21890648367758192,0.2477609284612391
topo,0,C,ACTIVITY,MLP,0.21946260394125428,450,TEST,0.20867101722288264,0.2302541906596259
topo,0,C,ACTIVITY,MLR,0.18119201215120606,500,TEST,0.1411655996132046,0.22121842468920752
topo,0,C,ACTIVITY,RF,0.2647691182495526,500,TEST,0.251987445454805,0.27755079104430025
topo,0,C,ACTIVITY,SVR,0.2323423552657257,500,TEST,0.21789006613498013,0.24679464439647125
topo,0,C,ACTIVITY,MLP,0.2041265816416941,500,TEST,0.18857384950291559,0.2196793137804726
topo,0,C,GROWTH,MLR,-0.5052004098954115,50,TEST,-0.6595937209070144,-0.35080709888380857
topo,0,C,GROWTH,RF,-0.0829878028811649,50,TEST,-0.16669819143525166,0.0007225856729218549
topo,0,C,GROWTH,SVR,0.10711216794569717,50,TEST,0.07950647251652361,0.13471786337487074
topo,0,C,GROWTH,MLP,-0.10944468533841208,50,TEST,-0.1365369633064819,-0.08235240737034225
topo,0,C,GROWTH,MLR,-0.5267022577918208,100,TEST,-0.9056519753706042,-0.1477525402130374
topo,0,C,GROWTH,RF,0.1137733862344618,100,TEST,0.07222561134308264,0.15532116112584096
topo,0,C,GROWTH,SVR,0.14334995501147896,100,TEST,0.11069644851465749,0.17600346150830043
topo,0,C,GROWTH,MLP,-0.029021721679498406,100,TEST,-0.03528418723138902,-0.02275925612760779
topo,0,C,GROWTH,MLR,-4.324876719209606,150,TEST,-8.665238245054253,0.015484806635040371
topo,0,C,GROWTH,RF,0.14312955291150822,150,TEST,0.11437387875383667,0.17188522706917977
topo,0,C,GROWTH,SVR,0.19701961186332684,150,TEST,0.17259355508320579,0.2214456686434479
topo,0,C,GROWTH,MLP,-0.009040677022067916,150,TEST,-0.025118697887294907,0.0070373438431590735
topo,0,C,GROWTH,MLR,0.06871152834299771,200,TEST,-0.025109507840303316,0.16253256452629872
topo,0,C,GROWTH,RF,0.21739140659735934,200,TEST,0.195204580095785,0.23957823309893367
topo,0,C,GROWTH,SVR,0.1617499443761237,200,TEST,0.1366251547110495,0.1868747340411979
topo,0,C,GROWTH,MLP,0.08380922320048986,200,TEST,0.06514132283757362,0.1024771235634061
topo,0,C,GROWTH,MLR,0.12465569129623047,250,TEST,0.02378545493966315,0.22552592765279778
topo,0,C,GROWTH,RF,0.240062625360008,250,TEST,0.22224628397829754,0.25787896674171845
topo,0,C,GROWTH,SVR,0.21319109134687045,250,TEST,0.19285216881497727,0.23353001387876363
topo,0,C,GROWTH,MLP,0.16692271655848576,250,TEST,0.15006186858362217,0.18378356453334935
topo,0,C,GROWTH,MLR,0.1674422668640834,300,TEST,0.14498167218234964,0.18990286154581715
topo,0,C,GROWTH,RF,0.22514774755842445,300,TEST,0.2067852450966101,0.24351025002023882
topo,0,C,GROWTH,SVR,0.23056661080855065,300,TEST,0.21529551472913633,0.24583770688796497
topo,0,C,GROWTH,MLP,0.18603405220872885,300,TEST,0.17350272280419876,0.19856538161325893
topo,0,C,GROWTH,MLR,0.15048625891747422,350,TEST,0.11940490558652195,0.1815676122484265
topo,0,C,GROWTH,RF,0.2613395092866528,350,TEST,0.24420678205724738,0.2784722365160582
topo,0,C,GROWTH,SVR,0.23373826213929846,350,TEST,0.2174915455511185,0.24998497872747844
topo,0,C,GROWTH,MLP,0.22576134986887625,350,TEST,0.2147833159447224,0.23673938379303008
topo,0,C,GROWTH,MLR,0.2477943792077023,400,TEST,0.23643342718759053,0.2591553312278141
topo,0,C,GROWTH,RF,0.26294456416165257,400,TEST,0.2470157700602828,0.27887335826302234
topo,0,C,GROWTH,SVR,0.21354391574584594,400,TEST,0.19823176813252774,0.22885606335916414
topo,0,C,GROWTH,MLP,0.22474801714428694,400,TEST,0.21317440946731148,0.2363216248212624
topo,0,C,GROWTH,MLR,0.21963609430896813,450,TEST,0.1967082457619124,0.24256394285602387
topo,0,C,GROWTH,RF,0.2621035110669139,450,TEST,0.2500707104522216,0.2741363116816061
topo,0,C,GROWTH,SVR,0.2364456996869168,450,TEST,0.2232212764778591,0.2496701228959745
topo,0,C,GROWTH,MLP,0.22388041814457424,450,TEST,0.21525182056171088,0.2325090157274376
topo,0,C,GROWTH,MLR,0.21491817199182855,500,TEST,0.1980771675856604,0.2317591763979967
topo,0,C,GROWTH,RF,0.26843727176529314,500,TEST,0.2562890573267853,0.28058548620380097
topo,0,C,GROWTH,SVR,0.21937709064339156,500,TEST,0.20688370061514944,0.23187048067163368
topo,0,C,GROWTH,MLP,0.2532790627070877,500,TEST,0.24305099442371272,0.26350713099046275
topo,0,C,SYMMETRY,MLR,-0.5506195441541605,50,TEST,-0.6870979456121413,-0.41414114269617963
topo,0,C,SYMMETRY,RF,-0.16394039258131793,50,TEST,-0.20225317080199323,-0.12562761436064263
topo,0,C,SYMMETRY,SVR,-0.2549402787090191,50,TEST,-0.3058141130194112,-0.20406644439862698
topo,0,C,SYMMETRY,MLP,-0.20984398138921614,50,TEST,-0.3285328699209663,-0.091155092857466
topo,0,C,SYMMETRY,MLR,-0.5234972043829206,100,TEST,-0.8855193464446109,-0.16147506232123016
topo,0,C,SYMMETRY,RF,-0.04290466756632074,100,TEST,-0.06184046009840609,-0.023968875034235393
topo,0,C,SYMMETRY,SVR,-0.1581674467861936,100,TEST,-0.18422018535335402,-0.13211470821903318
topo,0,C,SYMMETRY,MLP,-0.09705582601236684,100,TEST,-0.11806366307106843,-0.07604798895366525
topo,0,C,SYMMETRY,MLR,-0.059424092455471235,150,TEST,-0.07551056953263102,-0.04333761537831145
topo,0,C,SYMMETRY,RF,-0.027772739666906656,150,TEST,-0.04328592380534665,-0.012259555528466665
topo,0,C,SYMMETRY,SVR,-0.13493220109814358,150,TEST,-0.16943101310193504,-0.10043338909435212
topo,0,C,SYMMETRY,MLP,-0.08294798217242744,150,TEST,-0.11005056742476438,-0.055845396920090495
topo,0,C,SYMMETRY,MLR,-0.057732641214231085,200,TEST,-0.07043903851907861,-0.04502624390938357
topo,0,C,SYMMETRY,RF,-0.032507173460191344,200,TEST,-0.04268756611614287,-0.022326780804239815
topo,0,C,SYMMETRY,SVR,-0.1032672589275931,200,TEST,-0.12402297427396845,-0.08251154358121775
topo,0,C,SYMMETRY,MLP,-0.09371900520223522,200,TEST,-0.11714827905964988,-0.07028973134482057
topo,0,C,SYMMETRY,MLR,-0.27257162777155464,250,TEST,-0.44110465396821386,-0.10403860157489545
topo,0,C,SYMMETRY,RF,-0.030939685896405392,250,TEST,-0.04198320173496386,-0.019896170057846926
topo,0,C,SYMMETRY,SVR,-0.08965080302514186,250,TEST,-0.10415405970944688,-0.07514754634083684
topo,0,C,SYMMETRY,MLP,-0.06880777009799982,250,TEST,-0.08535876890846916,-0.05225677128753048
topo,0,C,SYMMETRY,MLR,-0.013304390994878172,300,TEST,-0.018734451134301083,-0.00787433085545526
topo,0,C,SYMMETRY,RF,-0.024581252737176196,300,TEST,-0.034070732163444244,-0.015091773310908147
topo,0,C,SYMMETRY,SVR,-0.0935824181692148,300,TEST,-0.11084002575673314,-0.07632481058169645
topo,0,C,SYMMETRY,MLP,-0.07379506676260134,300,TEST,-0.10179207509453155,-0.045798058430671126
topo,0,C,SYMMETRY,MLR,-0.2496458362275811,350,TEST,-0.4744074140207529,-0.02488425843440925
topo,0,C,SYMMETRY,RF,-0.014072928612828531,350,TEST,-0.019330853374878165,-0.008815003850778899
topo,0,C,SYMMETRY,SVR,-0.08053798546835532,350,TEST,-0.09406375414717043,-0.06701221678954021
topo,0,C,SYMMETRY,MLP,-0.07257694768746202,350,TEST,-0.09452211358563775,-0.0506317817892863
topo,0,C,SYMMETRY,MLR,-0.016659155279641666,400,TEST,-0.030565182408409323,-0.0027531281508740065
topo,0,C,SYMMETRY,RF,-0.009679292072541113,400,TEST,-0.015481308391525377,-0.0038772757535568483
topo,0,C,SYMMETRY,SVR,-0.0993806714847584,400,TEST,-0.10847161515451624,-0.09028972781500057
topo,0,C,SYMMETRY,MLP,-0.031458590432630176,400,TEST,-0.04220867280219182,-0.02070850806306853
topo,0,C,SYMMETRY,MLR,-0.0071156518643178705,450,TEST,-0.011806893014862275,-0.002424410713773466
topo,0,C,SYMMETRY,RF,-0.006788437154523504,450,TEST,-0.012258283616832823,-0.0013185906922141858
topo,0,C,SYMMETRY,SVR,-0.07042834660168615,450,TEST,-0.07961388664284685,-0.06124280656052544
topo,0,C,SYMMETRY,MLP,-0.045181793429595565,450,TEST,-0.07028017189397787,-0.020083414965213268
topo,0,C,SYMMETRY,MLR,-0.006078559925456935,500,TEST,-0.010201338769052139,-0.0019557810818617303
topo,0,C,SYMMETRY,RF,0.0011712160803605967,500,TEST,-0.0033574093483104434,0.005699841509031637
topo,0,C,SYMMETRY,SVR,-0.06344209332067971,500,TEST,-0.07675555515263804,-0.05012863148872138
topo,0,C,SYMMETRY,MLP,-0.031057561930699883,500,TEST,-0.0450797615971606,-0.017035362264239164
spatial,0,C,ACTIVITY,MLR,-17.555955153932768,50,TEST,-31.777920383679657,-3.3339899241858806
spatial,0,C,ACTIVITY,RF,-0.0253696371558881,50,TEST,-0.10118694677613485,0.050447672464358655
spatial,0,C,ACTIVITY,SVR,0.009935664569512614,50,TEST,-0.05685732118530684,0.07672865032433207
spatial,0,C,ACTIVITY,MLP,-34.43490579817457,50,TEST,-61.16651911357927,-7.703292482769868
spatial,0,C,ACTIVITY,MLR,-0.39770431887055546,100,TEST,-0.7361706290425647,-0.059238008698546285
spatial,0,C,ACTIVITY,RF,0.11942897773570697,100,TEST,0.09154876809784546,0.1473091873735685
spatial,0,C,ACTIVITY,SVR,0.11579917449072333,100,TEST,0.07879883787575542,0.15279951110569123
spatial,0,C,ACTIVITY,MLP,-0.4289415448116207,100,TEST,-0.5100186245503606,-0.3478644650728808
spatial,0,C,ACTIVITY,MLR,-0.009019238698927259,150,TEST,-0.08794020470028918,0.06990172730243466
spatial,0,C,ACTIVITY,RF,0.1659714431887179,150,TEST,0.14744338942681584,0.18449949695061996
spatial,0,C,ACTIVITY,SVR,0.19209789622490672,150,TEST,0.16433722706951115,0.2198585653803023
spatial,0,C,ACTIVITY,MLP,-1.7208238294792109,150,TEST,-2.797898606576858,-0.6437490523815637
spatial,0,C,ACTIVITY,MLR,0.13263046374980889,200,TEST,0.10844928884209393,0.15681163865752384
spatial,0,C,ACTIVITY,RF,0.20824044721549492,200,TEST,0.1942593292980499,0.22222156513293995
spatial,0,C,ACTIVITY,SVR,0.18897013150874256,200,TEST,0.16839347624745,0.20954678677003513
spatial,0,C,ACTIVITY,MLP,-1.1021347952214942,200,TEST,-1.640937058204567,-0.5633325322384213
spatial,0,C,ACTIVITY,MLR,-0.12011017439481245,250,TEST,-0.3653064876720191,0.12508613888239425
spatial,0,C,ACTIVITY,RF,0.2050098471617612,250,TEST,0.1892468053088858,0.22077288901463663
spatial,0,C,ACTIVITY,SVR,0.21119721331320812,250,TEST,0.18979022243815696,0.23260420418825928
spatial,0,C,ACTIVITY,MLP,-0.202591509568774,250,TEST,-0.3849990628538368,-0.020183956283711196
spatial,0,C,ACTIVITY,MLR,0.04312701234738482,300,TEST,-0.02514128553594265,0.1113953102307123
spatial,0,C,ACTIVITY,RF,0.23382371404078844,300,TEST,0.22069809034089344,0.24694933774068345
spatial,0,C,ACTIVITY,SVR,0.23839749891019224,300,TEST,0.22230473201224113,0.2544902658081434
spatial,0,C,ACTIVITY,MLP,-0.05212479964182412,300,TEST,-0.19361938516893284,0.0893697858852846
spatial,0,C,ACTIVITY,MLR,0.18689152069567816,350,TEST,0.15571864950590286,0.21806439188545346
spatial,0,C,ACTIVITY,RF,0.21612480498837236,350,TEST,0.20315206568157645,0.22909754429516827
spatial,0,C,ACTIVITY,SVR,0.224482664198241,350,TEST,0.2107847754225165,0.2381805529739655
spatial,0,C,ACTIVITY,MLP,-0.028522560693920944,350,TEST,-0.16687291108666502,0.10982778969882312
spatial,0,C,ACTIVITY,MLR,0.2064274937414144,400,TEST,0.19599459597326782,0.21686039150956096
spatial,0,C,ACTIVITY,RF,0.2363896121974152,400,TEST,0.2249316768537954,0.247847547541035
spatial,0,C,ACTIVITY,SVR,0.2085051839673359,400,TEST,0.19353070519196516,0.22347966274270661
spatial,0,C,ACTIVITY,MLP,0.1427931881566537,400,TEST,0.09351006408432784,0.19207631222897958
spatial,0,C,ACTIVITY,MLR,0.21271592543190584,450,TEST,0.20288804702153682,0.22254380384227487
spatial,0,C,ACTIVITY,RF,0.2220933153118853,450,TEST,0.21185769580532618,0.23232893481844444
spatial,0,C,ACTIVITY,SVR,0.22781887732183426,450,TEST,0.2143556105168633,0.2412821441268052
spatial,0,C,ACTIVITY,MLP,0.1740078336813013,450,TEST,0.1565292565230129,0.1914864108395897
spatial,0,C,ACTIVITY,MLR,0.2258464004803291,500,TEST,0.2172507268462525,0.23444207411440574
spatial,0,C,ACTIVITY,RF,0.2350630249726509,500,TEST,0.22399643572048716,0.24612961422481466
spatial,0,C,ACTIVITY,SVR,0.26863531367995186,500,TEST,0.2568028701822442,0.28046775717765954
spatial,0,C,ACTIVITY,MLP,0.2079048013744264,500,TEST,0.1964605101273088,0.219349092621544
spatial,0,C,GROWTH,MLR,-0.66956930973986,50,TEST,-0.8374198375151817,-0.5017187819645382
spatial,0,C,GROWTH,RF,-0.07447373851373093,50,TEST,-0.14506153783947856,-0.0038859391879833005
spatial,0,C,GROWTH,SVR,0.03306750825080036,50,TEST,-0.011714086537494672,0.0778491030390954
spatial,0,C,GROWTH,MLP,-0.9613714350191616,50,TEST,-1.4244136504106757,-0.4983292196276475
spatial,0,C,GROWTH,MLR,-5.966471735871622,100,TEST,-10.043552113530483,-1.8893913582127606
spatial,0,C,GROWTH,RF,0.0815875377976346,100,TEST,0.04974420811133932,0.11343086748392989
spatial,0,C,GROWTH,SVR,0.0881501813372264,100,TEST,0.05495135207065072,0.12134901060380207
spatial,0,C,GROWTH,MLP,-23.49518684218471,100,TEST,-42.51757653562473,-4.4727971487447
spatial,0,C,GROWTH,MLR,-0.06777025532887736,150,TEST,-0.2547600943976695,0.1192195837399148
spatial,0,C,GROWTH,RF,0.17742605936683573,150,TEST,0.15055357019399287,0.20429854853967858
spatial,0,C,GROWTH,SVR,0.18688299875783385,150,TEST,0.15955012591432663,0.21421587160134106
spatial,0,C,GROWTH,MLP,-1.2645928031452425,150,TEST,-1.932125792586436,-0.597059813704049
spatial,0,C,GROWTH,MLR,-0.10120459030570887,200,TEST,-0.34601646820543486,0.14360728759401714
spatial,0,C,GROWTH,RF,0.1945125862123913,200,TEST,0.17494313053754745,0.21408204188723512
spatial,0,C,GROWTH,SVR,0.2147478524538035,200,TEST,0.19400145552839893,0.2354942493792081
spatial,0,C,GROWTH,MLP,-3.964327367318397,200,TEST,-6.260442824728017,-1.668211909908777
spatial,0,C,GROWTH,MLR,0.10819625779000122,250,TEST,0.0447489430823297,0.17164357249767276
spatial,0,C,GROWTH,RF,0.2241977771372938,250,TEST,0.20660029427656407,0.24179525999802354
spatial,0,C,GROWTH,SVR,0.1895210916913745,250,TEST,0.16344353808208173,0.21559864530066725
spatial,0,C,GROWTH,MLP,0.1138523699841444,250,TEST,0.07357109043852117,0.15413364952976763
spatial,0,C,GROWTH,MLR,-0.1965002039539079,300,TEST,-0.6008964258622769,0.20789601795446103
spatial,0,C,GROWTH,RF,0.2291028184080815,300,TEST,0.2168055683770044,0.2414000684391586
spatial,0,C,GROWTH,SVR,0.19822078160756634,300,TEST,0.17687952376253127,0.21956203945260142
spatial,0,C,GROWTH,MLP,0.0871052504199585,300,TEST,0.011257761325501908,0.16295273951441508
spatial,0,C,GROWTH,MLR,0.049624990551342944,350,TEST,-0.07322600762544032,0.17247598872812622
spatial,0,C,GROWTH,RF,0.2552652728317583,350,TEST,0.24301661227204044,0.26751393339147617
spatial,0,C,GROWTH,SVR,0.2493540484003517,350,TEST,0.23278468386039544,0.2659234129403079
spatial,0,C,GROWTH,MLP,0.16525162789114015,350,TEST,0.13124916495134403,0.19925409083093626
spatial,0,C,GROWTH,MLR,0.18855961224766635,400,TEST,0.13179594758795937,0.24532327690737332
spatial,0,C,GROWTH,RF,0.2640135182210719,400,TEST,0.251207789504806,0.2768192469373378
spatial,0,C,GROWTH,SVR,0.24360399639922395,400,TEST,0.22584902942312407,0.2613589633753238
spatial,0,C,GROWTH,MLP,0.2088559397917741,400,TEST,0.18129793837781366,0.23641394120573456
spatial,0,C,GROWTH,MLR,0.27363117327302466,450,TEST,0.2576394838364427,0.28962286270960663
spatial,0,C,GROWTH,RF,0.2522341378326217,450,TEST,0.23913361085826929,0.26533466480697415
spatial,0,C,GROWTH,SVR,0.2598566633063097,450,TEST,0.24466006258285422,0.27505326402976515
spatial,0,C,GROWTH,MLP,0.2327706674703826,450,TEST,0.20387860571301256,0.26166272922775263
spatial,0,C,GROWTH,MLR,0.2547016325856209,500,TEST,0.23422352274365413,0.2751797424275877
spatial,0,C,GROWTH,RF,0.2467279316239329,500,TEST,0.23525428989897776,0.258201573348888
spatial,0,C,GROWTH,SVR,0.2461279679096379,500,TEST,0.23402872314541232,0.2582272126738635
spatial,0,C,GROWTH,MLP,0.26034037120025955,500,TEST,0.24804780831182735,0.27263293408869177
spatial,0,C,SYMMETRY,MLR,-63.63747400010582,50,TEST,-125.87482683680034,-1.400121163411292
spatial,0,C,SYMMETRY,RF,-0.17874882703895084,50,TEST,-0.21744772670611645,-0.14004992737178523
spatial,0,C,SYMMETRY,SVR,-0.21524553122456688,50,TEST,-0.2643755471854473,-0.16611551526368643
spatial,0,C,SYMMETRY,MLP,-0.08699268788272321,50,TEST,-0.1076102800863167,-0.06637509567912972
spatial,0,C,SYMMETRY,MLR,-1.1426047981554464,100,TEST,-1.7887844846877838,-0.496425111623109
spatial,0,C,SYMMETRY,RF,-0.11656274468096918,100,TEST,-0.1417672375648628,-0.09135825179707553
spatial,0,C,SYMMETRY,SVR,-0.20506134847287902,100,TEST,-0.24744250506456295,-0.1626801918811951
spatial,0,C,SYMMETRY,MLP,-0.04548539054439968,100,TEST,-0.05609323259270353,-0.034877548496095825
spatial,0,C,SYMMETRY,MLR,-0.21909259917850707,150,TEST,-0.3356420008760911,-0.10254319748092307
spatial,0,C,SYMMETRY,RF,-0.0654800795600644,150,TEST,-0.08394615748170044,-0.04701400163842835
spatial,0,C,SYMMETRY,SVR,-0.1710614722736317,150,TEST,-0.2006804362673727,-0.1414425082798907
spatial,0,C,SYMMETRY,MLP,-0.05010135549739688,150,TEST,-0.0646514108175441,-0.03555130017724966
spatial,0,C,SYMMETRY,MLR,-0.1728234169504227,200,TEST,-0.293405692972343,-0.05224114092850239
spatial,0,C,SYMMETRY,RF,-0.03176325109882138,200,TEST,-0.04031851793948524,-0.023207984258157524
spatial,0,C,SYMMETRY,SVR,-0.15139294281406998,200,TEST,-0.16945720201058254,-0.13332868361755743
spatial,0,C,SYMMETRY,MLP,-0.02408827928497613,200,TEST,-0.032061257238517,-0.01611530133143526
spatial,0,C,SYMMETRY,MLR,-0.02382071103413279,250,TEST,-0.03260339882103348,-0.015038023247232099
spatial,0,C,SYMMETRY,RF,-0.01622478783121099,250,TEST,-0.025302462600411805,-0.007147113062010175
spatial,0,C,SYMMETRY,SVR,-0.07736555944137373,250,TEST,-0.09375842540876916,-0.060972693473978296
spatial,0,C,SYMMETRY,MLP,-0.03778141019802319,250,TEST,-0.04507879363188151,-0.030484026764164868
spatial,0,C,SYMMETRY,MLR,-0.16568733700285304,300,TEST,-0.3005035020057977,-0.030871171999908437
spatial,0,C,SYMMETRY,RF,-0.015052313109676871,300,TEST,-0.022531592935263765,-0.007573033284089979
spatial,0,C,SYMMETRY,SVR,-0.0996463704467736,300,TEST,-0.11608862083264307,-0.08320412006090414
spatial,0,C,SYMMETRY,MLP,-0.014088614779112463,300,TEST,-0.020038929505553863,-0.008138300052671063
spatial,0,C,SYMMETRY,MLR,-0.034917658917051266,350,TEST,-0.0635446223556846,-0.006290695478417933
spatial,0,C,SYMMETRY,RF,-0.021571834001127492,350,TEST,-0.027962610713673716,-0.01518105728858127
spatial,0,C,SYMMETRY,SVR,-0.10430650270169954,350,TEST,-0.1183999300481902,-0.09021307535520888
spatial,0,C,SYMMETRY,MLP,-0.00932769660112129,350,TEST,-0.012931037525711822,-0.005724355676530757
spatial,0,C,SYMMETRY,MLR,-0.004689530538596764,400,TEST,-0.008541351168927454,-0.000837709908266075
spatial,0,C,SYMMETRY,RF,-0.0017934693847748227,400,TEST,-0.007155874321611731,0.003568935552062085
spatial,0,C,SYMMETRY,SVR,-0.08391490911936493,400,TEST,-0.09687909439777978,-0.07095072384095008
spatial,0,C,SYMMETRY,MLP,-0.03689704673981399,400,TEST,-0.04751403094450974,-0.02628006253511824
spatial,0,C,SYMMETRY,MLR,-0.005058618506281639,450,TEST,-0.009211172534669358,-0.0009060644778939204
spatial,0,C,SYMMETRY,RF,-0.0008678071281851015,450,TEST,-0.005807757489095777,0.004072143232725574
spatial,0,C,SYMMETRY,SVR,-0.04695307702960436,450,TEST,-0.057200501694232166,-0.03670565236497656
spatial,0,C,SYMMETRY,MLP,-0.010587325009316058,450,TEST,-0.016681534222321326,-0.004493115796310792
spatial,0,C,SYMMETRY,MLR,-0.1254472681404093,500,TEST,-0.22443686692283754,-0.026457669357981065
spatial,0,C,SYMMETRY,RF,-0.015749553531687152,500,TEST,-0.021864411064397963,-0.009634695998976341
spatial,0,C,SYMMETRY,SVR,-0.06624074956931986,500,TEST,-0.07843706430551732,-0.05404443483312239
spatial,0,C,SYMMETRY,MLP,0.00035048339644014136,500,TEST,-0.003160915567931314,0.0038618823608115973
topo,0,CH,ACTIVITY,MLR,-4.988206595832559,50,TEST,-7.5310641434417605,-2.4453490482233584
topo,0,CH,ACTIVITY,RF,-0.2700881480155754,50,TEST,-0.40378793017407844,-0.13638836585707234
topo,0,CH,ACTIVITY,SVR,-0.018752700211013044,50,TEST,-0.052481722650987224,0.014976322228961135
topo,0,CH,ACTIVITY,MLP,-0.15879054870055365,50,TEST,-0.20736210263868113,-0.11021899476242616
topo,0,CH,ACTIVITY,MLR,-0.825682796625093,100,TEST,-1.0855302202986454,-0.5658353729515405
topo,0,CH,ACTIVITY,RF,-0.014631197291670409,100,TEST,-0.02784268326235331,-0.001419711320987508
topo,0,CH,ACTIVITY,SVR,0.005576285160050035,100,TEST,-0.017600046434452295,0.028752616754552367
topo,0,CH,ACTIVITY,MLP,-0.2541043766904895,100,TEST,-0.42775863752872156,-0.08045011585225748
topo,0,CH,ACTIVITY,MLR,-2.2833097086202723,150,TEST,-3.7445666013490033,-0.8220528158915412
topo,0,CH,ACTIVITY,RF,0.008457214392121316,150,TEST,-0.007594988652580067,0.024509417436822698
topo,0,CH,ACTIVITY,SVR,-0.0044329782055469455,150,TEST,-0.01858024128788339,0.009714284876789502
topo,0,CH,ACTIVITY,MLP,-0.07227368351862358,150,TEST,-0.10138034376999336,-0.0431670232672538
topo,0,CH,ACTIVITY,MLR,-0.18257153905711054,200,TEST,-0.2701141319189562,-0.09502894619526486
topo,0,CH,ACTIVITY,RF,0.03003944550830725,200,TEST,0.01954599966647429,0.04053289135014021
topo,0,CH,ACTIVITY,SVR,0.028781775805538624,200,TEST,0.014901962537425853,0.0426615890736514
topo,0,CH,ACTIVITY,MLP,-0.05708196467730866,200,TEST,-0.08400123070737436,-0.03016269864724295
topo,0,CH,ACTIVITY,MLR,0.0014908179251190367,250,TEST,-0.022246218330538255,0.025227854180776325
topo,0,CH,ACTIVITY,RF,0.03349251087238636,250,TEST,0.02344115974557509,0.04354386199919763
topo,0,CH,ACTIVITY,SVR,0.03139266110713888,250,TEST,0.01639179369942758,0.04639352851485019
topo,0,CH,ACTIVITY,MLP,-0.025011379012250114,250,TEST,-0.06363698041729113,0.013614222392790903
topo,0,CH,ACTIVITY,MLR,0.011063850552515856,300,TEST,-0.01826111369401558,0.040388814799047296
topo,0,CH,ACTIVITY,RF,0.026797928885581454,300,TEST,0.015286310750073898,0.03830954702108901
topo,0,CH,ACTIVITY,SVR,0.023640028665427037,300,TEST,0.014032946150018068,0.03324711118083601
topo,0,CH,ACTIVITY,MLP,-0.03028057307419477,300,TEST,-0.06284055576022851,0.002279409611838968
topo,0,CH,ACTIVITY,MLR,0.027897143178735158,350,TEST,0.005738094479981717,0.050056191877488596
topo,0,CH,ACTIVITY,RF,0.03979039890714433,350,TEST,0.032612881610737304,0.046967916203551355
topo,0,CH,ACTIVITY,SVR,0.03256480847922726,350,TEST,0.022929209725050623,0.0422004072334039
topo,0,CH,ACTIVITY,MLP,0.032997470258497835,350,TEST,0.014856822756868285,0.05113811776012739
topo,0,CH,ACTIVITY,MLR,-0.008697625424267457,400,TEST,-0.05031320623447203,0.03291795538593712
topo,0,CH,ACTIVITY,RF,0.04025824122503043,400,TEST,0.03527961454457189,0.045236867905488976
topo,0,CH,ACTIVITY,SVR,0.025037042621632515,400,TEST,0.016453475466125578,0.03362060977713945
topo,0,CH,ACTIVITY,MLP,-0.004002907896787256,400,TEST,-0.02408258291871304,0.01607676712513853
topo,0,CH,ACTIVITY,MLR,0.05782700282816649,450,TEST,0.0480772247395231,0.06757678091680988
topo,0,CH,ACTIVITY,RF,0.04293176998100282,450,TEST,0.03771136170617902,0.04815217825582663
topo,0,CH,ACTIVITY,SVR,0.04744852536202366,450,TEST,0.041977811765409004,0.052919238958638315
topo,0,CH,ACTIVITY,MLP,0.059009105844353364,450,TEST,0.042895242584116866,0.07512296910458986
topo,0,CH,ACTIVITY,MLR,0.050482689413080234,500,TEST,0.03870214176140613,0.06226323706475434
topo,0,CH,ACTIVITY,RF,0.04098810843990572,500,TEST,0.03322767403294848,0.048748542846862954
topo,0,CH,ACTIVITY,SVR,0.037269257089436736,500,TEST,0.030913245662077617,0.04362526851679585
topo,0,CH,ACTIVITY,MLP,0.01808003376895442,500,TEST,-0.0043590051324082675,0.04051907267031711
topo,0,CH,GROWTH,MLR,-10.571177136626023,50,TEST,-17.138609363634245,-4.003744909617803
topo,0,CH,GROWTH,RF,-0.14544425439006614,50,TEST,-0.21279487930143276,-0.07809362947869954
topo,0,CH,GROWTH,SVR,-0.24413726489860196,50,TEST,-0.3924723949473831,-0.09580213484982081
topo,0,CH,GROWTH,MLP,-2.9873051633339736,50,TEST,-3.7999992544894177,-2.1746110721785294
topo,0,CH,GROWTH,MLR,-3.233394173183884,100,TEST,-5.762464026528302,-0.7043243198394658
topo,0,CH,GROWTH,RF,0.04656765198412215,100,TEST,0.0004479043035636246,0.09268739966468068
topo,0,CH,GROWTH,SVR,0.04520055105750567,100,TEST,0.003525504278643732,0.08687559783636761
topo,0,CH,GROWTH,MLP,-0.6168011028141813,100,TEST,-0.8490965220374908,-0.3845056835908719
topo,0,CH,GROWTH,MLR,-1.0925811948530335,150,TEST,-1.9582212175438878,-0.22694117216217924
topo,0,CH,GROWTH,RF,0.09171031052497623,150,TEST,0.06257132479429407,0.12084929625565839
topo,0,CH,GROWTH,SVR,0.1252999975925276,150,TEST,0.10663326660771423,0.143966728577341
topo,0,CH,GROWTH,MLP,-1.183036036019167,150,TEST,-1.9004938658274744,-0.46557820621085955
topo,0,CH,GROWTH,MLR,-0.3159315214545183,200,TEST,-0.599963224602347,-0.03189981830668959
topo,0,CH,GROWTH,RF,0.10332135978752266,200,TEST,0.07610945294122051,0.1305332666338248
topo,0,CH,GROWTH,SVR,0.14815371247542472,200,TEST,0.131604548593056,0.16470287635779343
topo,0,CH,GROWTH,MLP,-0.21434153537121156,200,TEST,-0.4077003866467265,-0.02098268409569662
topo,0,CH,GROWTH,MLR,-0.11436371220603755,250,TEST,-0.30329393734642957,0.07456651293435446
topo,0,CH,GROWTH,RF,0.14620501586280893,250,TEST,0.12954887324108755,0.1628611584845303
topo,0,CH,GROWTH,SVR,0.13833484607756488,250,TEST,0.12120241803788945,0.15546727411724032
topo,0,CH,GROWTH,MLP,0.03613699271732472,250,TEST,-0.0033850672243717767,0.07565905265902122
topo,0,CH,GROWTH,MLR,0.047383555302655735,300,TEST,-0.014698665103137075,0.10946577570844854
topo,0,CH,GROWTH,RF,0.13512652259163746,300,TEST,0.11835796243704441,0.1518950827462305
topo,0,CH,GROWTH,SVR,0.1901858487817028,300,TEST,0.17321425153983935,0.20715744602356626
topo,0,CH,GROWTH,MLP,0.04268893140916853,300,TEST,-0.022635906179256843,0.1080137689975939
topo,0,CH,GROWTH,MLR,0.08376845048927394,350,TEST,0.04829543802673144,0.11924146295181642
topo,0,CH,GROWTH,RF,0.1553379530224765,350,TEST,0.1415630968081698,0.16911280923678318
topo,0,CH,GROWTH,SVR,0.18640356073232503,350,TEST,0.17355702481106855,0.1992500966535815
topo,0,CH,GROWTH,MLP,0.044967697677135716,350,TEST,-0.010199780488545918,0.10013517584281735
topo,0,CH,GROWTH,MLR,0.053144206654971785,400,TEST,-0.023172828774765036,0.1294612420847086
topo,0,CH,GROWTH,RF,0.1451831446679659,400,TEST,0.13254445385033603,0.15782183548559575
topo,0,CH,GROWTH,SVR,0.19136083502892634,400,TEST,0.18076242504967208,0.2019592450081806
topo,0,CH,GROWTH,MLP,-0.053616331603332235,400,TEST,-0.26524783312306754,0.15801516991640305
topo,0,CH,GROWTH,MLR,0.1947967161842398,450,TEST,0.17009260126902692,0.21950083109945268
topo,0,CH,GROWTH,RF,0.16543137604642755,450,TEST,0.15323224587110273,0.17763050622175236
topo,0,CH,GROWTH,SVR,0.1728116638574769,450,TEST,0.15744167363586292,0.18818165407909088
topo,0,CH,GROWTH,MLP,0.17625195742294802,450,TEST,0.15158687156783607,0.20091704327805998
topo,0,CH,GROWTH,MLR,0.22771060517553585,500,TEST,0.20416579100306664,0.25125541934800505
topo,0,CH,GROWTH,RF,0.1632312444574419,500,TEST,0.15350537328961575,0.17295711562526803
topo,0,CH,GROWTH,SVR,0.2088455498488818,500,TEST,0.19914352745850233,0.21854757223926125
topo,0,CH,GROWTH,MLP,0.14017049565365214,500,TEST,0.10623456524744357,0.1741064260598607
topo,0,CH,SYMMETRY,MLR,-16.485271734325902,50,TEST,-27.27577193610821,-5.694771532543594
topo,0,CH,SYMMETRY,RF,-0.03027480188858488,50,TEST,-0.07351312200721034,0.012963518230040588
topo,0,CH,SYMMETRY,SVR,-201.58124015344958,50,TEST,-397.81799963863205,-5.344480668267153
topo,0,CH,SYMMETRY,MLP,-0.21130317234876386,50,TEST,-0.2846840073044071,-0.1379223373931206
topo,0,CH,SYMMETRY,MLR,-2.7145177630373425,100,TEST,-5.348688115881666,-0.08034741019301839
topo,0,CH,SYMMETRY,RF,0.00727433328519785,100,TEST,-0.01770413920423388,0.03225280577462958
topo,0,CH,SYMMETRY,SVR,-5.063589273628714,100,TEST,-8.20054932184622,-1.926629225411208
topo,0,CH,SYMMETRY,MLP,-0.045976285902933525,100,TEST,-0.058734727655946645,-0.033217844149920406
topo,0,CH,SYMMETRY,MLR,-0.22959092418424695,150,TEST,-0.42407504610444413,-0.03510680226404975
topo,0,CH,SYMMETRY,RF,0.04915558411471778,150,TEST,0.029278419548383047,0.06903274868105251
topo,0,CH,SYMMETRY,SVR,-1.4324711351517796,150,TEST,-2.108485529616639,-0.7564567406869201
topo,0,CH,SYMMETRY,MLP,-0.019640347228090844,150,TEST,-0.030322775294085003,-0.008957919162096685
topo,0,CH,SYMMETRY,MLR,-0.13715742416788618,200,TEST,-0.2249427707121407,-0.04937207762363165
topo,0,CH,SYMMETRY,RF,0.03812257429380857,200,TEST,0.01984705587143576,0.056398092716181375
topo,0,CH,SYMMETRY,SVR,-0.26017371863789285,200,TEST,-0.31791370297589033,-0.20243373429989536
topo,0,CH,SYMMETRY,MLP,-0.00946908549541265,200,TEST,-0.019920612561194945,0.0009824415703696444
topo,0,CH,SYMMETRY,MLR,-0.20207028655510392,250,TEST,-0.340268501318579,-0.06387207179162885
topo,0,CH,SYMMETRY,RF,0.06066822722222679,250,TEST,0.04934480111126783,0.07199165333318576
topo,0,CH,SYMMETRY,SVR,-0.5430523425800563,250,TEST,-0.7878926895288115,-0.2982119956313011
topo,0,CH,SYMMETRY,MLP,0.01569988494730135,250,TEST,0.0020615180638100267,0.029338251830792673
topo,0,CH,SYMMETRY,MLR,-0.011023328169172968,300,TEST,-0.038280611315125376,0.016233954976779444
topo,0,CH,SYMMETRY,RF,0.06326827988235445,300,TEST,0.05328953632392748,0.07324702344078142
topo,0,CH,SYMMETRY,SVR,-0.3672864561133416,300,TEST,-0.49249716359881046,-0.24207574862787276
topo,0,CH,SYMMETRY,MLP,0.04573024250213199,300,TEST,0.033027010093767406,0.05843347491049658
topo,0,CH,SYMMETRY,MLR,0.004882094650407602,350,TEST,-0.028518246685591307,0.03828243598640651
topo,0,CH,SYMMETRY,RF,0.05878135461394021,350,TEST,0.04903430810062455,0.06852840112725588
topo,0,CH,SYMMETRY,SVR,-0.124727544023819,350,TEST,-0.16257450378167043,-0.08688058426596756
topo,0,CH,SYMMETRY,MLP,0.07014041575313329,350,TEST,0.060307937360730354,0.07997289414553622
topo,0,CH,SYMMETRY,MLR,-0.023768506168581158,400,TEST,-0.06294021333511424,0.015403200997951914
topo,0,CH,SYMMETRY,RF,0.05973386073148273,400,TEST,0.052860028401353676,0.06660769306161178
topo,0,CH,SYMMETRY,SVR,-0.6115659962341283,400,TEST,-0.9228110676690593,-0.3003209247991973
topo,0,CH,SYMMETRY,MLP,0.057497119446196315,400,TEST,0.04672243025229913,0.0682718086400935
topo,0,CH,SYMMETRY,MLR,0.033419376265208814,450,TEST,0.02794599761895485,0.03889275491146278
topo,0,CH,SYMMETRY,RF,0.08387534010209269,450,TEST,0.07703231306864554,0.09071836713553984
topo,0,CH,SYMMETRY,SVR,-0.09645027425799148,450,TEST,-0.18425853272517959,-0.00864201579080337
topo,0,CH,SYMMETRY,MLP,0.08450564727812535,450,TEST,0.07760237917004878,0.09140891538620191
topo,0,CH,SYMMETRY,MLR,0.033629481398101714,500,TEST,0.029733339655599936,0.03752562314060349
topo,0,CH,SYMMETRY,RF,0.07624975186664269,500,TEST,0.06836931899752613,0.08413018473575926
topo,0,CH,SYMMETRY,SVR,0.0027895978841108245,500,TEST,-0.024922540718368656,0.030501736486590304
topo,0,CH,SYMMETRY,MLP,0.08859198027603651,500,TEST,0.08014107492526812,0.09704288562680491
spatial,0,CH,ACTIVITY,MLR,-7.0381644283807505,50,TEST,-12.651913657647926,-1.4244151991135752
spatial,0,CH,ACTIVITY,RF,-0.4543304499519222,50,TEST,-0.6125865509698987,-0.2960743489339457
spatial,0,CH,ACTIVITY,SVR,-0.07937459067498723,50,TEST,-0.127180634175402,-0.03156854717457245
spatial,0,CH,ACTIVITY,MLP,-0.3583507003027258,50,TEST,-0.4748123974731887,-0.2418890031322629
spatial,0,CH,ACTIVITY,MLR,-0.11801679470207928,100,TEST,-0.17195549810653196,-0.0640780912976266
spatial,0,CH,ACTIVITY,RF,0.03708336591408596,100,TEST,0.011395297462296977,0.06277143436587494
spatial,0,CH,ACTIVITY,SVR,-0.009968811537292227,100,TEST,-0.047283168728163266,0.027345545653578815
spatial,0,CH,ACTIVITY,MLP,-0.059874321358370924,100,TEST,-0.08782341431940904,-0.031925228397332805
spatial,0,CH,ACTIVITY,MLR,-0.1238515984858727,150,TEST,-0.17070981483407377,-0.07699338213767164
spatial,0,CH,ACTIVITY,RF,-0.0964363279092451,150,TEST,-0.14935418084474877,-0.043518474973741436
spatial,0,CH,ACTIVITY,SVR,-0.005856901942165268,150,TEST,-0.018647337162878336,0.006933533278547801
spatial,0,CH,ACTIVITY,MLP,-0.15595051277728855,150,TEST,-0.23456623223610268,-0.07733479331847441
spatial,0,CH,ACTIVITY,MLR,-0.03244188436294652,200,TEST,-0.0704496555621161,0.005565886836223062
spatial,0,CH,ACTIVITY,RF,0.04158068157197349,200,TEST,0.031447680623580415,0.051713682520366566
spatial,0,CH,ACTIVITY,SVR,0.02413012768301881,200,TEST,0.013322466160893753,0.034937789205143864
spatial,0,CH,ACTIVITY,MLP,-0.07416648162082072,200,TEST,-0.10276842724171616,-0.045564535999925285
spatial,0,CH,ACTIVITY,MLR,-0.04167737135378523,250,TEST,-0.08412684909327353,0.0007721063857030683
spatial,0,CH,ACTIVITY,RF,0.03009339259074497,250,TEST,0.011307698086502272,0.04887908709498767
spatial,0,CH,ACTIVITY,SVR,0.043733314123466864,250,TEST,0.03213105885088291,0.05533556939605082
spatial,0,CH,ACTIVITY,MLP,-0.11210270037928798,250,TEST,-0.19709745580363103,-0.027107944954944937
spatial,0,CH,ACTIVITY,MLR,0.005660692717579948,300,TEST,-0.006836276126629328,0.018157661561789225
spatial,0,CH,ACTIVITY,RF,0.06997083936397047,300,TEST,0.05930358158125518,0.08063809714668577
spatial,0,CH,ACTIVITY,SVR,0.0316430921758834,300,TEST,0.020697249984107297,0.04258893436765951
spatial,0,CH,ACTIVITY,MLP,0.011292028097018413,300,TEST,-0.00935615636190363,0.031940212555940456
spatial,0,CH,ACTIVITY,MLR,0.0388318245445807,350,TEST,0.02975645003893297,0.04790719905022843
spatial,0,CH,ACTIVITY,RF,0.057930063212760674,350,TEST,0.049090915229340545,0.0667692111961808
spatial,0,CH,ACTIVITY,SVR,0.019884570486705444,350,TEST,0.009807767691043221,0.029961373282367667
spatial,0,CH,ACTIVITY,MLP,-0.04459339992053368,350,TEST,-0.08135677558847049,-0.007830024252596886
spatial,0,CH,ACTIVITY,MLR,0.02294879033157456,400,TEST,0.015192438421577595,0.030705142241571524
spatial,0,CH,ACTIVITY,RF,0.062029742431678074,400,TEST,0.054710934645675995,0.06934855021768015
spatial,0,CH,ACTIVITY,SVR,0.04603544593482392,400,TEST,0.03949818077750878,0.05257271109213906
spatial,0,CH,ACTIVITY,MLP,-0.023260194510237846,400,TEST,-0.05304641438013463,0.006526025359658936
spatial,0,CH,ACTIVITY,MLR,0.043703002256943936,450,TEST,0.03717730578306437,0.0502286987308235
spatial,0,CH,ACTIVITY,RF,0.06988930140691893,450,TEST,0.06189349416068431,0.07788510865315354
spatial,0,CH,ACTIVITY,SVR,0.027678533144185176,450,TEST,0.01990436666708632,0.03545269962128403
spatial,0,CH,ACTIVITY,MLP,0.013420986235767662,450,TEST,-0.01086753891787252,0.03770951138940784
spatial,0,CH,ACTIVITY,MLR,0.030776626523463482,500,TEST,0.022471992354984337,0.03908126069194263
spatial,0,CH,ACTIVITY,RF,0.057588586114092025,500,TEST,0.05116448302154216,0.06401268920664188
spatial,0,CH,ACTIVITY,SVR,0.04922372121354221,500,TEST,0.04156209510707432,0.0568853473200101
spatial,0,CH,ACTIVITY,MLP,-0.111386852237572,500,TEST,-0.1561449609875447,-0.0666287434875993
spatial,0,CH,GROWTH,MLR,-3.023679762592617,50,TEST,-4.429858768595935,-1.6175007565892994
spatial,0,CH,GROWTH,RF,-0.3801714011038627,50,TEST,-0.5200046553301977,-0.24033814687752778
spatial,0,CH,GROWTH,SVR,-12.481710702512961,50,TEST,-20.285016377974518,-4.6784050270514035
spatial,0,CH,GROWTH,MLP,-0.14333915119117924,50,TEST,-0.1804536420312254,-0.10622466035113307
spatial,0,CH,GROWTH,MLR,-3.758223732315172,100,TEST,-5.812853179121483,-1.7035942855088617
spatial,0,CH,GROWTH,RF,-0.03395220493501887,100,TEST,-0.1014289569739452,0.03352454710390747
spatial,0,CH,GROWTH,SVR,-3.1008759006506827,100,TEST,-5.336943424568753,-0.8648083767326118
spatial,0,CH,GROWTH,MLP,0.01607950152256982,100,TEST,-0.022602843751904318,0.05476184679704396
spatial,0,CH,GROWTH,MLR,-0.047806073453743735,150,TEST,-0.12370248828430205,0.028090341376814577
spatial,0,CH,GROWTH,RF,-0.1497387980193768,150,TEST,-0.21822568615246324,-0.08125190988629039
spatial,0,CH,GROWTH,SVR,-3.620391049901442,150,TEST,-6.561193015359855,-0.6795890844430281
spatial,0,CH,GROWTH,MLP,0.13392484972725668,150,TEST,0.11067597630602104,0.15717372314849232
spatial,0,CH,GROWTH,MLR,0.14574527755659608,200,TEST,0.10593899506730728,0.18555156004588488
spatial,0,CH,GROWTH,RF,0.047727369163893,200,TEST,0.011681586581782602,0.0837731517460034
spatial,0,CH,GROWTH,SVR,-0.4280860671131965,200,TEST,-0.7641310726360271,-0.09204106159036596
spatial,0,CH,GROWTH,MLP,0.17367410331862454,200,TEST,0.14660088823540193,0.20074731840184715
spatial,0,CH,GROWTH,MLR,0.20358557883244768,250,TEST,0.15781305685399047,0.2493581008109049
spatial,0,CH,GROWTH,RF,0.10756798359057557,250,TEST,0.07845995481731216,0.13667601236383897
spatial,0,CH,GROWTH,SVR,0.08867533470419668,250,TEST,0.018450295911015754,0.15890037349737762
spatial,0,CH,GROWTH,MLP,0.19155067296782816,250,TEST,0.1672025670980442,0.2158987788376121
spatial,0,CH,GROWTH,MLR,0.17894912441872785,300,TEST,0.12265539762027584,0.23524285121717986
spatial,0,CH,GROWTH,RF,0.1303891904575495,300,TEST,0.10687519471252496,0.153903186202574
spatial,0,CH,GROWTH,SVR,0.15633525388846795,300,TEST,0.05488052975054679,0.2577899780263891
spatial,0,CH,GROWTH,MLP,0.21702967130718784,300,TEST,0.19150169701972386,0.24255764559465182
spatial,0,CH,GROWTH,MLR,0.2553745970053341,350,TEST,0.21793023808430004,0.2928189559263682
spatial,0,CH,GROWTH,RF,0.1263465417128629,350,TEST,0.09474553865633231,0.15794754476939346
spatial,0,CH,GROWTH,SVR,0.09356533927846652,350,TEST,-0.012540600816408912,0.19967127937334195
spatial,0,CH,GROWTH,MLP,0.22121278484463253,350,TEST,0.19819304786271238,0.24423252182655267
spatial,0,CH,GROWTH,MLR,0.18845760002766412,400,TEST,0.1335959829260282,0.24331921712930005
spatial,0,CH,GROWTH,RF,0.12383094837404633,400,TEST,0.1085522341114085,0.13910966263668417
spatial,0,CH,GROWTH,SVR,0.2727768681942551,400,TEST,0.24117662009106408,0.3043771162974461
spatial,0,CH,GROWTH,MLP,0.20633961189989494,400,TEST,0.1738206713423445,0.2388585524574454
spatial,0,CH,GROWTH,MLR,0.2921371648326861,450,TEST,0.27454792852826,0.3097264011371122
spatial,0,CH,GROWTH,RF,0.18424716481963446,450,TEST,0.17020267256704394,0.19829165707222499
spatial,0,CH,GROWTH,SVR,0.2962619006030388,450,TEST,0.2756352128937384,0.31688858831233924
spatial,0,CH,GROWTH,MLP,0.2634164496997917,450,TEST,0.24822147033834996,0.2786114290612335
spatial,0,CH,GROWTH,MLR,0.2618554929730578,500,TEST,0.22909678297839065,0.294614202967725
spatial,0,CH,GROWTH,RF,0.19433399512112268,500,TEST,0.17388848648288951,0.21477950375935584
spatial,0,CH,GROWTH,SVR,0.32992569897351465,500,TEST,0.3163144413089068,0.3435369566381225
spatial,0,CH,GROWTH,MLP,0.2384707039155604,500,TEST,0.22001253428037285,0.256928873550748
spatial,0,CH,SYMMETRY,MLR,-22.20445185119343,50,TEST,-41.710228003870085,-2.6986756985167766
spatial,0,CH,SYMMETRY,RF,-0.1829975598061625,50,TEST,-0.2661299628590902,-0.09986515675323479
spatial,0,CH,SYMMETRY,SVR,-0.1389724303605648,50,TEST,-0.1855883188058524,-0.09235654191527723
spatial,0,CH,SYMMETRY,MLP,-0.2528085326615737,50,TEST,-0.3323441803736826,-0.17327288494946486
spatial,0,CH,SYMMETRY,MLR,-1.5212772544057276,100,TEST,-2.2513504339237183,-0.791204074887737
spatial,0,CH,SYMMETRY,RF,-0.1187453641479823,100,TEST,-0.16879896348534806,-0.06869176481061652
spatial,0,CH,SYMMETRY,SVR,0.032860977868052366,100,TEST,0.008881132233759921,0.05684082350234481
spatial,0,CH,SYMMETRY,MLP,-0.15206420531150858,100,TEST,-0.21833572663815576,-0.08579268398486138
spatial,0,CH,SYMMETRY,MLR,-0.25477753054912833,150,TEST,-0.4004286549092769,-0.10912640618897973
spatial,0,CH,SYMMETRY,RF,-0.035197827982244884,150,TEST,-0.05794137423254192,-0.012454281731947844
spatial,0,CH,SYMMETRY,SVR,-0.001820668190246877,150,TEST,-0.020192967295907038,0.01655163091541328
spatial,0,CH,SYMMETRY,MLP,-0.15814225058979214,150,TEST,-0.23786966322230704,-0.07841483795727724
spatial,0,CH,SYMMETRY,MLR,-0.5334973867519778,200,TEST,-0.9505851926225577,-0.1164095808813978
spatial,0,CH,SYMMETRY,RF,0.03294024946325687,200,TEST,0.012527426582803751,0.053353072343709985
spatial,0,CH,SYMMETRY,SVR,0.06207481506755775,200,TEST,0.04517161683754668,0.07897801329756882
spatial,0,CH,SYMMETRY,MLP,-0.03635044075196078,200,TEST,-0.09175460125007637,0.0190537197461548
spatial,0,CH,SYMMETRY,MLR,-0.4330018909988399,250,TEST,-0.8461218767535095,-0.019881905244170384
spatial,0,CH,SYMMETRY,RF,0.030954192068987574,250,TEST,0.011354579151832214,0.05055380498614294
spatial,0,CH,SYMMETRY,SVR,0.03265882342768396,250,TEST,0.01669669294192495,0.04862095391344297
spatial,0,CH,SYMMETRY,MLP,-0.007576340408026764,250,TEST,-0.04230366327004141,0.02715098245398788
spatial,0,CH,SYMMETRY,MLR,-0.27257717348921023,300,TEST,-0.4796519836891307,-0.06550236328928977
spatial,0,CH,SYMMETRY,RF,0.07572934426963543,300,TEST,0.061678290788118595,0.08978039775115226
spatial,0,CH,SYMMETRY,SVR,0.06120138976245935,300,TEST,0.04527798627337068,0.07712479325154802
spatial,0,CH,SYMMETRY,MLP,0.055075493407148055,300,TEST,0.016234042155686218,0.09391694465860989
spatial,0,CH,SYMMETRY,MLR,-0.12477236603554046,350,TEST,-0.2836700429670721,0.03412531089599116
spatial,0,CH,SYMMETRY,RF,0.06307927300476847,350,TEST,0.04820616535844636,0.07795238065109057
spatial,0,CH,SYMMETRY,SVR,0.06747568282704237,350,TEST,0.05512201175989212,0.07982935389419263
spatial,0,CH,SYMMETRY,MLP,0.040985989545886975,350,TEST,0.019204403232915765,0.06276757585885819
spatial,0,CH,SYMMETRY,MLR,0.08443764468903768,400,TEST,0.017100532129702403,0.15177475724837297
spatial,0,CH,SYMMETRY,RF,0.07020297569267694,400,TEST,0.05947289123046813,0.08093306015488576
spatial,0,CH,SYMMETRY,SVR,0.08136339868570168,400,TEST,0.06741025468526403,0.09531654268613933
spatial,0,CH,SYMMETRY,MLP,0.06920536084748567,400,TEST,0.03752098638792689,0.10088973530704445
spatial,0,CH,SYMMETRY,MLR,0.043637630364405135,450,TEST,-0.009867683569880513,0.09714294429869078
spatial,0,CH,SYMMETRY,RF,0.08763526925278496,450,TEST,0.07490046708625699,0.10037007141931294
spatial,0,CH,SYMMETRY,SVR,0.09203138806992398,450,TEST,0.08199090300377154,0.10207187313607641
spatial,0,CH,SYMMETRY,MLP,0.010277815238075116,450,TEST,-0.04104801231062092,0.061603642786771155
spatial,0,CH,SYMMETRY,MLR,0.15582005634836896,500,TEST,0.13667816294993318,0.17496194974680473
spatial,0,CH,SYMMETRY,RF,0.09491182820375828,500,TEST,0.0853659203407238,0.10445773606679276
spatial,0,CH,SYMMETRY,SVR,0.10180442358044603,500,TEST,0.08772222029933231,0.11588662686155975
spatial,0,CH,SYMMETRY,MLP,0.092032514505105,500,TEST,0.06349818331908594,0.12056684569112405
