feature,timepoint,context,response,model,R^2,set,ci_lower,ci_upper
topo,0,C,ACTIVITY,MLR,0.3590344002463912,TRAIN,0.3050788100,0.4149321600
topo,0,C,ACTIVITY,RF,0.454644252903802,TRAIN,0.4153448100,0.4907263800
topo,0,C,ACTIVITY,SVR,0.5009975341680935,TRAIN,0.4635906500,0.5357245300
topo,0,C,ACTIVITY,MLP,0.5319020629261211,TRAIN,0.4164262800,0.6479749600
topo,0,C,GROWTH,MLR,0.36840273426993897,TRAIN,0.3243959200,0.4180868600
topo,0,C,GROWTH,RF,0.4694187200495089,TRAIN,0.4363028600,0.5110512500
topo,0,C,GROWTH,SVR,0.498712870442196,TRAIN,0.4616661500,0.5368568800
topo,0,C,GROWTH,MLP,0.4940809503737264,TRAIN,0.4367115000,0.5553146300
topo,0,C,SYMMETRY,MLR,0.08096670853478732,TRAIN,0.0567187800,0.1065494600
topo,0,C,SYMMETRY,RF,0.10195695718877493,TRAIN,0.0842133100,0.1238482500
topo,0,C,SYMMETRY,SVR,0.333229086369178,TRAIN,0.3044056400,0.3654473700
topo,0,C,SYMMETRY,MLP,0.054817071077843546,TRAIN,0.0095239600,0.1197801600
topo,1,C,ACTIVITY,MLR,0.35916230557591283,TRAIN,0.3142995000,0.3927209600
topo,1,C,ACTIVITY,RF,0.3831432538760678,TRAIN,0.3451406100,0.4361615100
topo,1,C,ACTIVITY,SVR,0.4854145930036674,TRAIN,0.4519268400,0.5125320000
topo,1,C,ACTIVITY,MLP,0.4892930614824126,TRAIN,0.4436606600,0.5568277000
topo,1,C,GROWTH,MLR,0.3649533039049161,TRAIN,0.3194502900,0.4131006200
topo,1,C,GROWTH,RF,0.4508068525853485,TRAIN,0.4183965600,0.4828827800
topo,1,C,GROWTH,SVR,0.3995484019152983,TRAIN,0.3505773500,0.4361476900
topo,1,C,GROWTH,MLP,0.482497576727248,TRAIN,0.4110885000,0.5458730300
topo,1,C,SYMMETRY,MLR,0.0,TRAIN,0.0000000000,0.0000000000
topo,1,C,SYMMETRY,RF,0.2473395582897471,TRAIN,0.2339681700,0.2652317600
topo,1,C,SYMMETRY,SVR,0.3143016499581221,TRAIN,0.2897772700,0.3468442900
topo,1,C,SYMMETRY,MLP,0.027003890140830714,TRAIN,0.0004926200,0.0652021000
topo,2,C,ACTIVITY,MLR,0.4066516556126637,TRAIN,0.3569143300,0.4457938400
topo,2,C,ACTIVITY,RF,0.3770859949684515,TRAIN,0.3396984500,0.4199479100
topo,2,C,ACTIVITY,SVR,0.4941736984099118,TRAIN,0.4550297600,0.5283784700
topo,2,C,ACTIVITY,MLP,0.5194409372906393,TRAIN,0.4412324400,0.6021018200
topo,2,C,GROWTH,MLR,0.4147359332863675,TRAIN,0.3773575200,0.4455692900
topo,2,C,GROWTH,RF,0.3923596478390901,TRAIN,0.3319488500,0.4524091200
topo,2,C,GROWTH,SVR,0.377500505798769,TRAIN,0.3167091500,0.4300755500
topo,2,C,GROWTH,MLP,0.4168020742794088,TRAIN,0.3502011500,0.4848124100
topo,2,C,SYMMETRY,MLR,0.01615903709742611,TRAIN,0.0056466600,0.0382399500
topo,2,C,SYMMETRY,RF,0.09876274163594552,TRAIN,0.0826939600,0.1207683800
topo,2,C,SYMMETRY,SVR,0.3346929066044124,TRAIN,0.3042771700,0.3680339000
topo,2,C,SYMMETRY,MLP,0.038097738348058484,TRAIN,0.0000855998,0.0802554345
topo,3,C,ACTIVITY,MLR,0.35762949374345765,TRAIN,0.3090440200,0.4128407300
topo,3,C,ACTIVITY,RF,0.3882573009934817,TRAIN,0.3502057300,0.4285764300
topo,3,C,ACTIVITY,SVR,0.42470282103673856,TRAIN,0.3927634000,0.4650788400
topo,3,C,ACTIVITY,MLP,0.5527400417667827,TRAIN,0.4648324200,0.6195718700
topo,3,C,GROWTH,MLR,0.35383083803231824,TRAIN,0.3226411900,0.3985269900
topo,3,C,GROWTH,RF,0.5969015820879047,TRAIN,0.5630189900,0.6272063300
topo,3,C,GROWTH,SVR,0.4927252920187106,TRAIN,0.4465743200,0.5332969500
topo,3,C,GROWTH,MLP,0.4785752581078186,TRAIN,0.4095492900,0.5473141200
topo,3,C,SYMMETRY,MLR,0.0,TRAIN,0.0000000000,0.0000000000
topo,3,C,SYMMETRY,RF,0.2601668384837205,TRAIN,0.2465912600,0.2769420200
topo,3,C,SYMMETRY,SVR,0.33790454396988523,TRAIN,0.2975137900,0.3670316000
topo,3,C,SYMMETRY,MLP,0.02251328806335724,TRAIN,0.0023543200,0.0515518100
topo,4,C,ACTIVITY,MLR,0.3548047860538216,TRAIN,0.3212354800,0.3965154900
topo,4,C,ACTIVITY,RF,0.3918624908816195,TRAIN,0.3413748900,0.4303255900
topo,4,C,ACTIVITY,SVR,0.5060693965050104,TRAIN,0.4662759300,0.5563487000
topo,4,C,ACTIVITY,MLP,0.4969175953643302,TRAIN,0.4289057500,0.5663087700
topo,4,C,GROWTH,MLR,0.3847464405077077,TRAIN,0.3436662200,0.4208810000
topo,4,C,GROWTH,RF,0.604395311417122,TRAIN,0.5749276900,0.6376312800
topo,4,C,GROWTH,SVR,0.4958780332948853,TRAIN,0.4529086100,0.5492864900
topo,4,C,GROWTH,MLP,0.4251162982686332,TRAIN,0.3575226000,0.4845468500
topo,4,C,SYMMETRY,MLR,0.0,TRAIN,0.0000000000,0.0000000000
topo,4,C,SYMMETRY,RF,0.26710134036424243,TRAIN,0.2486599700,0.2839403200
topo,4,C,SYMMETRY,SVR,0.3321203250417316,TRAIN,0.2876470700,0.3763824400
topo,4,C,SYMMETRY,MLP,0.11506753042705901,TRAIN,0.0172523500,0.3564905200
topo,5,C,ACTIVITY,MLR,0.3457856344048874,TRAIN,0.2913674300,0.3861700400
topo,5,C,ACTIVITY,RF,0.4060562035725233,TRAIN,0.3657754300,0.4503517800
topo,5,C,ACTIVITY,SVR,0.508401449460765,TRAIN,0.4685613600,0.5577333100
topo,5,C,ACTIVITY,MLP,0.5096126913378892,TRAIN,0.4509970700,0.5600482400
topo,5,C,GROWTH,MLR,0.37323272313804107,TRAIN,0.3447895300,0.4378839100
topo,5,C,GROWTH,RF,0.4062776668899356,TRAIN,0.3542336400,0.4460077400
topo,5,C,GROWTH,SVR,0.5219484681799866,TRAIN,0.4762722800,0.5659649100
topo,5,C,GROWTH,MLP,0.4101629053609796,TRAIN,0.3723631700,0.4837569400
topo,5,C,SYMMETRY,MLR,0.09180767463644393,TRAIN,0.0621119600,0.1223274000
topo,5,C,SYMMETRY,RF,0.27363307135685544,TRAIN,0.2578117000,0.2895734500
topo,5,C,SYMMETRY,SVR,0.3262832358797468,TRAIN,0.2860035200,0.3589386400
topo,5,C,SYMMETRY,MLP,0.16224311083964266,TRAIN,0.0063054200,0.5952306400
topo,6,C,ACTIVITY,MLR,0.3460166934607803,TRAIN,0.2937341000,0.3923857000
topo,6,C,ACTIVITY,RF,0.4432198773569268,TRAIN,0.3985788100,0.5126573600
topo,6,C,ACTIVITY,SVR,0.37219272756433097,TRAIN,0.3319807500,0.4075869400
topo,6,C,ACTIVITY,MLP,0.5272223642568962,TRAIN,0.4585298600,0.5930427400
topo,6,C,GROWTH,MLR,0.5847336670628028,TRAIN,0.5408513700,0.6227083400
topo,6,C,GROWTH,RF,0.7162704705845293,TRAIN,0.6712869000,0.7571954000
topo,6,C,GROWTH,SVR,0.5763543557308026,TRAIN,0.5159476700,0.6505331300
topo,6,C,GROWTH,MLP,0.6155182671772755,TRAIN,0.5574928200,0.6491582900
topo,6,C,SYMMETRY,MLR,0.12029607660851822,TRAIN,0.0944950600,0.1495437800
topo,6,C,SYMMETRY,RF,0.2990429233700131,TRAIN,0.2715387200,0.3256516800
topo,6,C,SYMMETRY,SVR,0.3391805263713657,TRAIN,0.2843975300,0.3811964600
topo,6,C,SYMMETRY,MLP,0.11792333992962688,TRAIN,-0.0000008335,0.3309096820
topo,7,C,ACTIVITY,MLR,0.4029296580812584,TRAIN,0.3588857000,0.4580981100
topo,7,C,ACTIVITY,RF,0.4238802486228155,TRAIN,0.3901608100,0.4673127400
topo,7,C,ACTIVITY,SVR,0.36234568931614697,TRAIN,0.3189955000,0.4274202400
topo,7,C,ACTIVITY,MLP,0.5285728135589349,TRAIN,0.4703394700,0.6016671200
topo,7,C,GROWTH,MLR,0.6995523137289511,TRAIN,0.6743157100,0.7275983500
topo,7,C,GROWTH,RF,0.8738481006578722,TRAIN,0.8559408800,0.8864705800
topo,7,C,GROWTH,SVR,0.6945657765887491,TRAIN,0.6595822200,0.7190627300
topo,7,C,GROWTH,MLP,0.6876503835648319,TRAIN,0.6524054600,0.7174266000
topo,7,C,SYMMETRY,MLR,0.14177213726404622,TRAIN,0.0922642000,0.2162384900
topo,7,C,SYMMETRY,RF,0.29077881483740514,TRAIN,0.2686453900,0.3116499600
topo,7,C,SYMMETRY,SVR,0.36658634735095597,TRAIN,0.3209724100,0.3923275800
topo,7,C,SYMMETRY,MLP,0.1481058498850725,TRAIN,0.1006694900,0.2047902200
topo,8,C,ACTIVITY,MLR,0.4829131228545553,TRAIN,0.4477793300,0.5154090700
topo,8,C,ACTIVITY,RF,0.4384009495688663,TRAIN,0.4130802300,0.4649835400
topo,8,C,ACTIVITY,SVR,0.4534350349467177,TRAIN,0.4064784900,0.5054036100
topo,8,C,ACTIVITY,MLP,0.5576348233534817,TRAIN,0.5271181700,0.6008519500
topo,8,C,GROWTH,MLR,0.7102123289853459,TRAIN,0.6860055200,0.7313007600
topo,8,C,GROWTH,RF,0.7695935654036804,TRAIN,0.7482183800,0.7909651600
topo,8,C,GROWTH,SVR,0.7020064599694358,TRAIN,0.6644915300,0.7325927700
topo,8,C,GROWTH,MLP,0.7130530967578133,TRAIN,0.6878877200,0.7424333300
topo,8,C,SYMMETRY,MLR,0.14044896669542134,TRAIN,0.0998650500,0.1915704400
topo,8,C,SYMMETRY,RF,0.2888417153333066,TRAIN,0.2718415300,0.3122306600
topo,8,C,SYMMETRY,SVR,0.3701553998755352,TRAIN,0.3280717300,0.4050617500
topo,8,C,SYMMETRY,MLP,0.1507752706381062,TRAIN,0.0834853400,0.2343630300
topo,9,C,ACTIVITY,MLR,0.4147270673205219,TRAIN,0.3673712300,0.4555793300
topo,9,C,ACTIVITY,RF,0.44239857402955934,TRAIN,0.4010177900,0.4955645100
topo,9,C,ACTIVITY,SVR,0.5506777578521586,TRAIN,0.5073193400,0.5987695200
topo,9,C,ACTIVITY,MLP,0.4833339687494822,TRAIN,0.4382169900,0.5232235800
topo,9,C,GROWTH,MLR,0.7317073912546203,TRAIN,0.7034835700,0.7581426400
topo,9,C,GROWTH,RF,0.7675504412908771,TRAIN,0.7475445600,0.7861234700
topo,9,C,GROWTH,SVR,0.7216278909640493,TRAIN,0.6931758300,0.7439469800
topo,9,C,GROWTH,MLP,0.7278461124111427,TRAIN,0.7017693100,0.7536077600
topo,9,C,SYMMETRY,MLR,0.1277790733737085,TRAIN,0.0947805100,0.1625984500
topo,9,C,SYMMETRY,RF,0.2973334472779523,TRAIN,0.2823020800,0.3197505400
topo,9,C,SYMMETRY,SVR,0.3778490380176724,TRAIN,0.3361618500,0.4137330900
topo,9,C,SYMMETRY,MLP,0.15212084891015182,TRAIN,0.1076924600,0.2191457500
topo,10,C,ACTIVITY,MLR,0.4860069065118097,TRAIN,0.4451699500,0.5318607200
topo,10,C,ACTIVITY,RF,0.4461952161869085,TRAIN,0.4160826100,0.4847204500
topo,10,C,ACTIVITY,SVR,0.5704746734908885,TRAIN,0.5352543300,0.6175762100
topo,10,C,ACTIVITY,MLP,0.5650502143035021,TRAIN,0.5199312000,0.6185972600
topo,10,C,GROWTH,MLR,0.4982335772578951,TRAIN,0.4646337500,0.5390328700
topo,10,C,GROWTH,RF,0.7635990589738981,TRAIN,0.7460929900,0.7877520300
topo,10,C,GROWTH,SVR,0.7918106130970045,TRAIN,0.7668426100,0.8114039000
topo,10,C,GROWTH,MLP,0.6780496680588559,TRAIN,0.6465516500,0.7042620100
topo,10,C,SYMMETRY,MLR,0.15119677817247956,TRAIN,0.1115679700,0.1874196400
topo,10,C,SYMMETRY,RF,0.30139833769463514,TRAIN,0.2737164900,0.3315881800
topo,10,C,SYMMETRY,SVR,0.3880070717320089,TRAIN,0.3484479200,0.4286540800
topo,10,C,SYMMETRY,MLP,0.1682919833986855,TRAIN,0.0796517900,0.2562509800
topo,11,C,ACTIVITY,MLR,0.401293301331176,TRAIN,0.3422641800,0.4404484100
topo,11,C,ACTIVITY,RF,0.4519310766981194,TRAIN,0.4068661600,0.4981506900
topo,11,C,ACTIVITY,SVR,0.5670651063904694,TRAIN,0.5195719300,0.6125766900
topo,11,C,ACTIVITY,MLP,0.5996121268305163,TRAIN,0.5396359300,0.6477088400
topo,11,C,GROWTH,MLR,0.7257032390319793,TRAIN,0.7082461600,0.7428111100
topo,11,C,GROWTH,RF,0.7509348805105607,TRAIN,0.7279696900,0.7749374600
topo,11,C,GROWTH,SVR,0.7159833807423805,TRAIN,0.6892070700,0.7401019000
topo,11,C,GROWTH,MLP,0.7249428286019162,TRAIN,0.7025617200,0.7473781500
topo,11,C,SYMMETRY,MLR,0.15953442987794528,TRAIN,0.1282912600,0.2256912800
topo,11,C,SYMMETRY,RF,0.21160117659781605,TRAIN,0.1850993500,0.2371676700
topo,11,C,SYMMETRY,SVR,0.3904289175694257,TRAIN,0.3387773900,0.4361091500
topo,11,C,SYMMETRY,MLP,0.1835806710143064,TRAIN,0.1100180800,0.2686213800
topo,12,C,ACTIVITY,MLR,0.4844241301062822,TRAIN,0.4438166200,0.5311596700
topo,12,C,ACTIVITY,RF,0.4668583670028752,TRAIN,0.4270008100,0.4999721800
topo,12,C,ACTIVITY,SVR,0.4971284448647346,TRAIN,0.4369273100,0.5445238900
topo,12,C,ACTIVITY,MLP,0.5436234356987605,TRAIN,0.4996239900,0.5979474000
topo,12,C,GROWTH,MLR,0.40707532260091855,TRAIN,0.3682186400,0.4416451400
topo,12,C,GROWTH,RF,0.8498199315000499,TRAIN,0.8370953900,0.8615272000
topo,12,C,GROWTH,SVR,0.6986235728548478,TRAIN,0.6677242700,0.7321675000
topo,12,C,GROWTH,MLP,0.7678624953699917,TRAIN,0.7185710700,0.8130460600
topo,12,C,SYMMETRY,MLR,0.1880570693511496,TRAIN,0.1443185800,0.2359667000
topo,12,C,SYMMETRY,RF,0.27679850493128977,TRAIN,0.2337979800,0.3140521600
topo,12,C,SYMMETRY,SVR,0.4104256480213026,TRAIN,0.3758767100,0.4493504900
topo,12,C,SYMMETRY,MLP,0.2079801793566404,TRAIN,0.0959347600,0.2870823400
topo,13,C,ACTIVITY,MLR,0.5768762788374308,TRAIN,0.5408746100,0.6111654700
topo,13,C,ACTIVITY,RF,0.5093007636640815,TRAIN,0.4792467700,0.5343881900
topo,13,C,ACTIVITY,SVR,0.5291959473249368,TRAIN,0.4860296500,0.5831870200
topo,13,C,ACTIVITY,MLP,0.5880838818088355,TRAIN,0.5534099900,0.6327482200
topo,13,C,GROWTH,MLR,0.6064910516024397,TRAIN,0.5785515500,0.6372035200
topo,13,C,GROWTH,RF,0.7071536705636355,TRAIN,0.6862340000,0.7318403700
topo,13,C,GROWTH,SVR,0.636729069311135,TRAIN,0.6147409400,0.6627048000
topo,13,C,GROWTH,MLP,0.7556219294869682,TRAIN,0.7215836900,0.7823961400
topo,13,C,SYMMETRY,MLR,0.21949886554970605,TRAIN,0.1870305500,0.2635640300
topo,13,C,SYMMETRY,RF,0.2929689443782953,TRAIN,0.2627795900,0.3234027600
topo,13,C,SYMMETRY,SVR,0.4437412541236847,TRAIN,0.4063091700,0.4911077800
topo,13,C,SYMMETRY,MLP,0.2170583859762644,TRAIN,0.1263988700,0.2920920700
topo,14,C,ACTIVITY,MLR,0.5355468295812531,TRAIN,0.4982945200,0.5810708900
topo,14,C,ACTIVITY,RF,0.5285943545182392,TRAIN,0.4915789800,0.5891766000
topo,14,C,ACTIVITY,SVR,0.5590873119067157,TRAIN,0.5176365000,0.6092065300
topo,14,C,ACTIVITY,MLP,0.6481336574945887,TRAIN,0.5910017200,0.6929350400
topo,14,C,GROWTH,MLR,0.6197929678441769,TRAIN,0.5929874100,0.6459414200
topo,14,C,GROWTH,RF,0.6979216523472325,TRAIN,0.6737247000,0.7190931700
topo,14,C,GROWTH,SVR,0.61609332015632,TRAIN,0.5797672400,0.6450998700
topo,14,C,GROWTH,MLP,0.6610242737511489,TRAIN,0.6305623000,0.6955418900
topo,14,C,SYMMETRY,MLR,0.21683241749424376,TRAIN,0.1807357400,0.2578906400
topo,14,C,SYMMETRY,RF,0.2956462453292951,TRAIN,0.2671626400,0.3275586700
topo,14,C,SYMMETRY,SVR,0.4627641107145877,TRAIN,0.4225708100,0.5055992700
topo,14,C,SYMMETRY,MLP,0.2372864066891337,TRAIN,0.1729196400,0.2881031700
topo,15,C,ACTIVITY,MLR,0.7366627190375848,TRAIN,0.7016656100,0.7597342300
topo,15,C,ACTIVITY,RF,0.6703761180905413,TRAIN,0.6416742100,0.7064586800
topo,15,C,ACTIVITY,SVR,0.7177105089994847,TRAIN,0.6972451600,0.7520371000
topo,15,C,ACTIVITY,MLP,0.7400663951194847,TRAIN,0.7077783100,0.7733809500
topo,15,C,GROWTH,MLR,0.6007629995286322,TRAIN,0.5731173800,0.6493288500
topo,15,C,GROWTH,RF,0.6963908665237147,TRAIN,0.6730098400,0.7186336800
topo,15,C,GROWTH,SVR,0.5991989827437514,TRAIN,0.5484901400,0.6406912200
topo,15,C,GROWTH,MLP,0.642998785174694,TRAIN,0.6162930600,0.6696030600
topo,15,C,SYMMETRY,MLR,0.2162635570296044,TRAIN,0.1899068300,0.2504052800
topo,15,C,SYMMETRY,RF,0.2996517125880344,TRAIN,0.2663785400,0.3337679200
topo,15,C,SYMMETRY,SVR,0.4364279558557101,TRAIN,0.3982549900,0.4702231200
topo,15,C,SYMMETRY,MLP,0.225462686128248,TRAIN,0.1769830600,0.2582456900
topo,0,CH,ACTIVITY,MLR,0.1849005583030911,TRAIN,0.1335234400,0.2335491900
topo,0,CH,ACTIVITY,RF,0.16570712183385175,TRAIN,0.1267919000,0.2045928500
topo,0,CH,ACTIVITY,SVR,0.16675608426016314,TRAIN,0.1003050700,0.2308189900
topo,0,CH,ACTIVITY,MLP,0.2363777970381382,TRAIN,0.1102512000,0.5701923500
topo,0,CH,GROWTH,MLR,0.3176201482403726,TRAIN,0.2697304200,0.3774291800
topo,0,CH,GROWTH,RF,0.26649599510254485,TRAIN,0.2144745000,0.3041014600
topo,0,CH,GROWTH,SVR,0.34034796304773984,TRAIN,0.2781660900,0.3925331900
topo,0,CH,GROWTH,MLP,0.4278406000255917,TRAIN,0.3641732000,0.4712360000
topo,0,CH,SYMMETRY,MLR,0.2317036484275304,TRAIN,0.1931836200,0.2881333600
topo,0,CH,SYMMETRY,RF,0.3197207100177668,TRAIN,0.2862205800,0.3587747600
topo,0,CH,SYMMETRY,SVR,0.2615641978623259,TRAIN,0.2110986500,0.3139466000
topo,0,CH,SYMMETRY,MLP,0.2733879671563437,TRAIN,0.2326735300,0.3099991600
topo,1,CH,ACTIVITY,MLR,0.1966705596840567,TRAIN,0.1527768600,0.2444299800
topo,1,CH,ACTIVITY,RF,0.17026833173906705,TRAIN,0.1423120600,0.2027079000
topo,1,CH,ACTIVITY,SVR,0.29369350402706274,TRAIN,0.2495859500,0.3510535500
topo,1,CH,ACTIVITY,MLP,0.1960272211510473,TRAIN,0.1267388400,0.4604456200
topo,1,CH,GROWTH,MLR,0.3703004109075826,TRAIN,0.3144125600,0.4270909100
topo,1,CH,GROWTH,RF,0.7070077851103079,TRAIN,0.6744750600,0.7449891600
topo,1,CH,GROWTH,SVR,0.3654229563889141,TRAIN,0.3012174500,0.4178800900
topo,1,CH,GROWTH,MLP,0.6493151379440246,TRAIN,0.5544433400,0.7236215500
topo,1,CH,SYMMETRY,MLR,0.2969287499881733,TRAIN,0.2516113000,0.3454351500
topo,1,CH,SYMMETRY,RF,0.23114696437686866,TRAIN,0.1886873200,0.2767569900
topo,1,CH,SYMMETRY,SVR,0.2725163640414048,TRAIN,0.2268198000,0.3080275800
topo,1,CH,SYMMETRY,MLP,0.28872209056658016,TRAIN,0.2422644800,0.3225524100
topo,2,CH,ACTIVITY,MLR,0.22005103038730706,TRAIN,0.1773992000,0.2915018700
topo,2,CH,ACTIVITY,RF,0.2780605912202605,TRAIN,0.2508328500,0.3120637600
topo,2,CH,ACTIVITY,SVR,0.17011443950838093,TRAIN,0.1140852200,0.2249722100
topo,2,CH,ACTIVITY,MLP,0.2672025160497321,TRAIN,0.1175276500,0.6533021200
topo,2,CH,GROWTH,MLR,0.3565674380501963,TRAIN,0.2966754500,0.4116496300
topo,2,CH,GROWTH,RF,0.3118009553391145,TRAIN,0.2470026900,0.3733655100
topo,2,CH,GROWTH,SVR,0.3588174903716884,TRAIN,0.2981545600,0.4092773000
topo,2,CH,GROWTH,MLP,0.6159233051081997,TRAIN,0.5762180200,0.6515695500
topo,2,CH,SYMMETRY,MLR,0.2405144088547133,TRAIN,0.2005881100,0.2876363200
topo,2,CH,SYMMETRY,RF,0.24860038225480705,TRAIN,0.2199034200,0.2725182600
topo,2,CH,SYMMETRY,SVR,0.3667223597567369,TRAIN,0.3291124000,0.4338496600
topo,2,CH,SYMMETRY,MLP,0.28410272432386635,TRAIN,0.2182768000,0.4014029200
topo,3,CH,ACTIVITY,MLR,0.12023592652029808,TRAIN,0.0734946100,0.1634312100
topo,3,CH,ACTIVITY,RF,0.20726905006108967,TRAIN,0.1820776600,0.2288895800
topo,3,CH,ACTIVITY,SVR,0.15962678985853393,TRAIN,0.1222236800,0.2080736200
topo,3,CH,ACTIVITY,MLP,0.2265369631486555,TRAIN,0.1391184600,0.3355705400
topo,3,CH,GROWTH,MLR,0.4394767253410681,TRAIN,0.3925802200,0.4834038300
topo,3,CH,GROWTH,RF,0.301952622632328,TRAIN,0.2648716100,0.3564446500
topo,3,CH,GROWTH,SVR,0.4100662296895479,TRAIN,0.3669347000,0.4966420200
topo,3,CH,GROWTH,MLP,0.4664556509562574,TRAIN,0.4167149500,0.5242385600
topo,3,CH,SYMMETRY,MLR,0.3773726699331223,TRAIN,0.3460989700,0.4142568900
topo,3,CH,SYMMETRY,RF,0.3336647338348208,TRAIN,0.3100301500,0.3508810100
topo,3,CH,SYMMETRY,SVR,0.3521225181623935,TRAIN,0.3110528700,0.3853917500
topo,3,CH,SYMMETRY,MLP,0.3569855092824682,TRAIN,0.3072904200,0.3993155800
topo,4,CH,ACTIVITY,MLR,0.15011563471786546,TRAIN,0.1113472500,0.1891023000
topo,4,CH,ACTIVITY,RF,0.1462794078810982,TRAIN,0.1182128000,0.1775661300
topo,4,CH,ACTIVITY,SVR,0.22112712355366368,TRAIN,0.1547145500,0.2767688500
topo,4,CH,ACTIVITY,MLP,0.2663931950577586,TRAIN,0.1534757100,0.5905766600
topo,4,CH,GROWTH,MLR,0.4279712654373803,TRAIN,0.3773415800,0.4745686400
topo,4,CH,GROWTH,RF,0.3289720141552298,TRAIN,0.2962769500,0.3712229200
topo,4,CH,GROWTH,SVR,0.4201889497048555,TRAIN,0.3630152100,0.4794438000
topo,4,CH,GROWTH,MLP,0.4877971463944852,TRAIN,0.4431330200,0.5386883800
topo,4,CH,SYMMETRY,MLR,0.3252069262582989,TRAIN,0.2783821100,0.3775105300
topo,4,CH,SYMMETRY,RF,0.2836051561690928,TRAIN,0.2671247600,0.3023323000
topo,4,CH,SYMMETRY,SVR,0.3883842766922833,TRAIN,0.3590997500,0.4279924600
topo,4,CH,SYMMETRY,MLP,0.35799463597680603,TRAIN,0.3118495800,0.4059380300
topo,5,CH,ACTIVITY,MLR,0.1158754268094424,TRAIN,0.0653945000,0.1930821300
topo,5,CH,ACTIVITY,RF,0.2777512909292603,TRAIN,0.2551731000,0.3011461700
topo,5,CH,ACTIVITY,SVR,0.20037668863593852,TRAIN,0.1564881300,0.2591460900
topo,5,CH,ACTIVITY,MLP,0.2255688711084864,TRAIN,0.1793827300,0.3355021200
topo,5,CH,GROWTH,MLR,0.4514118865214007,TRAIN,0.3991190200,0.5103566600
topo,5,CH,GROWTH,RF,0.5477538542474653,TRAIN,0.5205730600,0.5899042700
topo,5,CH,GROWTH,SVR,0.4106020343513741,TRAIN,0.3605353900,0.4595282200
topo,5,CH,GROWTH,MLP,0.6313780162885361,TRAIN,0.5541567900,0.6898154600
topo,5,CH,SYMMETRY,MLR,0.2948730127176413,TRAIN,0.2382740300,0.3335054300
topo,5,CH,SYMMETRY,RF,0.2750556376773173,TRAIN,0.2455018300,0.3025439800
topo,5,CH,SYMMETRY,SVR,0.5071898111428396,TRAIN,0.4778610800,0.5495341800
topo,5,CH,SYMMETRY,MLP,0.2848881125603073,TRAIN,0.2439212700,0.3166637900
topo,6,CH,ACTIVITY,MLR,0.2033808024630305,TRAIN,0.1554884400,0.2527684400
topo,6,CH,ACTIVITY,RF,0.14987136744365262,TRAIN,0.1187255400,0.1772936300
topo,6,CH,ACTIVITY,SVR,0.15295602817063952,TRAIN,0.0940468700,0.2021302800
topo,6,CH,ACTIVITY,MLP,0.2284353571893364,TRAIN,0.1552320400,0.4173905500
topo,6,CH,GROWTH,MLR,0.4791954585428682,TRAIN,0.4141429700,0.5386404300
topo,6,CH,GROWTH,RF,0.3810012230896817,TRAIN,0.3535466700,0.4163146100
topo,6,CH,GROWTH,SVR,0.4420408685977844,TRAIN,0.3877957600,0.4906287600
topo,6,CH,GROWTH,MLP,0.6047642585871924,TRAIN,0.4425331400,0.6686660100
topo,6,CH,SYMMETRY,MLR,0.33372099794111104,TRAIN,0.2922634300,0.3789501600
topo,6,CH,SYMMETRY,RF,0.3542293089651098,TRAIN,0.3303388300,0.3852322400
topo,6,CH,SYMMETRY,SVR,0.3892814058423213,TRAIN,0.3375252000,0.4366064600
topo,6,CH,SYMMETRY,MLP,0.3555518146019295,TRAIN,0.3092632900,0.4163646900
topo,7,CH,ACTIVITY,MLR,0.10035888868733632,TRAIN,0.0623311900,0.1406575100
topo,7,CH,ACTIVITY,RF,0.19988602236315847,TRAIN,0.1755138000,0.2292847300
topo,7,CH,ACTIVITY,SVR,0.1603452756409842,TRAIN,0.1115869400,0.2164173100
topo,7,CH,ACTIVITY,MLP,0.3868117267232085,TRAIN,0.1779221400,0.5856956900
topo,7,CH,GROWTH,MLR,0.4885018303714638,TRAIN,0.4369037200,0.5508589700
topo,7,CH,GROWTH,RF,0.3297730530319222,TRAIN,0.2842733900,0.3682891700
topo,7,CH,GROWTH,SVR,0.46434213368515403,TRAIN,0.3923894900,0.5140829200
topo,7,CH,GROWTH,MLP,0.6559020473362174,TRAIN,0.5670655300,0.7344324600
topo,7,CH,SYMMETRY,MLR,0.3602676375239049,TRAIN,0.3054654000,0.3955200900
topo,7,CH,SYMMETRY,RF,0.36316052609365,TRAIN,0.3346372800,0.3909766000
topo,7,CH,SYMMETRY,SVR,0.5345181275507903,TRAIN,0.5054291800,0.5684983200
topo,7,CH,SYMMETRY,MLP,0.3996456214337508,TRAIN,0.3235525900,0.4638035200
topo,8,CH,ACTIVITY,MLR,0.12707324203731,TRAIN,0.0667368300,0.1808145100
topo,8,CH,ACTIVITY,RF,0.16090359228211928,TRAIN,0.1268866500,0.1993531600
topo,8,CH,ACTIVITY,SVR,0.1985145447993643,TRAIN,0.1599190800,0.2449525600
topo,8,CH,ACTIVITY,MLP,0.26528262899062016,TRAIN,0.1549539900,0.6070124900
topo,8,CH,GROWTH,MLR,0.4722052704381131,TRAIN,0.4304698000,0.5168030700
topo,8,CH,GROWTH,RF,0.5695138367457248,TRAIN,0.5262645200,0.6167551200
topo,8,CH,GROWTH,SVR,0.4816062081088578,TRAIN,0.4294077000,0.5387394700
topo,8,CH,GROWTH,MLP,0.664943851393441,TRAIN,0.6005809000,0.7349006400
topo,8,CH,SYMMETRY,MLR,0.3489319715342299,TRAIN,0.3083341000,0.3919602900
topo,8,CH,SYMMETRY,RF,0.2867161246652081,TRAIN,0.2601813200,0.3203897100
topo,8,CH,SYMMETRY,SVR,0.4167782253894887,TRAIN,0.3695461900,0.4495109200
topo,8,CH,SYMMETRY,MLP,0.3810007456322867,TRAIN,0.3272610700,0.4523844300
topo,9,CH,ACTIVITY,MLR,0.1541449377107212,TRAIN,0.0996338300,0.2008959900
topo,9,CH,ACTIVITY,RF,0.29490188573996673,TRAIN,0.2685409800,0.3252321900
topo,9,CH,ACTIVITY,SVR,0.2151231834289081,TRAIN,0.1743016900,0.2633618800
topo,9,CH,ACTIVITY,MLP,0.3840301717436919,TRAIN,0.1912920900,0.5793926700
topo,9,CH,GROWTH,MLR,0.5127093985355567,TRAIN,0.4829918100,0.5593052500
topo,9,CH,GROWTH,RF,0.5851753953825302,TRAIN,0.5526853100,0.6132201200
topo,9,CH,GROWTH,SVR,0.4885543094620379,TRAIN,0.4363099400,0.5422523800
topo,9,CH,GROWTH,MLP,0.7058316037429914,TRAIN,0.6392320600,0.7627642200
topo,9,CH,SYMMETRY,MLR,0.37535165871558457,TRAIN,0.3307464900,0.4338552600
topo,9,CH,SYMMETRY,RF,0.30292142033055713,TRAIN,0.2782398300,0.3322878100
topo,9,CH,SYMMETRY,SVR,0.43483465354303774,TRAIN,0.3851070800,0.4724667200
topo,9,CH,SYMMETRY,MLP,0.4132331528366097,TRAIN,0.3647141500,0.4402552700
topo,10,CH,ACTIVITY,MLR,0.1427285159926587,TRAIN,0.1043676800,0.1905749900
topo,10,CH,ACTIVITY,RF,0.20458868978980932,TRAIN,0.1744134400,0.2390546200
topo,10,CH,ACTIVITY,SVR,0.2036870029237912,TRAIN,0.1500795100,0.2539323400
topo,10,CH,ACTIVITY,MLP,0.31463819936464593,TRAIN,0.2583853000,0.3628466900
topo,10,CH,GROWTH,MLR,0.5317702336058296,TRAIN,0.4915967100,0.5693800900
topo,10,CH,GROWTH,RF,0.7588268148509484,TRAIN,0.7356762000,0.7956265400
topo,10,CH,GROWTH,SVR,0.5110738089408006,TRAIN,0.4433924800,0.5606584200
topo,10,CH,GROWTH,MLP,0.7140703628274494,TRAIN,0.6805531900,0.7447712600
topo,10,CH,SYMMETRY,MLR,0.3814315033019951,TRAIN,0.3424737700,0.4250025000
topo,10,CH,SYMMETRY,RF,0.7649084507803979,TRAIN,0.7435361500,0.7829993700
topo,10,CH,SYMMETRY,SVR,0.42620319307393584,TRAIN,0.3743533600,0.4810131300
topo,10,CH,SYMMETRY,MLP,0.4593430390500426,TRAIN,0.4262359600,0.5008874600
topo,11,CH,ACTIVITY,MLR,0.12414775772088164,TRAIN,0.0807240000,0.1623248700
topo,11,CH,ACTIVITY,RF,0.30332065177272216,TRAIN,0.2643549900,0.3288099800
topo,11,CH,ACTIVITY,SVR,0.20706232376484127,TRAIN,0.1580139800,0.2639778700
topo,11,CH,ACTIVITY,MLP,0.3694606197101449,TRAIN,0.1838487300,0.6155047900
topo,11,CH,GROWTH,MLR,0.5649075940052042,TRAIN,0.5394001800,0.5915978500
topo,11,CH,GROWTH,RF,0.7559417909297698,TRAIN,0.7268295000,0.7843391900
topo,11,CH,GROWTH,SVR,0.5443723400316183,TRAIN,0.4845001600,0.5779082800
topo,11,CH,GROWTH,MLP,0.6874095834574381,TRAIN,0.6250180600,0.7187840600
topo,11,CH,SYMMETRY,MLR,0.3983639751191432,TRAIN,0.3639807100,0.4288392800
topo,11,CH,SYMMETRY,RF,0.5628996258277491,TRAIN,0.5384622500,0.5828160300
topo,11,CH,SYMMETRY,SVR,0.4456047096145277,TRAIN,0.4040153900,0.5084439200
topo,11,CH,SYMMETRY,MLP,0.4825509589222025,TRAIN,0.4429311800,0.5164039400
topo,12,CH,ACTIVITY,MLR,0.172974187759022,TRAIN,0.1349200700,0.2176126500
topo,12,CH,ACTIVITY,RF,0.2392854512868824,TRAIN,0.1978678800,0.2681992500
topo,12,CH,ACTIVITY,SVR,0.17527790548500086,TRAIN,0.1217899900,0.2311976000
topo,12,CH,ACTIVITY,MLP,0.430978330381414,TRAIN,0.2127529700,0.5874045000
topo,12,CH,GROWTH,MLR,0.5540026798833361,TRAIN,0.4981809700,0.6004105400
topo,12,CH,GROWTH,RF,0.6057521418030286,TRAIN,0.5683092900,0.6419596800
topo,12,CH,GROWTH,SVR,0.5503601077251632,TRAIN,0.5014311100,0.6009382700
topo,12,CH,GROWTH,MLP,0.5971912288115734,TRAIN,0.5700531200,0.6271021700
topo,12,CH,SYMMETRY,MLR,0.4172761777859535,TRAIN,0.3737124600,0.4583089400
topo,12,CH,SYMMETRY,RF,0.33854596683380395,TRAIN,0.3105203700,0.3706634700
topo,12,CH,SYMMETRY,SVR,0.4604506251732468,TRAIN,0.4121826100,0.4998549000
topo,12,CH,SYMMETRY,MLP,0.4944347702766147,TRAIN,0.4464590900,0.5362481400
topo,13,CH,ACTIVITY,MLR,0.28949486086426873,TRAIN,0.2452177200,0.3388366900
topo,13,CH,ACTIVITY,RF,0.19059405923701048,TRAIN,0.1594380700,0.2219537600
topo,13,CH,ACTIVITY,SVR,0.2511017021314756,TRAIN,0.2001949700,0.3149979000
topo,13,CH,ACTIVITY,MLP,0.4270141717637851,TRAIN,0.2289550300,0.6115459000
topo,13,CH,GROWTH,MLR,0.5726986382632633,TRAIN,0.5447652500,0.6141518600
topo,13,CH,GROWTH,RF,0.617600479848366,TRAIN,0.5742369200,0.6697068900
topo,13,CH,GROWTH,SVR,0.5537539963438045,TRAIN,0.5218601500,0.5856668800
topo,13,CH,GROWTH,MLP,0.7333601695861776,TRAIN,0.6738898100,0.7716107100
topo,13,CH,SYMMETRY,MLR,0.5257394799853314,TRAIN,0.4970580200,0.5614502800
topo,13,CH,SYMMETRY,RF,0.43912353242247343,TRAIN,0.4060266100,0.4697379100
topo,13,CH,SYMMETRY,SVR,0.4689173354926017,TRAIN,0.4242636200,0.5086574800
topo,13,CH,SYMMETRY,MLP,0.5160630413060034,TRAIN,0.4715948200,0.5637370800
topo,14,CH,ACTIVITY,MLR,0.2876346367907911,TRAIN,0.2280713400,0.3308211400
topo,14,CH,ACTIVITY,RF,0.2376171839052163,TRAIN,0.2136994300,0.2655311400
topo,14,CH,ACTIVITY,SVR,0.27469547971906355,TRAIN,0.2089922800,0.3228702800
topo,14,CH,ACTIVITY,MLP,0.4863992661616857,TRAIN,0.2646836200,0.6338852500
topo,14,CH,GROWTH,MLR,0.5995670305604854,TRAIN,0.5589952700,0.6342719900
topo,14,CH,GROWTH,RF,0.6284096354281272,TRAIN,0.5905134600,0.6682184500
topo,14,CH,GROWTH,SVR,0.5707981827044704,TRAIN,0.5396603600,0.6133757100
topo,14,CH,GROWTH,MLP,0.9611756111207516,TRAIN,0.9519225400,0.9713032600
topo,14,CH,SYMMETRY,MLR,0.4662881418411964,TRAIN,0.4291203300,0.5159721000
topo,14,CH,SYMMETRY,RF,0.6158328472349004,TRAIN,0.5766227000,0.6606064900
topo,14,CH,SYMMETRY,SVR,0.5436805598231934,TRAIN,0.5000679900,0.5878216800
topo,14,CH,SYMMETRY,MLP,0.5267489278359466,TRAIN,0.4833002200,0.5742106200
topo,15,CH,ACTIVITY,MLR,0.11579870550519845,TRAIN,0.0724735300,0.1693416500
topo,15,CH,ACTIVITY,RF,0.21397210784501866,TRAIN,0.1793942300,0.2572186500
topo,15,CH,ACTIVITY,SVR,0.22391596703644928,TRAIN,0.1610922100,0.2910722000
topo,15,CH,ACTIVITY,MLP,0.499189710328122,TRAIN,0.3930091300,0.5923289400
topo,15,CH,GROWTH,MLR,0.575297167356958,TRAIN,0.5447587300,0.6031059800
topo,15,CH,GROWTH,RF,0.7945802327858938,TRAIN,0.7711315100,0.8125292400
topo,15,CH,GROWTH,SVR,0.6156409271577173,TRAIN,0.5811121700,0.6562361500
topo,15,CH,GROWTH,MLP,0.8986755846236176,TRAIN,0.8863955800,0.9135253300
topo,15,CH,SYMMETRY,MLR,0.5084549541286038,TRAIN,0.4618088300,0.5554706900
topo,15,CH,SYMMETRY,RF,0.7904962291529841,TRAIN,0.7724084100,0.8082047900
topo,15,CH,SYMMETRY,SVR,0.5518084434324212,TRAIN,0.5177965000,0.5982253500
topo,15,CH,SYMMETRY,MLP,0.5652431458867202,TRAIN,0.5250681700,0.6147630100
topo,0,C,ACTIVITY,MLR,0.1986029508010095,TEST,0.0691469900,0.3142416600
topo,0,C,ACTIVITY,RF,0.2502217662917744,TEST,0.1221535300,0.3384461800
topo,0,C,ACTIVITY,SVR,0.2488269892690953,TEST,0.1408863400,0.3505790900
topo,0,C,ACTIVITY,MLP,0.19850641286830914,TEST,-0.0457754000,0.3553594600
topo,0,C,GROWTH,MLR,0.2091400040814511,TEST,-0.1939329000,0.3782604900
topo,0,C,GROWTH,RF,0.2783363985073322,TEST,0.1517417500,0.3732133100
topo,0,C,GROWTH,SVR,0.2373808159090383,TEST,0.1142750400,0.3648819800
topo,0,C,GROWTH,MLP,0.22173677381939275,TEST,0.0117870900,0.3540270400
topo,0,C,SYMMETRY,MLR,-0.010163996135968977,TEST,-0.0734172200,0.0364748700
topo,0,C,SYMMETRY,RF,-0.0042004008650981675,TEST,-0.0507808300,0.0337578900
topo,0,C,SYMMETRY,SVR,-0.06802019452800454,TEST,-0.1887928700,0.0530577600
topo,0,C,SYMMETRY,MLP,-0.030569717442700282,TEST,-0.1772903800,0.0415265400
topo,1,C,ACTIVITY,MLR,0.2394916604165165,TEST,0.1493467200,0.3535563700
topo,1,C,ACTIVITY,RF,0.2355741198426521,TEST,0.1199743500,0.3377916200
topo,1,C,ACTIVITY,SVR,0.2371432474799424,TEST,0.1390698400,0.3419219700
topo,1,C,ACTIVITY,MLP,0.22024119509563791,TEST,0.0457450100,0.3400590000
topo,1,C,GROWTH,MLR,0.2619272673798954,TEST,0.0777073600,0.3744927000
topo,1,C,GROWTH,RF,0.2642308652607096,TEST,0.1782969400,0.3775081700
topo,1,C,GROWTH,SVR,0.2352947303133974,TEST,0.0513923700,0.3992898200
topo,1,C,GROWTH,MLP,0.2271546831800455,TEST,0.1030371100,0.3559453400
topo,1,C,SYMMETRY,MLR,-0.0106759223348094,TEST,-0.0418365618,-0.0000523696
topo,1,C,SYMMETRY,RF,-0.0009277765689714092,TEST,-0.0514234900,0.0355390100
topo,1,C,SYMMETRY,SVR,-0.07142772671440352,TEST,-0.1454691000,0.0132854300
topo,1,C,SYMMETRY,MLP,-0.014848853739313826,TEST,-0.0566924300,0.0108557600
topo,2,C,ACTIVITY,MLR,0.1863781165666068,TEST,0.0493940900,0.3261241800
topo,2,C,ACTIVITY,RF,0.2439239204181956,TEST,0.1437395300,0.3438326300
topo,2,C,ACTIVITY,SVR,0.21501176196326688,TEST,0.0093528900,0.3251766100
topo,2,C,ACTIVITY,MLP,0.2021595081719166,TEST,0.0817741600,0.3239688000
topo,2,C,GROWTH,MLR,0.2393393870948345,TEST,0.1246516200,0.3334396500
topo,2,C,GROWTH,RF,0.2303449301956728,TEST,0.0762978400,0.3584558100
topo,2,C,GROWTH,SVR,0.18856936313935746,TEST,0.0133273400,0.3487772400
topo,2,C,GROWTH,MLP,0.1955649942999492,TEST,0.0291498300,0.3028282700
topo,2,C,SYMMETRY,MLR,-0.0121603621344894,TEST,-0.0791694900,0.0094720900
topo,2,C,SYMMETRY,RF,-0.004584987123280039,TEST,-0.0477341300,0.0256817900
topo,2,C,SYMMETRY,SVR,-0.08807470523540648,TEST,-0.2218651000,0.0367352500
topo,2,C,SYMMETRY,MLP,-0.02082595136768084,TEST,-0.1062394400,0.0107994500
topo,3,C,ACTIVITY,MLR,0.19293868156446,TEST,0.0161675100,0.3084933200
topo,3,C,ACTIVITY,RF,0.24239194640257314,TEST,0.1219982900,0.3398510900
topo,3,C,ACTIVITY,SVR,0.2444289396427201,TEST,0.1332967800,0.3472930500
topo,3,C,ACTIVITY,MLP,0.1788408902860614,TEST,0.0224850500,0.2829399300
topo,3,C,GROWTH,MLR,0.2266756654584613,TEST,0.1348064200,0.3202718900
topo,3,C,GROWTH,RF,0.22452662476602914,TEST,0.0781482000,0.3538578100
topo,3,C,GROWTH,SVR,0.25291934516770315,TEST,0.1251459300,0.3801512800
topo,3,C,GROWTH,MLP,0.22478789622970305,TEST,0.0967805500,0.3503004900
topo,3,C,SYMMETRY,MLR,-0.007240065304027122,TEST,-0.0317705494,-0.0000651141
topo,3,C,SYMMETRY,RF,0.004425883947583972,TEST,-0.0569084900,0.0465879500
topo,3,C,SYMMETRY,SVR,-0.09008222484729657,TEST,-0.1797509300,0.0058966800
topo,3,C,SYMMETRY,MLP,-0.013588464388613072,TEST,-0.0689737900,0.0068273800
topo,4,C,ACTIVITY,MLR,0.20189480992988748,TEST,0.0706600000,0.3048651300
topo,4,C,ACTIVITY,RF,0.2396380334003417,TEST,0.1314557800,0.3539291700
topo,4,C,ACTIVITY,SVR,0.21197162342790574,TEST,0.0829268500,0.3381083300
topo,4,C,ACTIVITY,MLP,0.19085959210457168,TEST,0.0406545600,0.3040082700
topo,4,C,GROWTH,MLR,0.2768310855398558,TEST,0.1639842300,0.3797854200
topo,4,C,GROWTH,RF,0.252784271639207,TEST,0.1336336600,0.3516512000
topo,4,C,GROWTH,SVR,0.23383618083755195,TEST,0.0601231100,0.3649040600
topo,4,C,GROWTH,MLP,0.2505908579504221,TEST,0.1061914000,0.3805773900
topo,4,C,SYMMETRY,MLR,-0.010808830658386758,TEST,-0.0471313532,-0.0000690422
topo,4,C,SYMMETRY,RF,0.006725056888512619,TEST,-0.0382269000,0.0418802800
topo,4,C,SYMMETRY,SVR,-0.02910281961639733,TEST,-0.1616149500,0.0793081500
topo,4,C,SYMMETRY,MLP,-0.06666018490974028,TEST,-0.2974665100,0.0320710400
topo,5,C,ACTIVITY,MLR,0.2126889377077473,TEST,0.0973243200,0.3694707100
topo,5,C,ACTIVITY,RF,0.2569193217547209,TEST,0.1269922900,0.3661364600
topo,5,C,ACTIVITY,SVR,0.25977055144022543,TEST,0.1083817100,0.3652460300
topo,5,C,ACTIVITY,MLP,0.2298479918488457,TEST,0.1200989000,0.3375535700
topo,5,C,GROWTH,MLR,0.23767113843643806,TEST,-0.5545604700,0.3676456300
topo,5,C,GROWTH,RF,0.2826406929764987,TEST,0.1799639600,0.4090426000
topo,5,C,GROWTH,SVR,0.286248463008315,TEST,0.1434331300,0.3999038900
topo,5,C,GROWTH,MLP,0.28918461766498105,TEST,0.1689023300,0.3845304500
topo,5,C,SYMMETRY,MLR,0.0017790767087659844,TEST,-0.0532072000,0.0534883400
topo,5,C,SYMMETRY,RF,0.0204706734529991,TEST,-0.0088033900,0.0582122000
topo,5,C,SYMMETRY,SVR,-0.04816590361995155,TEST,-0.1466215400,0.0342597600
topo,5,C,SYMMETRY,MLP,-0.16677622561586272,TEST,-1.0514685800,0.0241165000
topo,6,C,ACTIVITY,MLR,0.2300547895394553,TEST,0.1059356600,0.3603110700
topo,6,C,ACTIVITY,RF,0.30166999518736665,TEST,0.1443724500,0.4215455000
topo,6,C,ACTIVITY,SVR,0.2284391472051137,TEST,0.1115307800,0.3737563400
topo,6,C,ACTIVITY,MLP,0.23785359462392944,TEST,0.1051774000,0.4199876000
topo,6,C,GROWTH,MLR,0.4899404995162598,TEST,0.4021419600,0.6018355500
topo,6,C,GROWTH,RF,0.4587995941088969,TEST,0.3191147600,0.5806864800
topo,6,C,GROWTH,SVR,0.4654866647076709,TEST,0.2663604400,0.6300321600
topo,6,C,GROWTH,MLP,0.4342779387664325,TEST,0.1210958600,0.5910322900
topo,6,C,SYMMETRY,MLR,0.023781391814219118,TEST,-0.0633343300,0.0917240000
topo,6,C,SYMMETRY,RF,0.02452623717619733,TEST,-0.0560431300,0.0865389700
topo,6,C,SYMMETRY,SVR,-0.036214076017733424,TEST,-0.1523685600,0.0798659600
topo,6,C,SYMMETRY,MLP,-0.011029511728395771,TEST,-0.1509524200,0.0908391300
topo,7,C,ACTIVITY,MLR,0.2871093655080152,TEST,0.1508029900,0.3674855700
topo,7,C,ACTIVITY,RF,0.30752151672931266,TEST,0.1761544000,0.3968317200
topo,7,C,ACTIVITY,SVR,0.2571122283711509,TEST,0.0782500900,0.4112141800
topo,7,C,ACTIVITY,MLP,0.2793931823256851,TEST,0.1288217100,0.4047827600
topo,7,C,GROWTH,MLR,0.600512748194937,TEST,0.4957960100,0.6760599500
topo,7,C,GROWTH,RF,0.5295516057885536,TEST,0.4377700800,0.6024531800
topo,7,C,GROWTH,SVR,0.577466544540881,TEST,0.5035019500,0.6540681900
topo,7,C,GROWTH,MLP,0.6047333541464037,TEST,0.4992214000,0.6977662200
topo,7,C,SYMMETRY,MLR,0.03522519970725275,TEST,-0.1419883700,0.1125608000
topo,7,C,SYMMETRY,RF,0.051268645905530486,TEST,-0.0026617300,0.0984439700
topo,7,C,SYMMETRY,SVR,-0.012073926203664643,TEST,-0.0952700500,0.0685089400
topo,7,C,SYMMETRY,MLP,0.001848613347028712,TEST,-0.0976809800,0.0969720200
topo,8,C,ACTIVITY,MLR,0.28686576791007945,TEST,0.1489862900,0.3943345900
topo,8,C,ACTIVITY,RF,0.2978603827505125,TEST,0.2182170100,0.3523571700
topo,8,C,ACTIVITY,SVR,0.2922388193197787,TEST,0.1141643700,0.4079206600
topo,8,C,ACTIVITY,MLP,0.2844611724077269,TEST,0.2014862700,0.3850711100
topo,8,C,GROWTH,MLR,0.5710626866585117,TEST,0.3782172100,0.6622885300
topo,8,C,GROWTH,RF,0.5383792241850601,TEST,0.4315779900,0.6254354000
topo,8,C,GROWTH,SVR,0.5436655259272846,TEST,0.3777089800,0.6630823300
topo,8,C,GROWTH,MLP,0.5771963762709493,TEST,0.4078716700,0.6610053300
topo,8,C,SYMMETRY,MLR,0.017153159023937097,TEST,-0.0762517300,0.0876266900
topo,8,C,SYMMETRY,RF,0.05922822937648607,TEST,0.0041863600,0.0951773600
topo,8,C,SYMMETRY,SVR,-0.02679144140306943,TEST,-0.1052866500,0.0662769000
topo,8,C,SYMMETRY,MLP,0.004451948161297129,TEST,-0.1136996100,0.0894245200
topo,9,C,ACTIVITY,MLR,0.3073619662446046,TEST,0.1593490800,0.3977937200
topo,9,C,ACTIVITY,RF,0.3040378225383212,TEST,0.1881652800,0.3947393800
topo,9,C,ACTIVITY,SVR,0.2965757700457744,TEST,0.1699292700,0.4192614700
topo,9,C,ACTIVITY,MLP,0.26885069274661083,TEST,0.1202915000,0.3920898700
topo,9,C,GROWTH,MLR,0.6262466507583534,TEST,0.5356044800,0.7012154700
topo,9,C,GROWTH,RF,0.5454330652059683,TEST,0.4398575000,0.6090589700
topo,9,C,GROWTH,SVR,0.6144723754673705,TEST,0.5450734700,0.6894636700
topo,9,C,GROWTH,MLP,0.6227180274149593,TEST,0.5312544900,0.6978588600
topo,9,C,SYMMETRY,MLR,0.0463777076663569,TEST,-0.0305928800,0.0999711600
topo,9,C,SYMMETRY,RF,0.056981330691634476,TEST,-0.0029185100,0.1077934700
topo,9,C,SYMMETRY,SVR,-0.01871459254594653,TEST,-0.1183743300,0.0596420900
topo,9,C,SYMMETRY,MLP,0.033099685135609645,TEST,-0.1457842500,0.1256301200
topo,10,C,ACTIVITY,MLR,0.2601838775005189,TEST,-0.0481584700,0.3987770700
topo,10,C,ACTIVITY,RF,0.2929787370139758,TEST,0.1981971100,0.3647189300
topo,10,C,ACTIVITY,SVR,0.31238174201953645,TEST,0.1965248600,0.4098224400
topo,10,C,ACTIVITY,MLP,0.3181051160232465,TEST,0.1982354100,0.4206848500
topo,10,C,GROWTH,MLR,0.4514547139321693,TEST,0.3645731400,0.5162272100
topo,10,C,GROWTH,RF,0.5426695091082997,TEST,0.4442563600,0.6162209800
topo,10,C,GROWTH,SVR,0.5433736305415848,TEST,0.4828132800,0.6236613500
topo,10,C,GROWTH,MLP,0.5741218410680359,TEST,0.4817152700,0.6384443500
topo,10,C,SYMMETRY,MLR,0.045950799982805726,TEST,-0.0747331600,0.1194682600
topo,10,C,SYMMETRY,RF,0.06904093674388627,TEST,-0.0000454757,0.1165324870
topo,10,C,SYMMETRY,SVR,0.0047697117852391144,TEST,-0.1297489000,0.0748560900
topo,10,C,SYMMETRY,MLP,0.01829301453502652,TEST,-0.1244764500,0.1296340400
topo,11,C,ACTIVITY,MLR,0.3097379843809817,TEST,0.2124089000,0.4533423200
topo,11,C,ACTIVITY,RF,0.3029060864976847,TEST,0.1808387000,0.4187062200
topo,11,C,ACTIVITY,SVR,0.34480787437204674,TEST,0.2047765100,0.4901226100
topo,11,C,ACTIVITY,MLP,0.28491470291530285,TEST,0.1506743300,0.3867391700
topo,11,C,GROWTH,MLR,0.6226382607557631,TEST,0.5838239800,0.6831656300
topo,11,C,GROWTH,RF,0.5246034986949712,TEST,0.4676893100,0.5929647200
topo,11,C,GROWTH,SVR,0.6130491178014428,TEST,0.5278793600,0.6830276200
topo,11,C,GROWTH,MLP,0.6178361470203283,TEST,0.5412182800,0.6833057900
topo,11,C,SYMMETRY,MLR,0.051253226224721816,TEST,-0.1249309800,0.1299703900
topo,11,C,SYMMETRY,RF,0.0573783188844019,TEST,-0.0218956700,0.1070180300
topo,11,C,SYMMETRY,SVR,0.0038485226090437604,TEST,-0.0940668800,0.0970039700
topo,11,C,SYMMETRY,MLP,0.03001331671117172,TEST,-0.0519868000,0.1221400300
topo,12,C,ACTIVITY,MLR,0.3631876865335137,TEST,0.2640860900,0.4684819200
topo,12,C,ACTIVITY,RF,0.36148783748727903,TEST,0.2668213100,0.4485457200
topo,12,C,ACTIVITY,SVR,0.3274937890411047,TEST,0.1494320100,0.4881649100
topo,12,C,ACTIVITY,MLP,0.2764022775534232,TEST,0.0772482700,0.4215034100
topo,12,C,GROWTH,MLR,0.3709304771791759,TEST,0.2976477800,0.4423425300
topo,12,C,GROWTH,RF,0.4689357751417515,TEST,0.3892000400,0.5622860800
topo,12,C,GROWTH,SVR,0.4622026977145514,TEST,0.3828064400,0.5460214300
topo,12,C,GROWTH,MLP,0.4529311572374593,TEST,-0.2020186200,0.6066472400
topo,12,C,SYMMETRY,MLR,0.11630540302025184,TEST,0.0050705100,0.2077154300
topo,12,C,SYMMETRY,RF,0.12624197110042154,TEST,0.0480240000,0.2291173500
topo,12,C,SYMMETRY,SVR,0.03564591099175772,TEST,-0.0837473600,0.1360307800
topo,12,C,SYMMETRY,MLP,0.09407139435935297,TEST,-0.0317724300,0.2054112500
topo,13,C,ACTIVITY,MLR,0.4114780663112069,TEST,0.3040150000,0.5129570800
topo,13,C,ACTIVITY,RF,0.37755626738658143,TEST,0.3220768000,0.4662078100
topo,13,C,ACTIVITY,SVR,0.4093009628005647,TEST,0.2742009800,0.5619031900
topo,13,C,ACTIVITY,MLP,0.40064175041346106,TEST,0.2646849800,0.5037756300
topo,13,C,GROWTH,MLR,0.5034529595652641,TEST,0.3913653300,0.5787824900
topo,13,C,GROWTH,RF,0.42749777612034817,TEST,0.3216766000,0.4999515600
topo,13,C,GROWTH,SVR,0.4668986376013219,TEST,0.3163608000,0.5391141600
topo,13,C,GROWTH,MLP,0.4817096312203529,TEST,0.3678509700,0.5801426000
topo,13,C,SYMMETRY,MLR,0.09854098524927507,TEST,-0.0143179400,0.1734036600
topo,13,C,SYMMETRY,RF,0.10981866242516752,TEST,0.0102657100,0.1859326800
topo,13,C,SYMMETRY,SVR,0.06535901305139298,TEST,-0.0791786700,0.1506144300
topo,13,C,SYMMETRY,MLP,0.12369022216643664,TEST,-0.0051184000,0.2365181300
topo,14,C,ACTIVITY,MLR,0.4747983818100895,TEST,0.3450215700,0.5723561700
topo,14,C,ACTIVITY,RF,0.4484886687966817,TEST,0.3045114400,0.5611293100
topo,14,C,ACTIVITY,SVR,0.4843519114298678,TEST,0.3216341400,0.6057571400
topo,14,C,ACTIVITY,MLP,0.4540738285707208,TEST,0.3527822400,0.6017842400
topo,14,C,GROWTH,MLR,0.4230537394613837,TEST,-0.1250023100,0.5975856500
topo,14,C,GROWTH,RF,0.4194596868528491,TEST,0.3318820100,0.5069001100
topo,14,C,GROWTH,SVR,0.3851566816555984,TEST,-0.2283686000,0.5430782700
topo,14,C,GROWTH,MLP,0.4671676758155338,TEST,0.1351284200,0.6181316700
topo,14,C,SYMMETRY,MLR,0.1394339600014882,TEST,0.0490673500,0.2417893000
topo,14,C,SYMMETRY,RF,0.15008321586535836,TEST,0.0688698000,0.2053658500
topo,14,C,SYMMETRY,SVR,0.0786899161544234,TEST,-0.0366323200,0.1758988700
topo,14,C,SYMMETRY,MLP,0.1305310490035314,TEST,-0.0001348701,0.2386831700
topo,15,C,ACTIVITY,MLR,0.6384258873132761,TEST,0.5459527600,0.7248975000
topo,15,C,ACTIVITY,RF,0.5141231518571316,TEST,0.4146461100,0.5856317900
topo,15,C,ACTIVITY,SVR,0.6268677645513766,TEST,0.5601638700,0.6920681600
topo,15,C,ACTIVITY,MLP,0.6279415829807843,TEST,0.5421601900,0.7085186600
topo,15,C,GROWTH,MLR,0.457908563680209,TEST,0.2431486300,0.5604490900
topo,15,C,GROWTH,RF,0.3945535408955652,TEST,0.2612723500,0.4733214700
topo,15,C,GROWTH,SVR,0.3898687842523573,TEST,0.1640005700,0.5426861300
topo,15,C,GROWTH,MLP,0.4802913925555983,TEST,0.3356212600,0.5827632900
topo,15,C,SYMMETRY,MLR,0.16074649861211907,TEST,0.0910330500,0.2209784000
topo,15,C,SYMMETRY,RF,0.14801004259942793,TEST,0.0502992500,0.2219902200
topo,15,C,SYMMETRY,SVR,0.07930094843225896,TEST,-0.0454617400,0.2029187700
topo,15,C,SYMMETRY,MLP,0.14586118646280072,TEST,0.0476015900,0.2353148200
topo,0,CH,ACTIVITY,MLR,0.05200537385923015,TEST,-0.1666138400,0.1482988300
topo,0,CH,ACTIVITY,RF,0.0607754545544413,TEST,-0.1061913500,0.1470372000
topo,0,CH,ACTIVITY,SVR,-0.028365184784771007,TEST,-0.4437807200,0.1455970000
topo,0,CH,ACTIVITY,MLP,-0.0016320298651088898,TEST,-0.6345308500,0.1794442300
topo,0,CH,GROWTH,MLR,0.2355154118558335,TEST,0.1235342000,0.3204405900
topo,0,CH,GROWTH,RF,0.16366444765466598,TEST,0.0859863000,0.2320782800
topo,0,CH,GROWTH,SVR,0.1440650878862169,TEST,-0.4143589800,0.2937021800
topo,0,CH,GROWTH,MLP,0.14769460026153916,TEST,-0.2816395100,0.3691907600
topo,0,CH,SYMMETRY,MLR,-0.15895973993625465,TEST,-2.8520429700,0.1903386600
topo,0,CH,SYMMETRY,RF,0.08425065569267724,TEST,-0.0214607600,0.1488667600
topo,0,CH,SYMMETRY,SVR,0.019575985273578855,TEST,-0.5468599200,0.1649709900
topo,0,CH,SYMMETRY,MLP,-0.13177643797975172,TEST,-3.0330478200,0.1657509400
topo,1,CH,ACTIVITY,MLR,0.02426062959489696,TEST,-0.1632575500,0.1355076600
topo,1,CH,ACTIVITY,RF,0.07433874889090977,TEST,0.0027782800,0.1211354500
topo,1,CH,ACTIVITY,SVR,-0.09309402956241802,TEST,-0.3886021800,0.0343699400
topo,1,CH,ACTIVITY,MLP,0.03509398346148645,TEST,-0.1528535100,0.1395614800
topo,1,CH,GROWTH,MLR,0.2120328949478688,TEST,0.0620177700,0.3273012100
topo,1,CH,GROWTH,RF,0.1855066896353927,TEST,-0.0720508700,0.3459416200
topo,1,CH,GROWTH,SVR,0.15785251131199982,TEST,-0.0213240000,0.2944404500
topo,1,CH,GROWTH,MLP,0.12167784480194167,TEST,-0.1565182100,0.3052807400
topo,1,CH,SYMMETRY,MLR,0.0320195791274507,TEST,-0.1727215100,0.1777155700
topo,1,CH,SYMMETRY,RF,0.07566106546957495,TEST,-0.0387298500,0.1607720400
topo,1,CH,SYMMETRY,SVR,-0.0184056086985653,TEST,-0.1642245400,0.1575761200
topo,1,CH,SYMMETRY,MLP,0.05582427292371404,TEST,-0.0146075600,0.1536418300
topo,2,CH,ACTIVITY,MLR,0.08108148777004605,TEST,-0.0472397600,0.1632892100
topo,2,CH,ACTIVITY,RF,0.07848247894654614,TEST,-0.0091119500,0.1394093300
topo,2,CH,ACTIVITY,SVR,0.03841640363267505,TEST,-0.0793647800,0.1244657100
topo,2,CH,ACTIVITY,MLP,0.00921290895851511,TEST,-0.5589562300,0.1374045700
topo,2,CH,GROWTH,MLR,0.2448769229493373,TEST,0.0987432800,0.3364101200
topo,2,CH,GROWTH,RF,0.17337204957403626,TEST,0.0190022200,0.2632926700
topo,2,CH,GROWTH,SVR,0.22354990776965145,TEST,0.0672790500,0.3615883200
topo,2,CH,GROWTH,MLP,0.20655892022937752,TEST,-0.0056403700,0.3229585700
topo,2,CH,SYMMETRY,MLR,0.13651927471261102,TEST,0.0433957400,0.2400809000
topo,2,CH,SYMMETRY,RF,0.10155767054361813,TEST,0.0314753300,0.1861661600
topo,2,CH,SYMMETRY,SVR,0.09136121421888932,TEST,-0.0594885900,0.1898204100
topo,2,CH,SYMMETRY,MLP,0.11476845998427772,TEST,0.0020473700,0.2389290000
topo,3,CH,ACTIVITY,MLR,0.058383994160169074,TEST,-0.0322985200,0.1054966600
topo,3,CH,ACTIVITY,RF,0.07135366937601842,TEST,0.0280872200,0.1169693200
topo,3,CH,ACTIVITY,SVR,-0.010180438740922752,TEST,-0.3939874000,0.1524937700
topo,3,CH,ACTIVITY,MLP,0.09168760758213852,TEST,-0.0708877300,0.1907660600
topo,3,CH,GROWTH,MLR,0.2688071651028683,TEST,0.0586985800,0.4097405600
topo,3,CH,GROWTH,RF,0.16545220345701553,TEST,0.0882566700,0.2312303600
topo,3,CH,GROWTH,SVR,0.22963048717611045,TEST,-0.3502336200,0.3821178900
topo,3,CH,GROWTH,MLP,0.1267792011112462,TEST,-0.9039272400,0.4059581700
topo,3,CH,SYMMETRY,MLR,0.0038763610505756383,TEST,-0.9052991300,0.2340937400
topo,3,CH,SYMMETRY,RF,0.13066149741309493,TEST,0.0873222600,0.1828102300
topo,3,CH,SYMMETRY,SVR,0.04909927305788637,TEST,-0.7281799400,0.2364794100
topo,3,CH,SYMMETRY,MLP,0.10874381074748413,TEST,-0.1481407000,0.2664026200
topo,4,CH,ACTIVITY,MLR,0.056761319134913,TEST,-0.0724047600,0.1270528900
topo,4,CH,ACTIVITY,RF,0.03835625087033147,TEST,-0.0972196600,0.1037719200
topo,4,CH,ACTIVITY,SVR,0.025319088473687624,TEST,-0.1771974800,0.1245360800
topo,4,CH,ACTIVITY,MLP,-0.017063047228869685,TEST,-0.6301575500,0.1982188500
topo,4,CH,GROWTH,MLR,0.2899695973744869,TEST,0.1586755600,0.3974144600
topo,4,CH,GROWTH,RF,0.1782091909916229,TEST,0.0544112400,0.2587485300
topo,4,CH,GROWTH,SVR,0.2757032521271465,TEST,0.1615881800,0.3601691100
topo,4,CH,GROWTH,MLP,0.23819444125257305,TEST,0.0076486100,0.3891799100
topo,4,CH,SYMMETRY,MLR,0.1880596757108108,TEST,0.0507482800,0.2932981100
topo,4,CH,SYMMETRY,RF,0.14368287753617093,TEST,0.0865853500,0.1986942000
topo,4,CH,SYMMETRY,SVR,0.12463508232593558,TEST,0.0265971600,0.2272934200
topo,4,CH,SYMMETRY,MLP,0.2039280695932141,TEST,0.1425611100,0.2657157300
topo,5,CH,ACTIVITY,MLR,0.05453820727651813,TEST,-0.0355191100,0.1160332300
topo,5,CH,ACTIVITY,RF,0.07432074483601192,TEST,-0.0115974000,0.1413952000
topo,5,CH,ACTIVITY,SVR,0.04829315707133144,TEST,-0.0362519800,0.1137104200
topo,5,CH,ACTIVITY,MLP,0.05414921855084915,TEST,-0.0910952200,0.1310344500
topo,5,CH,GROWTH,MLR,0.2499128037163501,TEST,-0.0749103000,0.4203136500
topo,5,CH,GROWTH,RF,0.2126985263879892,TEST,0.0419395400,0.3099884600
topo,5,CH,GROWTH,SVR,0.21143332109793472,TEST,-0.3245139200,0.4054157600
topo,5,CH,GROWTH,MLP,0.2729711162332091,TEST,0.0655044300,0.4287497300
topo,5,CH,SYMMETRY,MLR,0.1805672131268969,TEST,0.0833861600,0.2973278000
topo,5,CH,SYMMETRY,RF,0.12568121332694998,TEST,0.0371579400,0.1966924900
topo,5,CH,SYMMETRY,SVR,0.15415085316529506,TEST,0.0456957500,0.2180689700
topo,5,CH,SYMMETRY,MLP,0.2016995197292101,TEST,0.1358251100,0.2599310800
topo,6,CH,ACTIVITY,MLR,0.07449397112972811,TEST,-0.0434706000,0.1712580200
topo,6,CH,ACTIVITY,RF,0.0646546235490218,TEST,0.0193795500,0.1091305800
topo,6,CH,ACTIVITY,SVR,0.02607896947644193,TEST,-0.0615572500,0.1164621500
topo,6,CH,ACTIVITY,MLP,0.05640231969804666,TEST,-0.1998242900,0.1655352200
topo,6,CH,GROWTH,MLR,0.3017877034779156,TEST,0.0529736100,0.4602683400
topo,6,CH,GROWTH,RF,0.20105814045074685,TEST,0.1351733300,0.2482682700
topo,6,CH,GROWTH,SVR,0.3236599343458764,TEST,0.2478112400,0.4201188900
topo,6,CH,GROWTH,MLP,0.2569725274647274,TEST,0.1190635500,0.3927770900
topo,6,CH,SYMMETRY,MLR,0.20859178835855507,TEST,0.0656631300,0.2874670300
topo,6,CH,SYMMETRY,RF,0.133454181300776,TEST,0.0685879000,0.1924102600
topo,6,CH,SYMMETRY,SVR,0.18131364342005268,TEST,0.0688710200,0.3285980000
topo,6,CH,SYMMETRY,MLP,0.2321332785209096,TEST,0.1198725400,0.3238919000
topo,7,CH,ACTIVITY,MLR,0.04531969009734922,TEST,-0.0045832900,0.0932000200
topo,7,CH,ACTIVITY,RF,0.07326539169498543,TEST,-0.0204673600,0.1421096700
topo,7,CH,ACTIVITY,SVR,0.037379578228150336,TEST,-0.0310147900,0.1009812500
topo,7,CH,ACTIVITY,MLP,-0.0335538023168326,TEST,-0.3881998800,0.1480776800
topo,7,CH,GROWTH,MLR,0.3191489076878967,TEST,0.0719504700,0.4712551000
topo,7,CH,GROWTH,RF,0.18193480611268031,TEST,0.0726776600,0.2909111600
topo,7,CH,GROWTH,SVR,0.3191858622239508,TEST,0.1998551700,0.4191650300
topo,7,CH,GROWTH,MLP,0.2662324477152438,TEST,0.1063804300,0.4110753300
topo,7,CH,SYMMETRY,MLR,0.22258110405534973,TEST,0.0998099900,0.3424390300
topo,7,CH,SYMMETRY,RF,0.1337996728540941,TEST,0.0603395900,0.1848245600
topo,7,CH,SYMMETRY,SVR,0.19730649037603154,TEST,0.1149862900,0.2907355000
topo,7,CH,SYMMETRY,MLP,0.2476315173274768,TEST,0.1472442400,0.3305762400
topo,8,CH,ACTIVITY,MLR,0.05759513173099566,TEST,-0.0317235500,0.1116310300
topo,8,CH,ACTIVITY,RF,0.07403568633135757,TEST,0.0184004400,0.1495404600
topo,8,CH,ACTIVITY,SVR,0.0447951972954124,TEST,-0.0381633400,0.1092479700
topo,8,CH,ACTIVITY,MLP,0.03038505210033552,TEST,-0.3597354200,0.1730406100
topo,8,CH,GROWTH,MLR,0.32402724653593656,TEST,0.1584580400,0.4356610500
topo,8,CH,GROWTH,RF,0.21044245428028946,TEST,-0.0359438700,0.3289009200
topo,8,CH,GROWTH,SVR,0.3195478114610466,TEST,0.2152564800,0.4078116100
topo,8,CH,GROWTH,MLP,0.3109461034397075,TEST,0.1376173600,0.4647894800
topo,8,CH,SYMMETRY,MLR,0.2311984653252632,TEST,0.1211160400,0.3213812800
topo,8,CH,SYMMETRY,RF,0.13277186947031466,TEST,0.0398988400,0.2061441400
topo,8,CH,SYMMETRY,SVR,0.185495972342412,TEST,0.0472524200,0.3109486000
topo,8,CH,SYMMETRY,MLP,0.22241652879611565,TEST,0.1034443500,0.3296217500
topo,9,CH,ACTIVITY,MLR,0.060026127673906825,TEST,-0.0414805800,0.1251081200
topo,9,CH,ACTIVITY,RF,0.08083131787427224,TEST,0.0041138500,0.1504892700
topo,9,CH,ACTIVITY,SVR,0.05942397256964025,TEST,-0.0191903800,0.1405145400
topo,9,CH,ACTIVITY,MLP,0.005865648510733287,TEST,-0.2500210400,0.1657549900
topo,9,CH,GROWTH,MLR,0.35036186687353754,TEST,0.2575410400,0.4096230500
topo,9,CH,GROWTH,RF,0.21683926106065665,TEST,0.1199087600,0.3174328600
topo,9,CH,GROWTH,SVR,0.3519109321014252,TEST,0.2367203300,0.4398452500
topo,9,CH,GROWTH,MLP,0.3120405957607029,TEST,0.1640671400,0.4610135400
topo,9,CH,SYMMETRY,MLR,0.2586700474496049,TEST,0.0996667300,0.3788102900
topo,9,CH,SYMMETRY,RF,0.1514826595796444,TEST,0.1045894100,0.2112647000
topo,9,CH,SYMMETRY,SVR,0.19661596238241133,TEST,-0.2244212400,0.3955160800
topo,9,CH,SYMMETRY,MLP,0.2604112982449817,TEST,0.1512804000,0.3584896200
topo,10,CH,ACTIVITY,MLR,0.07644605713722816,TEST,0.0081149800,0.1377286500
topo,10,CH,ACTIVITY,RF,0.061016661845076564,TEST,-0.0415498200,0.1316692000
topo,10,CH,ACTIVITY,SVR,0.070789859864258,TEST,-0.0040894500,0.1562438100
topo,10,CH,ACTIVITY,MLP,0.04495093445613416,TEST,-0.1813764600,0.2121579200
topo,10,CH,GROWTH,MLR,0.3593005593348861,TEST,0.1742556200,0.4652820100
topo,10,CH,GROWTH,RF,0.2433464899812468,TEST,0.0844073600,0.3717489200
topo,10,CH,GROWTH,SVR,0.36127644509007495,TEST,0.2441021800,0.4436057300
topo,10,CH,GROWTH,MLP,0.33781632956409524,TEST,0.2043994100,0.4772196300
topo,10,CH,SYMMETRY,MLR,0.2752065899750761,TEST,0.1331786200,0.3490088000
topo,10,CH,SYMMETRY,RF,0.15577113415683716,TEST,0.0176452700,0.2676025800
topo,10,CH,SYMMETRY,SVR,0.25049388037054965,TEST,0.1337365900,0.3710378200
topo,10,CH,SYMMETRY,MLP,0.2614909589209095,TEST,0.1574244600,0.3939385200
topo,11,CH,ACTIVITY,MLR,0.0759868644791388,TEST,-0.0250827700,0.1192561100
topo,11,CH,ACTIVITY,RF,0.10079142897537367,TEST,0.0249746400,0.1607120600
topo,11,CH,ACTIVITY,SVR,0.10020908384505016,TEST,0.0095058900,0.2186593100
topo,11,CH,ACTIVITY,MLP,0.01276878111837756,TEST,-0.4633404300,0.1710084400
topo,11,CH,GROWTH,MLR,0.3869875902446869,TEST,0.2722068900,0.4574926500
topo,11,CH,GROWTH,RF,0.2761272853178096,TEST,0.1328057300,0.3750937500
topo,11,CH,GROWTH,SVR,0.4064210101218067,TEST,0.3363178600,0.4956579900
topo,11,CH,GROWTH,MLP,0.3981726165216079,TEST,0.2568843000,0.5431710400
topo,11,CH,SYMMETRY,MLR,0.3045546429324297,TEST,0.2056897700,0.3969676100
topo,11,CH,SYMMETRY,RF,0.1939736077428038,TEST,0.0756152800,0.2724144100
topo,11,CH,SYMMETRY,SVR,0.251702366512512,TEST,0.0666891300,0.3570782600
topo,11,CH,SYMMETRY,MLP,0.28353231732367684,TEST,0.1582271300,0.3995520100
topo,12,CH,ACTIVITY,MLR,0.11332256744089432,TEST,0.0249727100,0.1874987900
topo,12,CH,ACTIVITY,RF,0.11482708193080472,TEST,0.0423119100,0.1832593000
topo,12,CH,ACTIVITY,SVR,0.11914383849834916,TEST,0.0207531600,0.1878975200
topo,12,CH,ACTIVITY,MLP,0.031611007963722675,TEST,-0.2307910600,0.2400814600
topo,12,CH,GROWTH,MLR,0.4076619059227798,TEST,0.2447099300,0.5105422700
topo,12,CH,GROWTH,RF,0.29340221812918776,TEST,0.1905371000,0.3928599900
topo,12,CH,GROWTH,SVR,0.3968448810286008,TEST,0.2950492400,0.4775754500
topo,12,CH,GROWTH,MLP,0.4022921339788536,TEST,0.2843068500,0.4824684100
topo,12,CH,SYMMETRY,MLR,0.33609411309385623,TEST,0.2530530400,0.4168716800
topo,12,CH,SYMMETRY,RF,0.21194265540272195,TEST,0.1365904500,0.2930260000
topo,12,CH,SYMMETRY,SVR,0.2959163383287205,TEST,0.1535144600,0.4232704500
topo,12,CH,SYMMETRY,MLP,0.31126552138520197,TEST,0.2015032200,0.4394901000
topo,13,CH,ACTIVITY,MLR,0.1558262622531527,TEST,0.0213437200,0.2535933400
topo,13,CH,ACTIVITY,RF,0.11613294789568494,TEST,0.0324519300,0.1737487000
topo,13,CH,ACTIVITY,SVR,0.1493227238097276,TEST,0.0162527800,0.2352115700
topo,13,CH,ACTIVITY,MLP,0.09409750026165024,TEST,-0.1881463600,0.2486574400
topo,13,CH,GROWTH,MLR,0.4602121349789455,TEST,0.3315705700,0.5532475800
topo,13,CH,GROWTH,RF,0.3165449166160988,TEST,0.1823894000,0.4405411100
topo,13,CH,GROWTH,SVR,0.4433496133829161,TEST,0.3796832400,0.4977029500
topo,13,CH,GROWTH,MLP,0.44211865597467537,TEST,0.2805916800,0.5617117600
topo,13,CH,SYMMETRY,MLR,0.3349059484933727,TEST,0.2220399900,0.4294263400
topo,13,CH,SYMMETRY,RF,0.2464843565013305,TEST,0.1532364300,0.3354293800
topo,13,CH,SYMMETRY,SVR,0.3593577536985861,TEST,0.2370838300,0.4460353700
topo,13,CH,SYMMETRY,MLP,0.35506941633021505,TEST,0.2187192900,0.4692941400
topo,14,CH,ACTIVITY,MLR,0.15336882258407833,TEST,-0.0755907900,0.2489295300
topo,14,CH,ACTIVITY,RF,0.15163682344834492,TEST,0.0654765300,0.2111348700
topo,14,CH,ACTIVITY,SVR,0.1845334590543317,TEST,0.0863125400,0.3031076500
topo,14,CH,ACTIVITY,MLP,0.0962841429138464,TEST,-0.1236884000,0.2580150200
topo,14,CH,GROWTH,MLR,0.4624680594848988,TEST,0.3332127600,0.5921696200
topo,14,CH,GROWTH,RF,0.35526405220922,TEST,0.2518612400,0.4699317100
topo,14,CH,GROWTH,SVR,0.47328146018533507,TEST,0.3972311300,0.5144342500
topo,14,CH,GROWTH,MLP,0.2861846627057821,TEST,0.0715007900,0.5359060500
topo,14,CH,SYMMETRY,MLR,0.3892328694697147,TEST,0.2488111500,0.4790824100
topo,14,CH,SYMMETRY,RF,0.2429242825727854,TEST,0.1127129900,0.3632076200
topo,14,CH,SYMMETRY,SVR,0.3243536731224333,TEST,0.1607916700,0.4725264900
topo,14,CH,SYMMETRY,MLP,0.38929901260685984,TEST,0.2757226700,0.4862684200
topo,15,CH,ACTIVITY,MLR,0.11035961918510004,TEST,0.0631434700,0.1515989600
topo,15,CH,ACTIVITY,RF,0.1337646207700854,TEST,0.0605186100,0.2003451600
topo,15,CH,ACTIVITY,SVR,0.14576614101853722,TEST,0.0490433700,0.2429452100
topo,15,CH,ACTIVITY,MLP,0.14307389921850158,TEST,-0.0754596700,0.2841545700
topo,15,CH,GROWTH,MLR,0.5124305980957093,TEST,0.4073920700,0.5993486300
topo,15,CH,GROWTH,RF,0.40144989942474,TEST,0.3204208300,0.5138531500
topo,15,CH,GROWTH,SVR,0.4965144382734972,TEST,0.3538747700,0.5764044200
topo,15,CH,GROWTH,MLP,0.5515342985983871,TEST,0.3513418100,0.6479472200
topo,15,CH,SYMMETRY,MLR,0.4171469888672117,TEST,0.2909094600,0.5157784000
topo,15,CH,SYMMETRY,RF,0.2812364300660432,TEST,0.1668629100,0.3997934000
topo,15,CH,SYMMETRY,SVR,0.4012555728687321,TEST,0.2612071100,0.4880556100
topo,15,CH,SYMMETRY,MLP,0.42752913117830416,TEST,0.2736949500,0.5252640700
