feature,timepoint,context,response,model,R^2,set,se_lower,se_upper
topo,0,C,ACTIVITY,MLR,0.3525262139093478,TRAIN,0.34817160228889077,0.3568808255298048
topo,0,C,ACTIVITY,RF,0.458078159037188,TRAIN,0.45441201158979777,0.46174430648457826
topo,0,C,ACTIVITY,SVR,0.5037823380966943,TRAIN,0.5003857821123007,0.5071788940810878
topo,0,C,ACTIVITY,MLP,0.5310786795321326,TRAIN,0.5228829249882367,0.5392744340760285
topo,0,C,GROWTH,MLR,0.3698796080648166,TRAIN,0.3657746348855511,0.3739845812440821
topo,0,C,GROWTH,RF,0.4650672425885947,TRAIN,0.4610858426168724,0.46904864256031703
topo,0,C,GROWTH,SVR,0.4926684385657304,TRAIN,0.48696617275115983,0.49837070438030096
topo,0,C,GROWTH,MLP,0.4937648215054641,TRAIN,0.48956989110889676,0.4979597519020314
topo,0,C,SYMMETRY,MLR,0.07846062965564503,TRAIN,0.07570070062330073,0.08122055868798933
topo,0,C,SYMMETRY,RF,0.10213581746646776,TRAIN,0.09994895183624336,0.10432268309669215
topo,0,C,SYMMETRY,SVR,0.3253647932602272,TRAIN,0.32206605297447083,0.3286635335459836
topo,0,C,SYMMETRY,MLP,0.06539417171906249,TRAIN,0.05710175668218752,0.07368658675593746
topo,1,C,ACTIVITY,MLR,0.3665552081500975,TRAIN,0.3623783670898171,0.37073204921037795
topo,1,C,ACTIVITY,RF,0.3788387669133684,TRAIN,0.37446093472692416,0.3832165990998126
topo,1,C,ACTIVITY,SVR,0.4920726656763057,TRAIN,0.4864673614658279,0.4976779698867835
topo,1,C,ACTIVITY,MLP,0.5019257573830208,TRAIN,0.49723903718747653,0.5066124775785651
topo,1,C,GROWTH,MLR,0.3757069971007096,TRAIN,0.37153577599337045,0.37987821820804873
topo,1,C,GROWTH,RF,0.4518805526866476,TRAIN,0.4475354329174831,0.45622567245581214
topo,1,C,GROWTH,SVR,0.3929510338058109,TRAIN,0.38684275894395387,0.399059308667668
topo,1,C,GROWTH,MLP,0.4888222067783238,TRAIN,0.48099360635194766,0.4966508072046999
topo,1,C,SYMMETRY,MLR,0.0,TRAIN,0.0,0.0
topo,1,C,SYMMETRY,RF,0.2512622434916893,TRAIN,0.24966656887525285,0.25285791810812575
topo,1,C,SYMMETRY,SVR,0.3224082888197742,TRAIN,0.31876654242894104,0.3260500352106073
topo,1,C,SYMMETRY,MLP,0.018766251492519082,TRAIN,0.01597479781159066,0.021557705173447503
topo,2,C,ACTIVITY,MLR,0.4045697488394028,TRAIN,0.39916135662441526,0.4099781410543903
topo,2,C,ACTIVITY,RF,0.3687810622750055,TRAIN,0.3649757203431469,0.3725864042068641
topo,2,C,ACTIVITY,SVR,0.4949046526734685,TRAIN,0.4903757989026659,0.4994335064442711
topo,2,C,ACTIVITY,MLP,0.5171452568238679,TRAIN,0.5079156619414117,0.5263748517063241
topo,2,C,GROWTH,MLR,0.4232405565176591,TRAIN,0.41886104308873884,0.4276200699465793
topo,2,C,GROWTH,RF,0.3956099351149615,TRAIN,0.39090619349253264,0.4003136767373904
topo,2,C,GROWTH,SVR,0.3808122963611307,TRAIN,0.3750128583811242,0.38661173434113716
topo,2,C,GROWTH,MLP,0.4291520974331298,TRAIN,0.42355174207323243,0.4347524527930272
topo,2,C,SYMMETRY,MLR,0.015834807089208525,TRAIN,0.014377178974150483,0.017292435204266567
topo,2,C,SYMMETRY,RF,0.09304455141105164,TRAIN,0.09153731345940576,0.09455178936269752
topo,2,C,SYMMETRY,SVR,0.3291837081833824,TRAIN,0.32570666539157267,0.3326607509751921
topo,2,C,SYMMETRY,MLP,0.04193796503431576,TRAIN,0.03773301851425881,0.04614291155437271
topo,3,C,ACTIVITY,MLR,0.35806934708904353,TRAIN,0.35308202536462546,0.3630566688134616
topo,3,C,ACTIVITY,RF,0.3799301506040488,TRAIN,0.37472141282093585,0.3851388883871617
topo,3,C,ACTIVITY,SVR,0.4277412150357912,TRAIN,0.4232192527679881,0.4322631773035943
topo,3,C,ACTIVITY,MLP,0.5338846394346839,TRAIN,0.5273531655088373,0.5404161133605305
topo,3,C,GROWTH,MLR,0.36082248809897,TRAIN,0.356923116017979,0.364721860179961
topo,3,C,GROWTH,RF,0.5983174351311354,TRAIN,0.5947602518859595,0.6018746183763114
topo,3,C,GROWTH,SVR,0.4898425232366554,TRAIN,0.4852721989846824,0.4944128474886284
topo,3,C,GROWTH,MLP,0.4899688814300017,TRAIN,0.48288123566611413,0.4970565271938893
topo,3,C,SYMMETRY,MLR,0.0,TRAIN,0.0,0.0
topo,3,C,SYMMETRY,RF,0.26103715857856435,TRAIN,0.25935400365956907,0.26272031349755964
topo,3,C,SYMMETRY,SVR,0.3384914968313223,TRAIN,0.33484972934588536,0.3421332643167592
topo,3,C,SYMMETRY,MLP,0.01877731477738936,TRAIN,0.01595311185276458,0.021601517702014142
topo,4,C,ACTIVITY,MLR,0.3553770899079205,TRAIN,0.35166125950258614,0.35909292031325485
topo,4,C,ACTIVITY,RF,0.3826951381815481,TRAIN,0.3782397957662126,0.3871504805968836
topo,4,C,ACTIVITY,SVR,0.5073733591333609,TRAIN,0.5036922900676554,0.5110544281990664
topo,4,C,ACTIVITY,MLP,0.5094097957403682,TRAIN,0.5032972774428907,0.5155223140378457
topo,4,C,GROWTH,MLR,0.3852208399195111,TRAIN,0.38085333036566377,0.38958834947335846
topo,4,C,GROWTH,RF,0.5987549619597528,TRAIN,0.5948840276831138,0.6026258962363917
topo,4,C,GROWTH,SVR,0.497217305386149,TRAIN,0.49321278835589927,0.5012218224163988
topo,4,C,GROWTH,MLP,0.4197164108891813,TRAIN,0.4120529696717745,0.42737985210658813
topo,4,C,SYMMETRY,MLR,0.0,TRAIN,0.0,0.0
topo,4,C,SYMMETRY,RF,0.2645759478000403,TRAIN,0.2630694600463956,0.266082435553685
topo,4,C,SYMMETRY,SVR,0.334739957444615,TRAIN,0.330601510639962,0.33887840424926796
topo,4,C,SYMMETRY,MLP,0.08086836441152663,TRAIN,0.0688878711093585,0.09284885771369476
topo,5,C,ACTIVITY,MLR,0.3470118910567167,TRAIN,0.34402694111554655,0.34999684099788686
topo,5,C,ACTIVITY,RF,0.4008753961226364,TRAIN,0.39579323554984086,0.40595755669543193
topo,5,C,ACTIVITY,SVR,0.5144661527448999,TRAIN,0.5109676406951543,0.5179646647946455
topo,5,C,ACTIVITY,MLP,0.5167682827521289,TRAIN,0.5100594142996182,0.5234771512046397
topo,5,C,GROWTH,MLR,0.37813015777484826,TRAIN,0.37416463898901825,0.3820956765606783
topo,5,C,GROWTH,RF,0.4101964753623724,TRAIN,0.4069033362620725,0.41348961446267235
topo,5,C,GROWTH,SVR,0.5237112022294995,TRAIN,0.5181999765387815,0.5292224279202176
topo,5,C,GROWTH,MLP,0.4131779085792632,TRAIN,0.40799661749606975,0.4183591996624566
topo,5,C,SYMMETRY,MLR,0.09498012999010262,TRAIN,0.09086476219563563,0.09909549778456961
topo,5,C,SYMMETRY,RF,0.27327655524353844,TRAIN,0.27138121745631444,0.27517189303076245
topo,5,C,SYMMETRY,SVR,0.32227592259053234,TRAIN,0.3192031470977346,0.32534869808333006
topo,5,C,SYMMETRY,MLP,0.13153631842977548,TRAIN,0.11318210376660186,0.14989053309294909
topo,6,C,ACTIVITY,MLR,0.33195015685712104,TRAIN,0.32823670753088435,0.3356636061833577
topo,6,C,ACTIVITY,RF,0.4310843757631613,TRAIN,0.42697123698713174,0.4351975145391908
topo,6,C,ACTIVITY,SVR,0.3609303060835489,TRAIN,0.3553788167486275,0.36648179541847037
topo,6,C,ACTIVITY,MLP,0.5339359228547863,TRAIN,0.5281350731313111,0.5397367725782615
topo,6,C,GROWTH,MLR,0.5732278869380942,TRAIN,0.5691802194040109,0.5772755544721776
topo,6,C,GROWTH,RF,0.7198073812983367,TRAIN,0.7159720329520406,0.7236427296446327
topo,6,C,GROWTH,SVR,0.5763116384221079,TRAIN,0.5709214000926619,0.5817018767515538
topo,6,C,GROWTH,MLP,0.6180075553486569,TRAIN,0.6133351282940473,0.6226799824032665
topo,6,C,SYMMETRY,MLR,0.11369121146250863,TRAIN,0.11099232276367811,0.11639010016133915
topo,6,C,SYMMETRY,RF,0.302510052745312,TRAIN,0.2998994447355944,0.30512066075502964
topo,6,C,SYMMETRY,SVR,0.33715014466185506,TRAIN,0.3326241884736382,0.3416761008500719
topo,6,C,SYMMETRY,MLP,0.16118460531566645,TRAIN,0.14337797696398094,0.17899123366735195
topo,7,C,ACTIVITY,MLR,0.41058257189178027,TRAIN,0.4053288352832159,0.41583630850034464
topo,7,C,ACTIVITY,RF,0.4384732181109605,TRAIN,0.43382052877320243,0.4431259074487186
topo,7,C,ACTIVITY,SVR,0.3633440857791228,TRAIN,0.35830282354638976,0.36838534801185585
topo,7,C,ACTIVITY,MLP,0.5251525262710348,TRAIN,0.5184850348542814,0.5318200176877882
topo,7,C,GROWTH,MLR,0.6997805584221524,TRAIN,0.6962291879388618,0.7033319289054429
topo,7,C,GROWTH,RF,0.8697878767259161,TRAIN,0.8683081965056709,0.8712675569461612
topo,7,C,GROWTH,SVR,0.6960723326410551,TRAIN,0.6933741209076735,0.6987705443744366
topo,7,C,GROWTH,MLP,0.6969411473727923,TRAIN,0.6946926327143531,0.6991896620312316
topo,7,C,SYMMETRY,MLR,0.14341155302965086,TRAIN,0.1391678606767233,0.14765524538257843
topo,7,C,SYMMETRY,RF,0.2920862090719203,TRAIN,0.28937867231909475,0.2947937458247458
topo,7,C,SYMMETRY,SVR,0.36413585636432255,TRAIN,0.3599869913948866,0.3682847213337585
topo,7,C,SYMMETRY,MLP,0.12755095660674834,TRAIN,0.12379195629862348,0.1313099569148732
topo,8,C,ACTIVITY,MLR,0.4848518602866805,TRAIN,0.48133992953613614,0.4883637910372248
topo,8,C,ACTIVITY,RF,0.4263218359515915,TRAIN,0.4232447870557448,0.4293988848474382
topo,8,C,ACTIVITY,SVR,0.4476133090942203,TRAIN,0.4430102768367502,0.4522163413516904
topo,8,C,ACTIVITY,MLP,0.5644373242947479,TRAIN,0.5594183176243736,0.5694563309651223
topo,8,C,GROWTH,MLR,0.7134970498783189,TRAIN,0.7108883134834941,0.7161057862731436
topo,8,C,GROWTH,RF,0.7692057286886693,TRAIN,0.7665112121560526,0.7719002452212861
topo,8,C,GROWTH,SVR,0.7018133745448457,TRAIN,0.6985770837045061,0.7050496653851853
topo,8,C,GROWTH,MLP,0.7217597141205132,TRAIN,0.71860748695676,0.7249119412842664
topo,8,C,SYMMETRY,MLR,0.1366842325839338,TRAIN,0.13223659235566693,0.1411318728122007
topo,8,C,SYMMETRY,RF,0.29130571303566993,TRAIN,0.28895066583389173,0.29366076023744814
topo,8,C,SYMMETRY,SVR,0.3764414227318154,TRAIN,0.3729416558725241,0.37994118959110673
topo,8,C,SYMMETRY,MLP,0.14920784783425714,TRAIN,0.1415063234729475,0.15690937219556678
topo,9,C,ACTIVITY,MLR,0.4215011647920832,TRAIN,0.41752336237261795,0.4254789672115485
topo,9,C,ACTIVITY,RF,0.4316106209368985,TRAIN,0.42760729496405514,0.43561394690974187
topo,9,C,ACTIVITY,SVR,0.5420999932631779,TRAIN,0.5382059981673207,0.5459939883590351
topo,9,C,ACTIVITY,MLP,0.491516082713555,TRAIN,0.48745795055514507,0.49557421487196496
topo,9,C,GROWTH,MLR,0.7351450342082334,TRAIN,0.7330901525314785,0.7371999158849883
topo,9,C,GROWTH,RF,0.7654771984132898,TRAIN,0.7630543392542128,0.7679000575723667
topo,9,C,GROWTH,SVR,0.7164993663463981,TRAIN,0.7139617582453036,0.7190369744474926
topo,9,C,GROWTH,MLP,0.7278097339817229,TRAIN,0.7246563080385324,0.7309631599249133
topo,9,C,SYMMETRY,MLR,0.1236863708236216,TRAIN,0.12060823005487634,0.12676451159236687
topo,9,C,SYMMETRY,RF,0.2921058380211282,TRAIN,0.28958987628517024,0.2946217997570862
topo,9,C,SYMMETRY,SVR,0.3782881767534311,TRAIN,0.3743147627364058,0.38226159077045646
topo,9,C,SYMMETRY,MLP,0.14751175448574652,TRAIN,0.14303529029400935,0.1519882186774837
topo,10,C,ACTIVITY,MLR,0.4827494334578326,TRAIN,0.47864217729070707,0.48685668962495815
topo,10,C,ACTIVITY,RF,0.4361699775682748,TRAIN,0.4320453961414585,0.4402945589950911
topo,10,C,ACTIVITY,SVR,0.5626079237488771,TRAIN,0.5585579275179827,0.5666579199797716
topo,10,C,ACTIVITY,MLP,0.5777615551313031,TRAIN,0.573297094403297,0.5822260158593092
topo,10,C,GROWTH,MLR,0.5050164624729947,TRAIN,0.5011176851417739,0.5089152398042155
topo,10,C,GROWTH,RF,0.7603999052013625,TRAIN,0.7583225518551902,0.7624772585475348
topo,10,C,GROWTH,SVR,0.7932783821604731,TRAIN,0.7909087091618371,0.7956480551591091
topo,10,C,GROWTH,MLP,0.6806442825606882,TRAIN,0.6768237864075823,0.6844647787137941
topo,10,C,SYMMETRY,MLR,0.14690771505624858,TRAIN,0.14329271485772022,0.15052271525477695
topo,10,C,SYMMETRY,RF,0.30656376435757754,TRAIN,0.30432504237905855,0.3088024863360965
topo,10,C,SYMMETRY,SVR,0.3938635639803973,TRAIN,0.38948307829772555,0.39824404966306903
topo,10,C,SYMMETRY,MLP,0.163119134713431,TRAIN,0.1525710461040372,0.1736672233228248
topo,11,C,ACTIVITY,MLR,0.4043646077328856,TRAIN,0.40014284058001387,0.4085863748857573
topo,11,C,ACTIVITY,RF,0.4515408107035162,TRAIN,0.4476639039480534,0.455417717458979
topo,11,C,ACTIVITY,SVR,0.5622395641202114,TRAIN,0.5576788612116911,0.5668002670287317
topo,11,C,ACTIVITY,MLP,0.5983405080063144,TRAIN,0.5927121010263297,0.6039689149862992
topo,11,C,GROWTH,MLR,0.7286760803197871,TRAIN,0.7261266462246705,0.7312255144149038
topo,11,C,GROWTH,RF,0.7518626516639988,TRAIN,0.7492655745985686,0.754459728729429
topo,11,C,GROWTH,SVR,0.7161975865736563,TRAIN,0.7140571584590031,0.7183380146883095
topo,11,C,GROWTH,MLP,0.7234007510044071,TRAIN,0.7214601238399202,0.7253413781688941
topo,11,C,SYMMETRY,MLR,0.15379257778696773,TRAIN,0.15040640158291174,0.1571787539910237
topo,11,C,SYMMETRY,RF,0.21062199379389931,TRAIN,0.20766856689008723,0.2135754206977114
topo,11,C,SYMMETRY,SVR,0.3913220486215069,TRAIN,0.38619335323010107,0.3964507440129127
topo,11,C,SYMMETRY,MLP,0.18515841731455576,TRAIN,0.17883765882367594,0.19147917580543558
topo,12,C,ACTIVITY,MLR,0.4869243755414626,TRAIN,0.48196922115380086,0.49187952992912437
topo,12,C,ACTIVITY,RF,0.4735833539238577,TRAIN,0.4692104939990019,0.4779562138487135
topo,12,C,ACTIVITY,SVR,0.5043979729459763,TRAIN,0.497797655493284,0.5109982903986687
topo,12,C,ACTIVITY,MLP,0.5362588748382934,TRAIN,0.5322210754460145,0.5402966742305723
topo,12,C,GROWTH,MLR,0.41334873727399707,TRAIN,0.4085084718572384,0.41818900269075576
topo,12,C,GROWTH,RF,0.8515288234892568,TRAIN,0.8500979142467668,0.8529597327317469
topo,12,C,GROWTH,SVR,0.6961361933237258,TRAIN,0.6925963633262335,0.699676023321218
topo,12,C,GROWTH,MLP,0.7675587182948305,TRAIN,0.7610096463031641,0.7741077902864968
topo,12,C,SYMMETRY,MLR,0.18105636888436735,TRAIN,0.17652691124860553,0.18558582652012917
topo,12,C,SYMMETRY,RF,0.2792058442004473,TRAIN,0.2753597528686173,0.2830519355322773
topo,12,C,SYMMETRY,SVR,0.416522888768726,TRAIN,0.4110713232655821,0.4219744542718699
topo,12,C,SYMMETRY,MLP,0.2266157201401767,TRAIN,0.2202949868416764,0.232936453438677
topo,13,C,ACTIVITY,MLR,0.5796530607193975,TRAIN,0.5755818065803119,0.5837243148584831
topo,13,C,ACTIVITY,RF,0.5094621643331371,TRAIN,0.5053442104903553,0.5135801181759189
topo,13,C,ACTIVITY,SVR,0.5301295727878944,TRAIN,0.5245609403176661,0.5356982052581227
topo,13,C,ACTIVITY,MLP,0.579507341698422,TRAIN,0.5749437756234379,0.5840709077734061
topo,13,C,GROWTH,MLR,0.6033714130194114,TRAIN,0.6008820652988598,0.6058607607399631
topo,13,C,GROWTH,RF,0.7110492202414362,TRAIN,0.7085973653021966,0.7135010751806758
topo,13,C,GROWTH,SVR,0.6350184589262949,TRAIN,0.6318426127473016,0.6381943051052883
topo,13,C,GROWTH,MLP,0.7541287379066107,TRAIN,0.7505062152954313,0.7577512605177902
topo,13,C,SYMMETRY,MLR,0.2168801255249608,TRAIN,0.21335089888855852,0.2204093521613631
topo,13,C,SYMMETRY,RF,0.2853029198193455,TRAIN,0.2816087690288437,0.28899707060984736
topo,13,C,SYMMETRY,SVR,0.447461053617796,TRAIN,0.4428588664974821,0.4520632407381099
topo,13,C,SYMMETRY,MLP,0.2222778763331392,TRAIN,0.2154229876721557,0.2291327649941227
topo,14,C,ACTIVITY,MLR,0.5330781293689519,TRAIN,0.5283766336584634,0.5377796250794404
topo,14,C,ACTIVITY,RF,0.5355384071115553,TRAIN,0.531437556127473,0.5396392580956376
topo,14,C,ACTIVITY,SVR,0.5590575549867373,TRAIN,0.5543315635923562,0.5637835463811183
topo,14,C,ACTIVITY,MLP,0.646854551725751,TRAIN,0.6419678514306141,0.651741252020888
topo,14,C,GROWTH,MLR,0.6242860801592012,TRAIN,0.620864359848956,0.6277078004694463
topo,14,C,GROWTH,RF,0.6969712288759548,TRAIN,0.6942316552061379,0.6997108025457716
topo,14,C,GROWTH,SVR,0.6097073095563307,TRAIN,0.6065817438473289,0.6128328752653325
topo,14,C,GROWTH,MLP,0.661711900773092,TRAIN,0.6589836630571524,0.6644401384890317
topo,14,C,SYMMETRY,MLR,0.2093164223940172,TRAIN,0.20389492458393893,0.2147379202040955
topo,14,C,SYMMETRY,RF,0.29463893587709944,TRAIN,0.29114611322284967,0.2981317585313492
topo,14,C,SYMMETRY,SVR,0.4555430037647542,TRAIN,0.45087996560435295,0.46020604192515546
topo,14,C,SYMMETRY,MLP,0.22798949505207225,TRAIN,0.2230355407431542,0.2329434493609903
topo,15,C,ACTIVITY,MLR,0.7391638765144386,TRAIN,0.7357965642774991,0.7425311887513781
topo,15,C,ACTIVITY,RF,0.6656223205505643,TRAIN,0.6624120037065061,0.6688326373946224
topo,15,C,ACTIVITY,SVR,0.7113798169499589,TRAIN,0.708279239881168,0.7144803940187497
topo,15,C,ACTIVITY,MLP,0.7427621435492735,TRAIN,0.7400896324718221,0.7454346546267249
topo,15,C,GROWTH,MLR,0.6037170939447447,TRAIN,0.5997388101838216,0.6076953777056678
topo,15,C,GROWTH,RF,0.6876795216475018,TRAIN,0.6852811468051013,0.6900778964899023
topo,15,C,GROWTH,SVR,0.6077209352848852,TRAIN,0.6049132905203286,0.6105285800494419
topo,15,C,GROWTH,MLP,0.6416156726900102,TRAIN,0.6387596688135916,0.6444716765664288
topo,15,C,SYMMETRY,MLR,0.21224187393206556,TRAIN,0.2080902178002606,0.21639353006387052
topo,15,C,SYMMETRY,RF,0.30552803797481315,TRAIN,0.3022539839000794,0.3088020920495469
topo,15,C,SYMMETRY,SVR,0.4311082294553878,TRAIN,0.426679644858616,0.4355368140521596
topo,15,C,SYMMETRY,MLP,0.2200655493694687,TRAIN,0.21568919268339395,0.22444190605554346
topo,0,CH,ACTIVITY,MLR,0.19106001227590172,TRAIN,0.18606400414443489,0.19605602040736855
topo,0,CH,ACTIVITY,RF,0.16568289892385124,TRAIN,0.16298059414599986,0.16838520370170262
topo,0,CH,ACTIVITY,SVR,0.14536923096840554,TRAIN,0.13909595259991042,0.15164250933690065
topo,0,CH,ACTIVITY,MLP,0.2624078804525776,TRAIN,0.23981666638900423,0.284999094516151
topo,0,CH,GROWTH,MLR,0.3334406265821512,TRAIN,0.3276093018629903,0.33927195130131205
topo,0,CH,GROWTH,RF,0.2658541236155744,TRAIN,0.26053925090104235,0.2711689963301065
topo,0,CH,GROWTH,SVR,0.34254108275954104,TRAIN,0.33518470977104625,0.3498974557480358
topo,0,CH,GROWTH,MLP,0.4357491118591459,TRAIN,0.42901912932512987,0.4424790943931619
topo,0,CH,SYMMETRY,MLR,0.22306456287067364,TRAIN,0.21903507381814738,0.2270940519231999
topo,0,CH,SYMMETRY,RF,0.31925877898932753,TRAIN,0.31656512118713664,0.3219524367915184
topo,0,CH,SYMMETRY,SVR,0.2751107658098747,TRAIN,0.2700239458651954,0.280197585754554
topo,0,CH,SYMMETRY,MLP,0.2756654323593616,TRAIN,0.2707632116116741,0.28056765310704906
topo,1,CH,ACTIVITY,MLR,0.19191362253683525,TRAIN,0.18734504690338946,0.19648219817028104
topo,1,CH,ACTIVITY,RF,0.16873823456778012,TRAIN,0.16470332739311652,0.1727731417424437
topo,1,CH,ACTIVITY,SVR,0.2680182985295301,TRAIN,0.26084286061769846,0.2751937364413617
topo,1,CH,ACTIVITY,MLP,0.1945918166553701,TRAIN,0.17844788292450317,0.21073575038623701
topo,1,CH,GROWTH,MLR,0.3841363684537336,TRAIN,0.3789335250206535,0.3893392118868137
topo,1,CH,GROWTH,RF,0.7099597842983307,TRAIN,0.7075640405094364,0.712355528087225
topo,1,CH,GROWTH,SVR,0.3700406772776638,TRAIN,0.3636655786369257,0.3764157759184019
topo,1,CH,GROWTH,MLP,0.6268709531516525,TRAIN,0.6165124417649932,0.6372294645383119
topo,1,CH,SYMMETRY,MLR,0.2988972297609358,TRAIN,0.29431313129309955,0.30348132822877205
topo,1,CH,SYMMETRY,RF,0.2328006615466552,TRAIN,0.22872425719445966,0.23687706589885077
topo,1,CH,SYMMETRY,SVR,0.26135239249708553,TRAIN,0.2567795568627182,0.26592522813145286
topo,1,CH,SYMMETRY,MLP,0.2875693164040717,TRAIN,0.28232413857779415,0.2928144942303492
topo,2,CH,ACTIVITY,MLR,0.22598177161578376,TRAIN,0.22057922178406966,0.23138432144749785
topo,2,CH,ACTIVITY,RF,0.27728060138524785,TRAIN,0.27431664397524264,0.28024455879525306
topo,2,CH,ACTIVITY,SVR,0.1629827570283067,TRAIN,0.1570648966227201,0.16890061743389329
topo,2,CH,ACTIVITY,MLP,0.30297827230176705,TRAIN,0.27308053900018386,0.33287600560335023
topo,2,CH,GROWTH,MLR,0.35017211531214465,TRAIN,0.34383244747729375,0.35651178314699555
topo,2,CH,GROWTH,RF,0.3063213832351951,TRAIN,0.30139281072200536,0.3112499557483848
topo,2,CH,GROWTH,SVR,0.3628272844344266,TRAIN,0.3555726083781382,0.37008196049071496
topo,2,CH,GROWTH,MLP,0.5983571516036166,TRAIN,0.5927744288874093,0.6039398743198239
topo,2,CH,SYMMETRY,MLR,0.2487316709231927,TRAIN,0.24459061917609612,0.25287272267028926
topo,2,CH,SYMMETRY,RF,0.243390829701403,TRAIN,0.24126693012429667,0.2455147292785093
topo,2,CH,SYMMETRY,SVR,0.3688303242144633,TRAIN,0.36498604073824603,0.3726746076906806
topo,2,CH,SYMMETRY,MLP,0.2973661842609962,TRAIN,0.2841747930152878,0.3105575755067046
topo,3,CH,ACTIVITY,MLR,0.12972317841474662,TRAIN,0.1254772693719315,0.13396908745756175
topo,3,CH,ACTIVITY,RF,0.2018348488734771,TRAIN,0.19896967488956996,0.20470002285738426
topo,3,CH,ACTIVITY,SVR,0.16094128845838634,TRAIN,0.15574638310950417,0.16613619380726852
topo,3,CH,ACTIVITY,MLP,0.2540517551012045,TRAIN,0.23586216235757732,0.27224134784483167
topo,3,CH,GROWTH,MLR,0.4406546386979825,TRAIN,0.43648868703985955,0.44482059035610544
topo,3,CH,GROWTH,RF,0.2923603653305057,TRAIN,0.2877725590288494,0.296948171632162
topo,3,CH,GROWTH,SVR,0.41503650620659066,TRAIN,0.4083498498723204,0.4217231625408609
topo,3,CH,GROWTH,MLP,0.4688873709794929,TRAIN,0.46463412471938487,0.47314061723960094
topo,3,CH,SYMMETRY,MLR,0.3761535988619492,TRAIN,0.37122188484780094,0.3810853128760975
topo,3,CH,SYMMETRY,RF,0.342902238020954,TRAIN,0.33989257193159633,0.34591190411031164
topo,3,CH,SYMMETRY,SVR,0.3614022984146393,TRAIN,0.3570395309533003,0.36576506587597823
topo,3,CH,SYMMETRY,MLP,0.3520929974181337,TRAIN,0.34759126270982044,0.356594732126447
topo,4,CH,ACTIVITY,MLR,0.1447110980008695,TRAIN,0.14030258561048878,0.14911961039125024
topo,4,CH,ACTIVITY,RF,0.14899950291146954,TRAIN,0.14626283483265118,0.1517361709902879
topo,4,CH,ACTIVITY,SVR,0.22029031363953866,TRAIN,0.21587525579295297,0.22470537148612435
topo,4,CH,ACTIVITY,MLP,0.2514815466303557,TRAIN,0.22666841408623614,0.27629467917447526
topo,4,CH,GROWTH,MLR,0.43119821288988597,TRAIN,0.4256783103101008,0.43671811546967115
topo,4,CH,GROWTH,RF,0.3188601077785809,TRAIN,0.31444086068892846,0.3232793548682334
topo,4,CH,GROWTH,SVR,0.4310869236958085,TRAIN,0.4242064378718145,0.43796740951980245
topo,4,CH,GROWTH,MLP,0.4913553706895422,TRAIN,0.48695322410022335,0.4957575172788611
topo,4,CH,SYMMETRY,MLR,0.3266017766015769,TRAIN,0.3220296840360947,0.3311738691670591
topo,4,CH,SYMMETRY,RF,0.2893272138957821,TRAIN,0.28634619643386416,0.2923082313577
topo,4,CH,SYMMETRY,SVR,0.3877991864525183,TRAIN,0.3836381821903078,0.3919601907147288
topo,4,CH,SYMMETRY,MLP,0.35954938193837904,TRAIN,0.35431213662125866,0.36478662725549943
topo,5,CH,ACTIVITY,MLR,0.1222972036774254,TRAIN,0.11707309857210137,0.12752130878274945
topo,5,CH,ACTIVITY,RF,0.2829558332337893,TRAIN,0.2798326111236895,0.2860790553438891
topo,5,CH,ACTIVITY,SVR,0.19670000081393052,TRAIN,0.19216800727401642,0.20123199435384462
topo,5,CH,ACTIVITY,MLP,0.2586973044946302,TRAIN,0.23805149836812417,0.2793431106211362
topo,5,CH,GROWTH,MLR,0.4473042592323411,TRAIN,0.4428456588729044,0.45176285959177775
topo,5,CH,GROWTH,RF,0.5524071537006734,TRAIN,0.5482538235438517,0.5565604838574951
topo,5,CH,GROWTH,SVR,0.4012557800733951,TRAIN,0.3953650384959496,0.40714652165084053
topo,5,CH,GROWTH,MLP,0.6285580226043661,TRAIN,0.6216015978671378,0.6355144473415945
topo,5,CH,SYMMETRY,MLR,0.28562078057261936,TRAIN,0.2818992779631361,0.28934228318210264
topo,5,CH,SYMMETRY,RF,0.2772279282098297,TRAIN,0.2736808133917855,0.2807750430278739
topo,5,CH,SYMMETRY,SVR,0.5091808619400859,TRAIN,0.5052002304567306,0.5131614934234413
topo,5,CH,SYMMETRY,MLP,0.2994413732732281,TRAIN,0.2937678376019114,0.30511490894454485
topo,6,CH,ACTIVITY,MLR,0.2077184699855404,TRAIN,0.20242212020469663,0.21301481976638414
topo,6,CH,ACTIVITY,RF,0.1482079547546441,TRAIN,0.1453417251776118,0.1510741843316764
topo,6,CH,ACTIVITY,SVR,0.15491033474727087,TRAIN,0.14900275459892387,0.16081791489561786
topo,6,CH,ACTIVITY,MLP,0.2329077428089226,TRAIN,0.21634160771355737,0.24947387790428782
topo,6,CH,GROWTH,MLR,0.4763132311799306,TRAIN,0.4716685229736805,0.48095793938618064
topo,6,CH,GROWTH,RF,0.3886078593654868,TRAIN,0.3856896784931996,0.39152604023777404
topo,6,CH,GROWTH,SVR,0.4570190798699348,TRAIN,0.45080880555864944,0.46322935418122013
topo,6,CH,GROWTH,MLP,0.5870382726844617,TRAIN,0.5750002344504053,0.5990763109185182
topo,6,CH,SYMMETRY,MLR,0.32431692218717995,TRAIN,0.3199680907805271,0.32866575359383277
topo,6,CH,SYMMETRY,RF,0.35845103192101724,TRAIN,0.35508681349292875,0.3618152503491057
topo,6,CH,SYMMETRY,SVR,0.39448512839805455,TRAIN,0.3891799565602435,0.3997903002358656
topo,6,CH,SYMMETRY,MLP,0.35592111934335685,TRAIN,0.34982493757140865,0.36201730111530506
topo,7,CH,ACTIVITY,MLR,0.09445498995575606,TRAIN,0.08975039072603616,0.09915958918547596
topo,7,CH,ACTIVITY,RF,0.20180881128350064,TRAIN,0.1988324702844521,0.20478515228254918
topo,7,CH,ACTIVITY,SVR,0.15221687734767833,TRAIN,0.14776056354828823,0.15667319114706843
topo,7,CH,ACTIVITY,MLP,0.3756100190480949,TRAIN,0.34731232803080436,0.4039077100653854
topo,7,CH,GROWTH,MLR,0.4814251612718248,TRAIN,0.476576260311269,0.48627406223238057
topo,7,CH,GROWTH,RF,0.3241717774258702,TRAIN,0.3191938797697042,0.32914967508203624
topo,7,CH,GROWTH,SVR,0.4687591702157212,TRAIN,0.4639186985225077,0.4735996419089347
topo,7,CH,GROWTH,MLP,0.6691140354323579,TRAIN,0.6592346577640043,0.6789934131007116
topo,7,CH,SYMMETRY,MLR,0.3568716487948814,TRAIN,0.35225035667112176,0.3614929409186411
topo,7,CH,SYMMETRY,RF,0.3602187018360184,TRAIN,0.3580439045524472,0.36239349911958957
topo,7,CH,SYMMETRY,SVR,0.5393351984698906,TRAIN,0.5356963668137379,0.5429740301260434
topo,7,CH,SYMMETRY,MLP,0.3975502840164025,TRAIN,0.38890188244593354,0.4061986855868715
topo,8,CH,ACTIVITY,MLR,0.12649002525622274,TRAIN,0.12197030399984012,0.13100974651260536
topo,8,CH,ACTIVITY,RF,0.17091559189064615,TRAIN,0.1674424067865261,0.17438877699476618
topo,8,CH,ACTIVITY,SVR,0.1937350828849732,TRAIN,0.1894284853497665,0.19804168042017992
topo,8,CH,ACTIVITY,MLP,0.27561607057510057,TRAIN,0.25272560665920996,0.2985065344909912
topo,8,CH,GROWTH,MLR,0.4576618590704083,TRAIN,0.4529171147578179,0.4624066033829987
topo,8,CH,GROWTH,RF,0.5574245025222375,TRAIN,0.5524890119165728,0.5623599931279022
topo,8,CH,GROWTH,SVR,0.4759620594914128,TRAIN,0.4709505895715056,0.48097352941132
topo,8,CH,GROWTH,MLP,0.6703773038550794,TRAIN,0.6619331080435965,0.6788214996665624
topo,8,CH,SYMMETRY,MLR,0.3475836491546415,TRAIN,0.34253190429281943,0.3526353940164636
topo,8,CH,SYMMETRY,RF,0.28313647137968145,TRAIN,0.2796672808854268,0.2866056618739361
topo,8,CH,SYMMETRY,SVR,0.4157649659741981,TRAIN,0.4110662997293018,0.4204636322190944
topo,8,CH,SYMMETRY,MLP,0.36577272338993533,TRAIN,0.36158323227959455,0.3699622145002761
topo,9,CH,ACTIVITY,MLR,0.1449058141521772,TRAIN,0.14084488223489897,0.14896674606945545
topo,9,CH,ACTIVITY,RF,0.29582068434984005,TRAIN,0.2927745156363357,0.2988668530633444
topo,9,CH,ACTIVITY,SVR,0.21082435823885307,TRAIN,0.2069076930925971,0.21474102338510903
topo,9,CH,ACTIVITY,MLP,0.3965910865520157,TRAIN,0.3694686571994098,0.4237135159046216
topo,9,CH,GROWTH,MLR,0.5074309710350524,TRAIN,0.5034552682010874,0.5114066738690174
topo,9,CH,GROWTH,RF,0.5661022522527762,TRAIN,0.5606062260474646,0.5715982784580879
topo,9,CH,GROWTH,SVR,0.48900857092159994,TRAIN,0.4844456817415517,0.49357146010164815
topo,9,CH,GROWTH,MLP,0.6997349744632534,TRAIN,0.6922684182399674,0.7072015306865393
topo,9,CH,SYMMETRY,MLR,0.3826070960362715,TRAIN,0.37800365146683,0.387210540605713
topo,9,CH,SYMMETRY,RF,0.2993874388650212,TRAIN,0.2965370621276589,0.30223781560238355
topo,9,CH,SYMMETRY,SVR,0.4454090886872967,TRAIN,0.4416470244701293,0.449171152904464
topo,9,CH,SYMMETRY,MLP,0.4199530022577431,TRAIN,0.41383475634229605,0.4260712481731902
topo,10,CH,ACTIVITY,MLR,0.12862287538762024,TRAIN,0.12415621376225146,0.133089537012989
topo,10,CH,ACTIVITY,RF,0.20252691209136534,TRAIN,0.20005370878755696,0.2050001153951737
topo,10,CH,ACTIVITY,SVR,0.19239146256024492,TRAIN,0.1880425693547701,0.19674035576571974
topo,10,CH,ACTIVITY,MLP,0.3219086227242356,TRAIN,0.3165024664583415,0.3273147789901297
topo,10,CH,GROWTH,MLR,0.5253453848882926,TRAIN,0.520930223334698,0.5297605464418873
topo,10,CH,GROWTH,RF,0.7531149817375059,TRAIN,0.749567258212767,0.7566627052622448
topo,10,CH,GROWTH,SVR,0.5113811682341441,TRAIN,0.5076928650743905,0.5150694713938978
topo,10,CH,GROWTH,MLP,0.7146966081145082,TRAIN,0.7094728335797896,0.7199203826492268
topo,10,CH,SYMMETRY,MLR,0.3865130679709463,TRAIN,0.38184911903980623,0.3911770169020864
topo,10,CH,SYMMETRY,RF,0.7655009838496308,TRAIN,0.7633363330684788,0.7676656346307829
topo,10,CH,SYMMETRY,SVR,0.4230322350774125,TRAIN,0.41918762637046253,0.42687684378436247
topo,10,CH,SYMMETRY,MLP,0.4456210535347317,TRAIN,0.440965855397471,0.45027625167199237
topo,11,CH,ACTIVITY,MLR,0.13648722294385224,TRAIN,0.13143438618091477,0.1415400597067897
topo,11,CH,ACTIVITY,RF,0.30433174629586496,TRAIN,0.302226022929624,0.3064374696621059
topo,11,CH,ACTIVITY,SVR,0.2125420200166208,TRAIN,0.20756483119239658,0.217519208840845
topo,11,CH,ACTIVITY,MLP,0.3797772370962164,TRAIN,0.3582267296914505,0.40132774450098235
topo,11,CH,GROWTH,MLR,0.5568031694276476,TRAIN,0.5538593366730378,0.5597470021822575
topo,11,CH,GROWTH,RF,0.7561817578694722,TRAIN,0.7527968881088118,0.7595666276301325
topo,11,CH,GROWTH,SVR,0.5326923684421901,TRAIN,0.528155890766185,0.5372288461181953
topo,11,CH,GROWTH,MLP,0.6944408008826304,TRAIN,0.6903399477164678,0.698541654048793
topo,11,CH,SYMMETRY,MLR,0.4016112171910977,TRAIN,0.39751697686627857,0.40570545751591686
topo,11,CH,SYMMETRY,RF,0.5791198746007705,TRAIN,0.5753321035866852,0.5829076456148559
topo,11,CH,SYMMETRY,SVR,0.4432295375161613,TRAIN,0.4380457301420019,0.4484133448903207
topo,11,CH,SYMMETRY,MLP,0.4808754334357453,TRAIN,0.4767873673421717,0.4849634995293189
topo,12,CH,ACTIVITY,MLR,0.16839436934193855,TRAIN,0.16283769668825573,0.17395104199562136
topo,12,CH,ACTIVITY,RF,0.23562567208484506,TRAIN,0.2326812344655097,0.2385701097041804
topo,12,CH,ACTIVITY,SVR,0.18378410517060212,TRAIN,0.17813757578060893,0.1894306345605953
topo,12,CH,ACTIVITY,MLP,0.4676603490372594,TRAIN,0.44365854626387935,0.49166215181063944
topo,12,CH,GROWTH,MLR,0.557516129214587,TRAIN,0.5534035101260514,0.5616287483031227
topo,12,CH,GROWTH,RF,0.6055872516506232,TRAIN,0.6020269103292291,0.6091475929720174
topo,12,CH,GROWTH,SVR,0.5416721186480057,TRAIN,0.5373399952142911,0.5460042420817203
topo,12,CH,GROWTH,MLP,0.6025771094106095,TRAIN,0.5985391579049752,0.6066150609162437
topo,12,CH,SYMMETRY,MLR,0.4238393395596984,TRAIN,0.4189946928950117,0.4286839862243851
topo,12,CH,SYMMETRY,RF,0.3441815788693473,TRAIN,0.3401638293472025,0.3481993283914921
topo,12,CH,SYMMETRY,SVR,0.4684517358210234,TRAIN,0.4646024964202198,0.472300975221827
topo,12,CH,SYMMETRY,MLP,0.4954786739366407,TRAIN,0.4917323042567844,0.499225043616497
topo,13,CH,ACTIVITY,MLR,0.2890617255170701,TRAIN,0.28358773648509283,0.29453571454904737
topo,13,CH,ACTIVITY,RF,0.1934333644423188,TRAIN,0.18965893084846974,0.19720779803616784
topo,13,CH,ACTIVITY,SVR,0.23431652324151284,TRAIN,0.22929567062345066,0.239337375859575
topo,13,CH,ACTIVITY,MLP,0.4329662326691983,TRAIN,0.41034228579551457,0.45559017954288206
topo,13,CH,GROWTH,MLR,0.5795193787670202,TRAIN,0.5759815429733416,0.5830572145606988
topo,13,CH,GROWTH,RF,0.6192374516365154,TRAIN,0.6154086211550587,0.6230662821179722
topo,13,CH,GROWTH,SVR,0.5536047843603401,TRAIN,0.5495534355219228,0.5576561331987574
topo,13,CH,GROWTH,MLP,0.7383943645840191,TRAIN,0.7340163388151764,0.7427723903528618
topo,13,CH,SYMMETRY,MLR,0.5229171498280359,TRAIN,0.5187568656084783,0.5270774340475936
topo,13,CH,SYMMETRY,RF,0.4463420510204909,TRAIN,0.44251187744719794,0.45017222459378387
topo,13,CH,SYMMETRY,SVR,0.4735574691313553,TRAIN,0.4699151834559694,0.47719975480674126
topo,13,CH,SYMMETRY,MLP,0.5133966398837188,TRAIN,0.5090175898004483,0.5177756899669892
topo,14,CH,ACTIVITY,MLR,0.28352805634716904,TRAIN,0.27786308929223197,0.2891930234021061
topo,14,CH,ACTIVITY,RF,0.2352731419108255,TRAIN,0.23101463624632035,0.23953164757533063
topo,14,CH,ACTIVITY,SVR,0.27028680984211656,TRAIN,0.26528802179571626,0.27528559788851686
topo,14,CH,ACTIVITY,MLP,0.503733352606999,TRAIN,0.4872168438680454,0.5202498613459526
topo,14,CH,GROWTH,MLR,0.5950039781120019,TRAIN,0.5914443275730765,0.5985636286509273
topo,14,CH,GROWTH,RF,0.6364677615313455,TRAIN,0.6325530157498186,0.6403825073128725
topo,14,CH,GROWTH,SVR,0.5805299397446582,TRAIN,0.577560775317325,0.5834991041719914
topo,14,CH,GROWTH,MLP,0.9623678904974636,TRAIN,0.9615972783666478,0.9631385026282795
topo,14,CH,SYMMETRY,MLR,0.4754172267131279,TRAIN,0.4709156057305821,0.4799188476956737
topo,14,CH,SYMMETRY,RF,0.6140283474493444,TRAIN,0.6106572335034749,0.617399461395214
topo,14,CH,SYMMETRY,SVR,0.536919997614761,TRAIN,0.5321743710384997,0.5416656241910222
topo,14,CH,SYMMETRY,MLP,0.5342403089060402,TRAIN,0.5298388867333121,0.5386417310787683
topo,15,CH,ACTIVITY,MLR,0.12179552107504445,TRAIN,0.11763423531986913,0.12595680683021976
topo,15,CH,ACTIVITY,RF,0.2208741259110072,TRAIN,0.21793216380838606,0.22381608801362832
topo,15,CH,ACTIVITY,SVR,0.22071596430967785,TRAIN,0.21493748959320097,0.22649443902615474
topo,15,CH,ACTIVITY,MLP,0.493020014225792,TRAIN,0.4829000372186786,0.5031399912329054
topo,15,CH,GROWTH,MLR,0.5793928207151333,TRAIN,0.5760204609488113,0.5827651804814553
topo,15,CH,GROWTH,RF,0.7922630700336744,TRAIN,0.7895502102062113,0.7949759298611374
topo,15,CH,GROWTH,SVR,0.613066992362434,TRAIN,0.6084013350106418,0.6177326497142263
topo,15,CH,GROWTH,MLP,0.8991288071443334,TRAIN,0.8974829369192137,0.9007746773694532
topo,15,CH,SYMMETRY,MLR,0.5128604196478056,TRAIN,0.5079030801796794,0.5178177591159318
topo,15,CH,SYMMETRY,RF,0.7903587530072198,TRAIN,0.7884114018449465,0.7923061041694931
topo,15,CH,SYMMETRY,SVR,0.5553360740702629,TRAIN,0.551326112393701,0.5593460357468247
topo,15,CH,SYMMETRY,MLP,0.5643691650102235,TRAIN,0.5610469553322811,0.5676913746881659
topo,0,C,ACTIVITY,MLR,0.2227408091040884,TEST,0.21269888511918605,0.23278273308899072
topo,0,C,ACTIVITY,RF,0.2408088144144684,TEST,0.22958857887138026,0.2520290499575565
topo,0,C,ACTIVITY,SVR,0.2435189483395725,TEST,0.23419485839363155,0.2528430382855134
topo,0,C,ACTIVITY,MLP,0.19867962807116016,TEST,0.1828377004249498,0.21452155571737053
topo,0,C,GROWTH,MLR,0.1646427600427102,TEST,0.09183120804566139,0.237454312039759
topo,0,C,GROWTH,RF,0.2734704905853609,TEST,0.2605999856764888,0.286340995494233
topo,0,C,GROWTH,SVR,0.258096113783636,TEST,0.24264250937390022,0.2735497181933718
topo,0,C,GROWTH,MLP,0.23439838388590464,TEST,0.22466019590411246,0.24413657186769683
topo,0,C,SYMMETRY,MLR,-0.01445288168950566,TEST,-0.022800608082231746,-0.006105155296779574
topo,0,C,SYMMETRY,RF,-0.003438751599854536,TEST,-0.008150973542525364,0.0012734703428162915
topo,0,C,SYMMETRY,SVR,-0.04858804077515695,TEST,-0.060388141867810406,-0.0367879396825035
topo,0,C,SYMMETRY,MLP,-0.037762303010249715,TEST,-0.04873580213237965,-0.02678880388811978
topo,1,C,ACTIVITY,MLR,0.22749690638615425,TEST,0.2169415240237736,0.2380522887485349
topo,1,C,ACTIVITY,RF,0.2605844886760332,TEST,0.2496239504341137,0.2715450269179527
topo,1,C,ACTIVITY,SVR,0.22786544932665495,TEST,0.21407028436085432,0.24166061429245558
topo,1,C,ACTIVITY,MLP,0.2008022907398972,TEST,0.18884588587311324,0.21275869560668115
topo,1,C,GROWTH,MLR,0.2463088199123603,TEST,0.23660609800822133,0.2560115418164993
topo,1,C,GROWTH,RF,0.26617316297912863,TEST,0.2530635431160909,0.27928278284216634
topo,1,C,GROWTH,SVR,0.2685485451619103,TEST,0.254563628979836,0.2825334613439846
topo,1,C,GROWTH,MLP,0.21085895130563684,TEST,0.19854326111514178,0.2231746414961319
topo,1,C,SYMMETRY,MLR,-0.006769464327772249,TEST,-0.00843589112152198,-0.005103037534022518
topo,1,C,SYMMETRY,RF,-0.005617434318691476,TEST,-0.011064959595767908,-0.00016990904161504408
topo,1,C,SYMMETRY,SVR,-0.08567765824811634,TEST,-0.09519008210984574,-0.07616523438638693
topo,1,C,SYMMETRY,MLP,-0.00761204014290467,TEST,-0.011401461374321622,-0.003822618911487718
topo,2,C,ACTIVITY,MLR,0.19385112241933306,TEST,0.18031541272044327,0.20738683211822284
topo,2,C,ACTIVITY,RF,0.2640420299956542,TEST,0.25275889530062146,0.2753251646906869
topo,2,C,ACTIVITY,SVR,0.2284337412444196,TEST,0.21638484550627266,0.24048263698256653
topo,2,C,ACTIVITY,MLP,0.1975069267854972,TEST,0.18244282949946147,0.21257102407153292
topo,2,C,GROWTH,MLR,0.2142593842366491,TEST,0.20354381044455871,0.22497495802873946
topo,2,C,GROWTH,RF,0.21553283051540456,TEST,0.20472170624285863,0.2263439547879505
topo,2,C,GROWTH,SVR,0.1993491438024458,TEST,0.18191966043865257,0.21677862716623905
topo,2,C,GROWTH,MLP,0.16681470981098714,TEST,0.1516902491959564,0.1819391704260179
topo,2,C,SYMMETRY,MLR,-0.008788528754875383,TEST,-0.011116489498921477,-0.006460568010829289
topo,2,C,SYMMETRY,RF,-0.0006906294843500545,TEST,-0.005569320895822672,0.004188061927122563
topo,2,C,SYMMETRY,SVR,-0.08255768609535329,TEST,-0.0923145892861057,-0.07280078290460087
topo,2,C,SYMMETRY,MLP,-0.027953093964054505,TEST,-0.03446657595863559,-0.021439611969473422
topo,3,C,ACTIVITY,MLR,0.20059426022248208,TEST,0.18684065524242935,0.21434786520253482
topo,3,C,ACTIVITY,RF,0.2609466889369971,TEST,0.24664779786357052,0.2752455800104236
topo,3,C,ACTIVITY,SVR,0.22749189404999826,TEST,0.21283878786296387,0.24214500023703264
topo,3,C,ACTIVITY,MLP,0.1997061628212224,TEST,0.18794613189720927,0.2114661937452355
topo,3,C,GROWTH,MLR,0.21119525908793196,TEST,0.20126439438507335,0.22112612379079058
topo,3,C,GROWTH,RF,0.21994712947671105,TEST,0.208487079665381,0.2314071792880411
topo,3,C,GROWTH,SVR,0.23791313424494964,TEST,0.22227075268301322,0.25355551580688607
topo,3,C,GROWTH,MLP,0.19807706802956426,TEST,0.18537700495758647,0.21077713110154206
topo,3,C,SYMMETRY,MLR,-0.007337390314904561,TEST,-0.008866254305754443,-0.005808526324054679
topo,3,C,SYMMETRY,RF,-0.0015756660157521677,TEST,-0.006325469018122988,0.0031741369866186524
topo,3,C,SYMMETRY,SVR,-0.07123441702132828,TEST,-0.08176392251935848,-0.060704911523298086
topo,3,C,SYMMETRY,MLP,-0.014852852659327516,TEST,-0.019459657782591046,-0.010246047536063986
topo,4,C,ACTIVITY,MLR,0.207616831049056,TEST,0.1985200711613664,0.2167135909367456
topo,4,C,ACTIVITY,RF,0.2696530240322061,TEST,0.2594510962788546,0.2798549517855576
topo,4,C,ACTIVITY,SVR,0.2221378595385301,TEST,0.21223087884439612,0.23204484023266408
topo,4,C,ACTIVITY,MLP,0.1894789564969958,TEST,0.17616823682269883,0.2027896761712928
topo,4,C,GROWTH,MLR,0.2806583814412635,TEST,0.269375114917342,0.29194164796518496
topo,4,C,GROWTH,RF,0.2718930786167887,TEST,0.26179021724866863,0.28199593998490874
topo,4,C,GROWTH,SVR,0.23894541779751555,TEST,0.2274076697951046,0.2504831657999265
topo,4,C,GROWTH,MLP,0.2733605495874277,TEST,0.25952645241529193,0.2871946467595635
topo,4,C,SYMMETRY,MLR,-0.012727625582453831,TEST,-0.016020713045052273,-0.009434538119855389
topo,4,C,SYMMETRY,RF,0.00820812057867339,TEST,0.003187327739659412,0.013228913417687367
topo,4,C,SYMMETRY,SVR,-0.04008511415655172,TEST,-0.05165897770437235,-0.028511250608731095
topo,4,C,SYMMETRY,MLP,-0.05070211194616519,TEST,-0.06274141749401163,-0.03866280639831874
topo,5,C,ACTIVITY,MLR,0.22639923697801695,TEST,0.21847077928324407,0.23432769467278983
topo,5,C,ACTIVITY,RF,0.2710526295922872,TEST,0.2545221656179811,0.28758309356659334
topo,5,C,ACTIVITY,SVR,0.2473162261269811,TEST,0.23577531775238825,0.25885713450157394
topo,5,C,ACTIVITY,MLP,0.222869124633736,TEST,0.2120918429329243,0.23364640633454772
topo,5,C,GROWTH,MLR,0.2770463212822853,TEST,0.26539131147686856,0.288701331087702
topo,5,C,GROWTH,RF,0.2815663472764689,TEST,0.27270467902845646,0.29042801552448133
topo,5,C,GROWTH,SVR,0.27379379446461644,TEST,0.25827475335055866,0.2893128355786742
topo,5,C,GROWTH,MLP,0.29233942241328337,TEST,0.28098873563078847,0.30369010919577827
topo,5,C,SYMMETRY,MLR,-0.01804024253616064,TEST,-0.027462053361864747,-0.008618431710456537
topo,5,C,SYMMETRY,RF,0.017745070607550237,TEST,0.012401699766989339,0.023088441448111136
topo,5,C,SYMMETRY,SVR,-0.040254690946048166,TEST,-0.051477612162474595,-0.029031769729621737
topo,5,C,SYMMETRY,MLP,-0.07808572224222624,TEST,-0.1079397578763557,-0.04823168660809678
topo,6,C,ACTIVITY,MLR,0.2679069989329945,TEST,0.25917123766713823,0.2766427601988508
topo,6,C,ACTIVITY,RF,0.3255130251648184,TEST,0.3140396293304178,0.336986420999219
topo,6,C,ACTIVITY,SVR,0.2528097871892334,TEST,0.23504399279640753,0.2705755815820593
topo,6,C,ACTIVITY,MLP,0.2018079325487479,TEST,0.1860031503977409,0.2176127146997549
topo,6,C,GROWTH,MLR,0.4945572924094245,TEST,0.47953633057504164,0.5095782542438073
topo,6,C,GROWTH,RF,0.4421499346597088,TEST,0.43059537793504005,0.4537044913843776
topo,6,C,GROWTH,SVR,0.41848683483823096,TEST,0.3898315951366737,0.4471420745397882
topo,6,C,GROWTH,MLP,0.4562229174432913,TEST,0.44328434371466235,0.46916149117192024
topo,6,C,SYMMETRY,MLR,0.02495120223568788,TEST,0.018904787730712903,0.03099761674066286
topo,6,C,SYMMETRY,RF,0.032535839199123354,TEST,0.025768703264082145,0.039302975134164565
topo,6,C,SYMMETRY,SVR,-0.037040481434684136,TEST,-0.04857197561358443,-0.025508987255783842
topo,6,C,SYMMETRY,MLP,-0.03331459553575823,TEST,-0.047016352125007294,-0.01961283894650917
topo,7,C,ACTIVITY,MLR,0.26609650412606256,TEST,0.25204844809795274,0.2801445601541724
topo,7,C,ACTIVITY,RF,0.2710565526169898,TEST,0.2592891921220218,0.2828239131119578
topo,7,C,ACTIVITY,SVR,0.26556793321409905,TEST,0.2516555040910439,0.2794803623371542
topo,7,C,ACTIVITY,MLP,0.2569766473348733,TEST,0.24523508674800812,0.26871820792173845
topo,7,C,GROWTH,MLR,0.5785352560136029,TEST,0.5611834886050325,0.5958870234221733
topo,7,C,GROWTH,RF,0.5537074166040364,TEST,0.5442304105418451,0.5631844226662278
topo,7,C,GROWTH,SVR,0.5741302566299349,TEST,0.5659955120279377,0.582265001231932
topo,7,C,GROWTH,MLP,0.5874453875459038,TEST,0.5806582470821011,0.5942325280097065
topo,7,C,SYMMETRY,MLR,0.024858302696100832,TEST,0.016965680409257437,0.03275092498294423
topo,7,C,SYMMETRY,RF,0.0445875816490562,TEST,0.038263052024013575,0.05091211127409882
topo,7,C,SYMMETRY,SVR,-0.007007668324666675,TEST,-0.016448442981460205,0.0024331063321268564
topo,7,C,SYMMETRY,MLP,0.0363252092617029,TEST,0.02654278033380343,0.04610763818960237
topo,8,C,ACTIVITY,MLR,0.2833692737134425,TEST,0.27352674225905615,0.29321180516782885
topo,8,C,ACTIVITY,RF,0.3361474542156528,TEST,0.32798940672767163,0.34430550170363394
topo,8,C,ACTIVITY,SVR,0.3033114019185553,TEST,0.2890431806015844,0.31757962323552624
topo,8,C,ACTIVITY,MLP,0.27094456265936273,TEST,0.25715039148333924,0.2847387338353862
topo,8,C,GROWTH,MLR,0.5061716768376787,TEST,0.4546655584089647,0.5576777952663927
topo,8,C,GROWTH,RF,0.5340337699559161,TEST,0.5253961723863659,0.5426713675254663
topo,8,C,GROWTH,SVR,0.42433191048309205,TEST,0.31938393206766835,0.5292798888985157
topo,8,C,GROWTH,MLP,0.44093696457304815,TEST,0.33097282946999396,0.5509010996761023
topo,8,C,SYMMETRY,MLR,0.02535676258357705,TEST,0.012844249371654685,0.03786927579549941
topo,8,C,SYMMETRY,RF,0.05720876085291075,TEST,0.051491988485551136,0.06292553322027036
topo,8,C,SYMMETRY,SVR,-0.05339465061803742,TEST,-0.06432152670458383,-0.04246777453149102
topo,8,C,SYMMETRY,MLP,0.0009702781094960256,TEST,-0.011108006342347924,0.013048562561339974
topo,9,C,ACTIVITY,MLR,0.2821328716073431,TEST,0.2698432355233294,0.29442250769135686
topo,9,C,ACTIVITY,RF,0.3418120618481809,TEST,0.331496786679894,0.3521273370164678
topo,9,C,ACTIVITY,SVR,0.3146881141502729,TEST,0.3011207830180491,0.3282554452824967
topo,9,C,ACTIVITY,MLP,0.2555357645126954,TEST,0.2429476421181277,0.2681238869072631
topo,9,C,GROWTH,MLR,0.6203167399534384,TEST,0.6136013214629886,0.6270321584438882
topo,9,C,GROWTH,RF,0.5419244950072841,TEST,0.5327991972654053,0.551049792749163
topo,9,C,GROWTH,SVR,0.6222840491627923,TEST,0.613987562920702,0.6305805354048827
topo,9,C,GROWTH,MLP,0.6250265030036942,TEST,0.6149815532841008,0.6350714527232877
topo,9,C,SYMMETRY,MLR,0.052146566968054864,TEST,0.04566382844410818,0.05862930549200155
topo,9,C,SYMMETRY,RF,0.07169328049219775,TEST,0.06625033527387877,0.07713622571051673
topo,9,C,SYMMETRY,SVR,-0.010892693725052464,TEST,-0.020797913697700128,-0.0009874737524048008
topo,9,C,SYMMETRY,MLP,0.03695479215566901,TEST,0.02767038451063289,0.046239199800705136
topo,10,C,ACTIVITY,MLR,0.285472751152374,TEST,0.27208502645499527,0.2988604758497528
topo,10,C,ACTIVITY,RF,0.3128661008579869,TEST,0.3032132643063297,0.32251893740964405
topo,10,C,ACTIVITY,SVR,0.3248521075161863,TEST,0.3113080792768237,0.33839613575554894
topo,10,C,ACTIVITY,MLP,0.3011518176464327,TEST,0.2879381775197778,0.31436545777308755
topo,10,C,GROWTH,MLR,0.4558102682291772,TEST,0.4472538971223119,0.4643666393360425
topo,10,C,GROWTH,RF,0.5266235752513463,TEST,0.5195214928245424,0.5337256576781502
topo,10,C,GROWTH,SVR,0.5451516223587966,TEST,0.5365616933506815,0.5537415513669116
topo,10,C,GROWTH,MLP,0.577928012212147,TEST,0.5689565940361503,0.5868994303881436
topo,10,C,SYMMETRY,MLR,0.055319591642804415,TEST,0.04612270788918172,0.0645164753964271
topo,10,C,SYMMETRY,RF,0.06191898714560622,TEST,0.05605740208535476,0.06778057220585769
topo,10,C,SYMMETRY,SVR,-0.010123983218175566,TEST,-0.023325455482497606,0.0030774890461464748
topo,10,C,SYMMETRY,MLP,0.02526993549442428,TEST,0.012302921137486631,0.03823694985136193
topo,11,C,ACTIVITY,MLR,0.31320490145793595,TEST,0.30398862442526764,0.32242117849060425
topo,11,C,ACTIVITY,RF,0.3071110367090436,TEST,0.2969463171146377,0.3172757563034495
topo,11,C,ACTIVITY,SVR,0.3606985556459345,TEST,0.3476421580282535,0.3737549532636155
topo,11,C,ACTIVITY,MLP,0.3152447965361987,TEST,0.3051441241240967,0.3253454689483007
topo,11,C,GROWTH,MLR,0.6142690709524473,TEST,0.6055648386174941,0.6229733032874005
topo,11,C,GROWTH,RF,0.5118915150409296,TEST,0.5036658497024781,0.520117180379381
topo,11,C,GROWTH,SVR,0.6123551231315134,TEST,0.6059266730289927,0.6187835732340341
topo,11,C,GROWTH,MLP,0.6249077986983952,TEST,0.6191047559698881,0.6307108414269023
topo,11,C,SYMMETRY,MLR,0.06265785729441373,TEST,0.05536686428820191,0.06994885030062555
topo,11,C,SYMMETRY,RF,0.05315441250885597,TEST,0.047595805449560796,0.05871301956815114
topo,11,C,SYMMETRY,SVR,0.009202410867877398,TEST,-0.003203795870039961,0.021608617605794758
topo,11,C,SYMMETRY,MLP,0.029626199055077275,TEST,0.01697240569123666,0.04227999241891789
topo,12,C,ACTIVITY,MLR,0.3620999082279896,TEST,0.3514094398191746,0.3727903766368046
topo,12,C,ACTIVITY,RF,0.3365684778870353,TEST,0.32362283171470435,0.34951412405936627
topo,12,C,ACTIVITY,SVR,0.2728225003420306,TEST,0.24017974237737297,0.30546525830668825
topo,12,C,ACTIVITY,MLP,0.33017919196726875,TEST,0.31893310550994436,0.34142527842459314
topo,12,C,GROWTH,MLR,0.3473140327835463,TEST,0.3389255596880457,0.35570250587904684
topo,12,C,GROWTH,RF,0.4543218980950693,TEST,0.44593759234234803,0.46270620384779054
topo,12,C,GROWTH,SVR,0.4606047718250618,TEST,0.4510986987586798,0.47011084489144384
topo,12,C,GROWTH,MLP,0.4884107115327172,TEST,0.4765679912040031,0.5002534318614312
topo,12,C,SYMMETRY,MLR,0.12829595587520246,TEST,0.11891883244488612,0.1376730793055188
topo,12,C,SYMMETRY,RF,0.1191594396029791,TEST,0.10969474128798773,0.12862413791797048
topo,12,C,SYMMETRY,SVR,0.02328357850240929,TEST,0.009064394350671747,0.037502762654146836
topo,12,C,SYMMETRY,MLP,0.0936774304671003,TEST,0.08276689032093171,0.10458797061326888
topo,13,C,ACTIVITY,MLR,0.4078132005386363,TEST,0.396037615720951,0.4195887853563216
topo,13,C,ACTIVITY,RF,0.3770679017879144,TEST,0.3650016738687409,0.3891341297070879
topo,13,C,ACTIVITY,SVR,0.40504660982166857,TEST,0.38906293745907283,0.4210302821842643
topo,13,C,ACTIVITY,MLP,0.4167379350326072,TEST,0.40267903583484255,0.43079683423037185
topo,13,C,GROWTH,MLR,0.5115109515634126,TEST,0.5014741272379737,0.5215477758888516
topo,13,C,GROWTH,RF,0.4086012556053423,TEST,0.40094386787715874,0.4162586433335258
topo,13,C,GROWTH,SVR,0.4372639810242222,TEST,0.41952939771964387,0.45499856432880054
topo,13,C,GROWTH,MLP,0.4476235578568649,TEST,0.4338866107968854,0.46136050491684444
topo,13,C,SYMMETRY,MLR,0.11886166440032032,TEST,0.11058312480884586,0.1271402039917948
topo,13,C,SYMMETRY,RF,0.1357169818383945,TEST,0.12611289212450374,0.14532107155228527
topo,13,C,SYMMETRY,SVR,0.05122444318582877,TEST,0.036787999110187104,0.06566088726147044
topo,13,C,SYMMETRY,MLP,0.13858069703106676,TEST,0.12747950286225804,0.1496818911998755
topo,14,C,ACTIVITY,MLR,0.4786027791943262,TEST,0.46692235792438475,0.49028320046426765
topo,14,C,ACTIVITY,RF,0.4309638880207742,TEST,0.41967618420023145,0.4422515918413169
topo,14,C,ACTIVITY,SVR,0.4829334104263028,TEST,0.4695834698325285,0.49628335102007703
topo,14,C,ACTIVITY,MLP,0.4463578176715133,TEST,0.4344592082680575,0.45825642707496905
topo,14,C,GROWTH,MLR,0.42394275507622736,TEST,0.3801906158198872,0.4676948943325675
topo,14,C,GROWTH,RF,0.4194830549485988,TEST,0.4094178397758,0.42954827012139757
topo,14,C,GROWTH,SVR,0.39096210961009503,TEST,0.331182696629076,0.45074152259111405
topo,14,C,GROWTH,MLP,0.3822061262557448,TEST,0.3439639755815888,0.4204482769299008
topo,14,C,SYMMETRY,MLR,0.1493778733305859,TEST,0.1381256721148646,0.16063007454630718
topo,14,C,SYMMETRY,RF,0.1417957488360699,TEST,0.13510466417989933,0.14848683349224048
topo,14,C,SYMMETRY,SVR,0.10458968119175567,TEST,0.091739544619098,0.11743981776441334
topo,14,C,SYMMETRY,MLP,0.15108131870656855,TEST,0.1408922736875772,0.1612703637255599
topo,15,C,ACTIVITY,MLR,0.6297178891330564,TEST,0.6203326884468838,0.6391030898192289
topo,15,C,ACTIVITY,RF,0.5434177505591985,TEST,0.5339976273582018,0.5528378737601952
topo,15,C,ACTIVITY,SVR,0.6518828053232031,TEST,0.6434219864140714,0.6603436242323347
topo,15,C,ACTIVITY,MLP,0.6198986082204361,TEST,0.611711251540499,0.6280859649003732
topo,15,C,GROWTH,MLR,0.4537533496716738,TEST,0.4378223361352824,0.4696843632080652
topo,15,C,GROWTH,RF,0.41271853567730893,TEST,0.40239163322527044,0.4230454381293474
topo,15,C,GROWTH,SVR,0.4016570673848079,TEST,0.3805107423931264,0.4228033923764894
topo,15,C,GROWTH,MLP,0.458059236971741,TEST,0.4437652571825187,0.4723532167609633
topo,15,C,SYMMETRY,MLR,0.1579170985278425,TEST,0.14950537665407923,0.16632882040160576
topo,15,C,SYMMETRY,RF,0.14059355477017066,TEST,0.13343940792469472,0.1477477016156466
topo,15,C,SYMMETRY,SVR,0.07424172490993497,TEST,0.05796574046785727,0.09051770935201267
topo,15,C,SYMMETRY,MLP,0.16769352190869358,TEST,0.15763457072655745,0.1777524730908297
topo,0,CH,ACTIVITY,MLR,0.042857319695684834,TEST,0.03190093014857963,0.05381370924279004
topo,0,CH,ACTIVITY,RF,0.06224685542862761,TEST,0.054947812434270535,0.06954589842298468
topo,0,CH,ACTIVITY,SVR,0.05149444070030939,TEST,0.0403374746669617,0.06265140673365709
topo,0,CH,ACTIVITY,MLP,-0.01335165003144483,TEST,-0.03575831231277079,0.009055012249881129
topo,0,CH,GROWTH,MLR,0.21029099795348555,TEST,0.19783551178752487,0.22274648411944623
topo,0,CH,GROWTH,RF,0.16051309142932033,TEST,0.1518773340646221,0.16914884879401856
topo,0,CH,GROWTH,SVR,0.19176833652916214,TEST,0.17118700136810572,0.21234967169021857
topo,0,CH,GROWTH,MLP,0.16293729825601316,TEST,0.1346599175575113,0.19121467895451502
topo,0,CH,SYMMETRY,MLR,0.10553958431061164,TEST,0.0891753097673566,0.12190385885386668
topo,0,CH,SYMMETRY,RF,0.0802156855023868,TEST,0.07209777231957468,0.08833359868519891
topo,0,CH,SYMMETRY,SVR,-0.26582946812404945,TEST,-0.4827701091350407,-0.0488888271130582
topo,0,CH,SYMMETRY,MLP,0.059428776487815124,TEST,0.042716290456068964,0.07614126251956128
topo,1,CH,ACTIVITY,MLR,0.042960646393632375,TEST,0.032070167236582674,0.053851125550682076
topo,1,CH,ACTIVITY,RF,0.06620610635356479,TEST,0.054881654562327686,0.07753055814480189
topo,1,CH,ACTIVITY,SVR,-0.05391574878994165,TEST,-0.0740048772169922,-0.03382662036289111
topo,1,CH,ACTIVITY,MLP,0.045153141735622584,TEST,0.03230326422935571,0.058003019241889456
topo,1,CH,GROWTH,MLR,0.16747087586683224,TEST,0.1503960693155752,0.18454568241808927
topo,1,CH,GROWTH,RF,0.18061357758453192,TEST,0.16635983437038507,0.19486732079867877
topo,1,CH,GROWTH,SVR,0.15731789913217095,TEST,0.13608488916265507,0.17855090910168683
topo,1,CH,GROWTH,MLP,0.16701128663762066,TEST,0.15013099563366167,0.18389157764157965
topo,1,CH,SYMMETRY,MLR,0.031620013110259144,TEST,0.018558880620551714,0.044681145599966575
topo,1,CH,SYMMETRY,RF,0.08100225692377036,TEST,0.07241882857206156,0.08958568527547917
topo,1,CH,SYMMETRY,SVR,0.023882849889691183,TEST,0.006996399069850938,0.04076930070953143
topo,1,CH,SYMMETRY,MLP,0.0502361394302897,TEST,0.03646145465828,0.0640108242022994
topo,2,CH,ACTIVITY,MLR,0.06368614377093246,TEST,0.04668165308493959,0.08069063445692533
topo,2,CH,ACTIVITY,RF,0.07883207656619637,TEST,0.07068828790574044,0.0869758652266523
topo,2,CH,ACTIVITY,SVR,0.027978140820026046,TEST,0.018035909613921985,0.037920372026130106
topo,2,CH,ACTIVITY,MLP,-0.008182597196119745,TEST,-0.041551203794706386,0.025186009402466895
topo,2,CH,GROWTH,MLR,0.24814955397359426,TEST,0.23148596251118425,0.26481314543600426
topo,2,CH,GROWTH,RF,0.17761510947313364,TEST,0.16667268210458175,0.18855753684168552
topo,2,CH,GROWTH,SVR,0.2247498917192993,TEST,0.2089244242610624,0.2405753591775362
topo,2,CH,GROWTH,MLP,0.19242855646922788,TEST,0.1672709614875796,0.21758615145087615
topo,2,CH,SYMMETRY,MLR,0.12017646151396905,TEST,0.11022204443144504,0.13013087859649305
topo,2,CH,SYMMETRY,RF,0.10766274942685966,TEST,0.10081999828499916,0.11450550056872016
topo,2,CH,SYMMETRY,SVR,0.08536444745898693,TEST,0.07127736429391007,0.09945153062406378
topo,2,CH,SYMMETRY,MLP,0.10919600972342304,TEST,0.09469665283805036,0.12369536660879572
topo,3,CH,ACTIVITY,MLR,0.0643049145368823,TEST,0.05575380417601546,0.07285602489774912
topo,3,CH,ACTIVITY,RF,0.07943540083698282,TEST,0.07412471487710354,0.0847460867968621
topo,3,CH,ACTIVITY,SVR,0.01735046540988721,TEST,-0.012873420188103623,0.047574351007878046
topo,3,CH,ACTIVITY,MLP,0.04727435951818505,TEST,0.01944551971363102,0.07510319932273908
topo,3,CH,GROWTH,MLR,0.2722703978209779,TEST,0.2630275824981619,0.2815132131437939
topo,3,CH,GROWTH,RF,0.16156123399270275,TEST,0.15463402598006978,0.16848844200533572
topo,3,CH,GROWTH,SVR,0.16460473485797658,TEST,0.11712607459708899,0.21208339511886418
topo,3,CH,GROWTH,MLP,0.1419102444851445,TEST,0.10999814295401181,0.1738223460162772
topo,3,CH,SYMMETRY,MLR,0.05595460260003201,TEST,0.009300420650096897,0.10260878454996712
topo,3,CH,SYMMETRY,RF,0.10721192841861096,TEST,0.09914230821873722,0.1152815486184847
topo,3,CH,SYMMETRY,SVR,-0.03284181884500607,TEST,-0.08985757968001543,0.0241739419900033
topo,3,CH,SYMMETRY,MLP,0.018857052069818026,TEST,-0.04382629151350595,0.081540395653142
topo,4,CH,ACTIVITY,MLR,0.07244496379752605,TEST,0.06412028534295204,0.08076964225210005
topo,4,CH,ACTIVITY,RF,0.047431175800636834,TEST,0.042484719414748066,0.0523776321865256
topo,4,CH,ACTIVITY,SVR,0.031519905672279414,TEST,0.019140287204021406,0.043899524140537424
topo,4,CH,ACTIVITY,MLP,0.007355293338655719,TEST,-0.028374704770349993,0.043085291447661433
topo,4,CH,GROWTH,MLR,0.28705058835212394,TEST,0.2726634781073114,0.3014376985969365
topo,4,CH,GROWTH,RF,0.179712049184843,TEST,0.17080377330010843,0.18862032506957754
topo,4,CH,GROWTH,SVR,0.2658543533844051,TEST,0.25344235330097753,0.2782663534678327
topo,4,CH,GROWTH,MLP,0.22897747686920064,TEST,0.21123607755644255,0.24671887618195873
topo,4,CH,SYMMETRY,MLR,0.18877083809574832,TEST,0.17646308362185104,0.2010785925696456
topo,4,CH,SYMMETRY,RF,0.12767032626571598,TEST,0.1174681457916729,0.13787250673975907
topo,4,CH,SYMMETRY,SVR,0.1377151624692325,TEST,0.1246094576030238,0.15082086733544117
topo,4,CH,SYMMETRY,MLP,0.19339844736473394,TEST,0.18280842251521576,0.20398847221425212
topo,5,CH,ACTIVITY,MLR,0.05814986724783711,TEST,0.05100611673162491,0.06529361776404931
topo,5,CH,ACTIVITY,RF,0.06056367284667751,TEST,0.05227414757192883,0.06885319812142619
topo,5,CH,ACTIVITY,SVR,0.060772953456608166,TEST,0.05267178354400456,0.06887412336921177
topo,5,CH,ACTIVITY,MLP,0.004106705211664622,TEST,-0.032428318066236764,0.040641728489566
topo,5,CH,GROWTH,MLR,0.27964913578339684,TEST,0.26114503577727893,0.29815323578951475
topo,5,CH,GROWTH,RF,0.21357478352278825,TEST,0.2052770025206233,0.2218725645249532
topo,5,CH,GROWTH,SVR,0.14888781483652228,TEST,0.0867021184610241,0.21107351121202045
topo,5,CH,GROWTH,MLP,0.27776348820182456,TEST,0.26420555014329544,0.2913214262603537
topo,5,CH,SYMMETRY,MLR,0.20120274559363188,TEST,0.192872852930871,0.20953263825639276
topo,5,CH,SYMMETRY,RF,0.10755289059505352,TEST,0.09813642219837643,0.11696935899173061
topo,5,CH,SYMMETRY,SVR,0.15128822119977206,TEST,0.1409116283772055,0.16166481402233862
topo,5,CH,SYMMETRY,MLP,0.18212993410260173,TEST,0.17308468652777406,0.1911751816774294
topo,6,CH,ACTIVITY,MLR,0.0599097192027984,TEST,0.046504442536628846,0.07331499586896796
topo,6,CH,ACTIVITY,RF,0.07763703336658982,TEST,0.07268883498004379,0.08258523175313585
topo,6,CH,ACTIVITY,SVR,0.04675574541055833,TEST,0.03587687985929079,0.05763461096182587
topo,6,CH,ACTIVITY,MLP,0.062084536890368865,TEST,0.03679143910237896,0.08737763467835877
topo,6,CH,GROWTH,MLR,0.31896191945028024,TEST,0.30451615166302487,0.3334076872375356
topo,6,CH,GROWTH,RF,0.18117849237345732,TEST,0.17444308719385418,0.18791389755306045
topo,6,CH,GROWTH,SVR,0.28493927815064074,TEST,0.27434054946458164,0.29553800683669984
topo,6,CH,GROWTH,MLP,0.2793409685307596,TEST,0.2531069986806888,0.30557493838083044
topo,6,CH,SYMMETRY,MLR,0.2415195129010595,TEST,0.23086184481597188,0.2521771809861471
topo,6,CH,SYMMETRY,RF,0.12981113066264746,TEST,0.12275424620591381,0.1368680151193811
topo,6,CH,SYMMETRY,SVR,0.1584953555479004,TEST,0.1409123075945681,0.1760784035012327
topo,6,CH,SYMMETRY,MLP,0.21706014968453874,TEST,0.20296904487755496,0.23115125449152252
topo,7,CH,ACTIVITY,MLR,0.0511811376327602,TEST,0.04582309569181204,0.05653917957370836
topo,7,CH,ACTIVITY,RF,0.07116833349967698,TEST,0.06512662293549198,0.07721004406386198
topo,7,CH,ACTIVITY,SVR,0.043804514263533205,TEST,0.034718815121056026,0.05289021340601038
topo,7,CH,ACTIVITY,MLP,-0.03703095089382013,TEST,-0.06182786451350159,-0.012234037274138666
topo,7,CH,GROWTH,MLR,0.3436768481516215,TEST,0.3306587890999977,0.35669490720324526
topo,7,CH,GROWTH,RF,0.1836534841932167,TEST,0.17541253378322047,0.19189443460321293
topo,7,CH,GROWTH,SVR,0.3213887011101606,TEST,0.3093936347826058,0.3333837674377154
topo,7,CH,GROWTH,MLP,0.2480654038758479,TEST,0.23131576925708092,0.2648150384946149
topo,7,CH,SYMMETRY,MLR,0.22274844472523656,TEST,0.21150502004473604,0.23399186940573707
topo,7,CH,SYMMETRY,RF,0.13785184609703746,TEST,0.1318569694189183,0.14384672277515662
topo,7,CH,SYMMETRY,SVR,0.1772789194333861,TEST,0.16687540374791018,0.18768243511886204
topo,7,CH,SYMMETRY,MLP,0.2430373789612637,TEST,0.2327001410312354,0.253374616891292
topo,8,CH,ACTIVITY,MLR,0.0610126788779477,TEST,0.05511945617409847,0.06690590158179693
topo,8,CH,ACTIVITY,RF,0.05643685933959317,TEST,0.04952576045328516,0.06334795822590118
topo,8,CH,ACTIVITY,SVR,0.045011685477392885,TEST,0.037277079087941006,0.05274629186684476
topo,8,CH,ACTIVITY,MLP,0.021862119064959117,TEST,-0.009153210350903988,0.05287744848082222
topo,8,CH,GROWTH,MLR,0.35928461600766765,TEST,0.34300299633346926,0.37556623568186603
topo,8,CH,GROWTH,RF,0.22007906761163448,TEST,0.20803117616974823,0.23212695905352074
topo,8,CH,GROWTH,SVR,0.32281661980382204,TEST,0.31389306275707096,0.3317401768505731
topo,8,CH,GROWTH,MLP,0.27726282530563284,TEST,0.2555115654312102,0.2990140851800555
topo,8,CH,SYMMETRY,MLR,0.2269567598007725,TEST,0.21686043299108063,0.2370530866104644
topo,8,CH,SYMMETRY,RF,0.1412416244714124,TEST,0.13231419668893196,0.15016905225389282
topo,8,CH,SYMMETRY,SVR,0.191632749593662,TEST,0.1781294573120305,0.2051360418752935
topo,8,CH,SYMMETRY,MLP,0.2385136511773263,TEST,0.22961110732988696,0.24741619502476567
topo,9,CH,ACTIVITY,MLR,0.06917207221954702,TEST,0.061386640161777195,0.07695750427731685
topo,9,CH,ACTIVITY,RF,0.08153664890384689,TEST,0.07472656635167788,0.0883467314560159
topo,9,CH,ACTIVITY,SVR,0.05718800349589152,TEST,0.05103562411001167,0.06334038288177138
topo,9,CH,ACTIVITY,MLP,0.00047901723401759435,TEST,-0.024697353434782597,0.025655387902817788
topo,9,CH,GROWTH,MLR,0.3517182307032835,TEST,0.3366794554883154,0.3667570059182516
topo,9,CH,GROWTH,RF,0.247147677106129,TEST,0.23394598228639754,0.2603493719258605
topo,9,CH,GROWTH,SVR,0.3584782883264366,TEST,0.3495361084929633,0.36742046815990986
topo,9,CH,GROWTH,MLP,0.3316018416782436,TEST,0.31596353759180607,0.3472401457646811
topo,9,CH,SYMMETRY,MLR,0.23847828871644025,TEST,0.2254145012188754,0.2515420762140051
topo,9,CH,SYMMETRY,RF,0.15506190308687304,TEST,0.14814509194860268,0.1619787142251434
topo,9,CH,SYMMETRY,SVR,0.2117222531872255,TEST,0.1956124951348231,0.22783201123962793
topo,9,CH,SYMMETRY,MLP,0.24389825151905603,TEST,0.23142256528692798,0.2563739377511841
topo,10,CH,ACTIVITY,MLR,0.0854143352016604,TEST,0.07860318465826557,0.09222548574505524
topo,10,CH,ACTIVITY,RF,0.07283859093140706,TEST,0.06605041261484296,0.07962676924797116
topo,10,CH,ACTIVITY,SVR,0.08194795434038568,TEST,0.07247279816248935,0.09142311051828202
topo,10,CH,ACTIVITY,MLP,0.02105141641100517,TEST,-0.00027755233281603897,0.04238038515482638
topo,10,CH,GROWTH,MLR,0.3791664671678053,TEST,0.36595865994346377,0.3923742743921468
topo,10,CH,GROWTH,RF,0.2392865989649229,TEST,0.22282064979542882,0.255752548134417
topo,10,CH,GROWTH,SVR,0.36951578099639454,TEST,0.360634716617831,0.3783968453749581
topo,10,CH,GROWTH,MLP,0.3233499065597625,TEST,0.3101457122247662,0.33655410089475873
topo,10,CH,SYMMETRY,MLR,0.27599783292893604,TEST,0.2637139804057556,0.28828168545211647
topo,10,CH,SYMMETRY,RF,0.15733253321474736,TEST,0.14323865527541307,0.17142641115408164
topo,10,CH,SYMMETRY,SVR,0.25735620177702784,TEST,0.24499536849121967,0.269717035062836
topo,10,CH,SYMMETRY,MLP,0.2996115302261796,TEST,0.2882439277510742,0.31097913270128497
topo,11,CH,ACTIVITY,MLR,0.06845311616328739,TEST,0.06109591221001549,0.07581032011655929
topo,11,CH,ACTIVITY,RF,0.0935490609877284,TEST,0.08688454154189398,0.10021358043356282
topo,11,CH,ACTIVITY,SVR,0.08640674564609199,TEST,0.07746830237345696,0.09534518891872702
topo,11,CH,ACTIVITY,MLP,0.013476016242239795,TEST,-0.014388769600226534,0.04134080208470613
topo,11,CH,GROWTH,MLR,0.4030990943612788,TEST,0.39364568760002633,0.4125525011225312
topo,11,CH,GROWTH,RF,0.2430693381052512,TEST,0.22763780902158037,0.258500867188922
topo,11,CH,GROWTH,SVR,0.4343249817081466,TEST,0.4260662390477109,0.4425837243685823
topo,11,CH,GROWTH,MLP,0.3632509846080337,TEST,0.347560729358009,0.37894123985805833
topo,11,CH,SYMMETRY,MLR,0.3011843870117079,TEST,0.29195114689072765,0.31041762713268817
topo,11,CH,SYMMETRY,RF,0.15248089424855554,TEST,0.1393133914136073,0.1656483970835038
topo,11,CH,SYMMETRY,SVR,0.2525112796083359,TEST,0.24096148399860565,0.26406107521806615
topo,11,CH,SYMMETRY,MLP,0.2755403632776485,TEST,0.26394967480941417,0.2871310517458829
topo,12,CH,ACTIVITY,MLR,0.0998436339668027,TEST,0.08847969317182583,0.11120757476177956
topo,12,CH,ACTIVITY,RF,0.12662017445250842,TEST,0.12067842756654384,0.132561921338473
topo,12,CH,ACTIVITY,SVR,0.11434852960471024,TEST,0.10312332807971145,0.12557373112970904
topo,12,CH,ACTIVITY,MLP,-0.04482041846903842,TEST,-0.08715477094534818,-0.002486065992728659
topo,12,CH,GROWTH,MLR,0.40774463773757386,TEST,0.39742894356555997,0.41806033190958775
topo,12,CH,GROWTH,RF,0.27323092260091925,TEST,0.25931970317038733,0.28714214203145116
topo,12,CH,GROWTH,SVR,0.4156589910575652,TEST,0.40836718988689424,0.42295079222823617
topo,12,CH,GROWTH,MLP,0.38249713073767183,TEST,0.36703651319255887,0.3979577482827848
topo,12,CH,SYMMETRY,MLR,0.3192472762136233,TEST,0.3080192294975214,0.3304753229297252
topo,12,CH,SYMMETRY,RF,0.19522400831009226,TEST,0.18566551989585064,0.20478249672433388
topo,12,CH,SYMMETRY,SVR,0.2889174782149414,TEST,0.2778034624142772,0.3000314940156056
topo,12,CH,SYMMETRY,MLP,0.3137863510263274,TEST,0.3017482098030715,0.3258244922495833
topo,13,CH,ACTIVITY,MLR,0.15744111303947736,TEST,0.14395474479714931,0.1709274812818054
topo,13,CH,ACTIVITY,RF,0.112098660116247,TEST,0.10574589200144863,0.11845142823104537
topo,13,CH,ACTIVITY,SVR,0.1748212009255638,TEST,0.16439757316194117,0.18524482868918643
topo,13,CH,ACTIVITY,MLP,0.07836218674803926,TEST,0.0554341771350438,0.10129019636103472
topo,13,CH,GROWTH,MLR,0.4488709131658336,TEST,0.4395563559734303,0.4581854703582369
topo,13,CH,GROWTH,RF,0.3248400423483469,TEST,0.31376250941292877,0.33591757528376504
topo,13,CH,GROWTH,SVR,0.455180388417279,TEST,0.44716813499871094,0.463192641835847
topo,13,CH,GROWTH,MLP,0.42556532351687,TEST,0.41309853202462277,0.4380321150091172
topo,13,CH,SYMMETRY,MLR,0.34978739986001595,TEST,0.3343326193233812,0.3652421803966507
topo,13,CH,SYMMETRY,RF,0.2280168691265683,TEST,0.217741851667755,0.23829188658538158
topo,13,CH,SYMMETRY,SVR,0.33731570078660694,TEST,0.32326393934011266,0.3513674622331012
topo,13,CH,SYMMETRY,MLP,0.3489986184710597,TEST,0.33721533433730017,0.3607819026048192
topo,14,CH,ACTIVITY,MLR,0.1775662621584293,TEST,0.1629506291766085,0.1921818951402501
topo,14,CH,ACTIVITY,RF,0.149741016002675,TEST,0.1397012281713347,0.1597808038340153
topo,14,CH,ACTIVITY,SVR,0.17952024701525662,TEST,0.16994224821776252,0.18909824581275073
topo,14,CH,ACTIVITY,MLP,0.0797939847530103,TEST,0.05497115900557231,0.1046168105004483
topo,14,CH,GROWTH,MLR,0.4780552663837826,TEST,0.4662016414509911,0.4899088913165741
topo,14,CH,GROWTH,RF,0.3365404449875677,TEST,0.32384132788624376,0.3492395620888916
topo,14,CH,GROWTH,SVR,0.4535576429642095,TEST,0.4463548435397845,0.46076044238863445
topo,14,CH,GROWTH,MLP,0.3234427939894504,TEST,0.30259234203649144,0.3442932459424094
topo,14,CH,SYMMETRY,MLR,0.3664616431689887,TEST,0.35520783789921434,0.3777154484387631
topo,14,CH,SYMMETRY,RF,0.2385775158233029,TEST,0.22879377076558038,0.2483612608810254
topo,14,CH,SYMMETRY,SVR,0.350714716241422,TEST,0.3360271607072842,0.36540227177555973
topo,14,CH,SYMMETRY,MLP,0.3763247331868492,TEST,0.3652306271588542,0.38741883921484427
topo,15,CH,ACTIVITY,MLR,0.1072610884938439,TEST,0.1026799229382874,0.1118422540494004
topo,15,CH,ACTIVITY,RF,0.1234834583264618,TEST,0.11696384822313437,0.13000306842978926
topo,15,CH,ACTIVITY,SVR,0.18685837386083015,TEST,0.1753726545932422,0.1983440931284181
topo,15,CH,ACTIVITY,MLP,0.11693573938756913,TEST,0.09013305303568478,0.14373842573945347
topo,15,CH,GROWTH,MLR,0.5014529152163504,TEST,0.4903654506725661,0.5125403797601347
topo,15,CH,GROWTH,RF,0.3852699330092125,TEST,0.37091195309305863,0.3996279129253663
topo,15,CH,GROWTH,SVR,0.4967399176191911,TEST,0.4865518314306205,0.5069280038077618
topo,15,CH,GROWTH,MLP,0.5378870727788291,TEST,0.5244211312735423,0.5513530142841159
topo,15,CH,SYMMETRY,MLR,0.4030868310142656,TEST,0.3919966710738548,0.41417699095467647
topo,15,CH,SYMMETRY,RF,0.28290695262638266,TEST,0.2713680416769219,0.2944458635758434
topo,15,CH,SYMMETRY,SVR,0.3916895862955359,TEST,0.380273963680238,0.4031052089108338
topo,15,CH,SYMMETRY,MLP,0.4251692223801372,TEST,0.4160258868822077,0.4343125578780667
