feature,timepoint,context,response,model,R^2,num_observations,set,ci_lower,ci_upper
topo,0,C,ACTIVITY,MLR,0.3112301806196747,500,TRAIN,0.2655028300,0.3660363600
topo,0,C,ACTIVITY,RF,0.38098482872395856,500,TRAIN,0.3405596300,0.4234728500
topo,0,C,ACTIVITY,SVR,0.5051583233183596,500,TRAIN,0.4671063400,0.5642616800
topo,0,C,ACTIVITY,MLP,0.5320441350769245,500,TRAIN,0.4315585500,0.6233826700
topo,0,C,ACTIVITY,MLR,0.3154877587382885,447,TRAIN,0.2624615200,0.3685357500
topo,0,C,ACTIVITY,RF,0.3914359249487699,447,TRAIN,0.3450202000,0.4405481900
topo,0,C,ACTIVITY,SVR,0.5084426919528203,447,TRAIN,0.4598656900,0.5541832400
topo,0,C,ACTIVITY,MLP,0.5279643765648628,447,TRAIN,0.4460572100,0.6525666600
topo,0,C,ACTIVITY,MLR,0.3329904230361975,395,TRAIN,0.2686850700,0.4125731000
topo,0,C,ACTIVITY,RF,0.40091218546177737,395,TRAIN,0.3271297500,0.4695123300
topo,0,C,ACTIVITY,SVR,0.5211524838519931,395,TRAIN,0.4706158600,0.6017165400
topo,0,C,ACTIVITY,MLP,0.5132909282690257,395,TRAIN,0.4313154500,0.5995829200
topo,0,C,ACTIVITY,MLR,0.33884643169179623,343,TRAIN,0.2707667200,0.4214171600
topo,0,C,ACTIVITY,RF,0.4268010761648076,343,TRAIN,0.3622903400,0.4820918100
topo,0,C,ACTIVITY,SVR,0.5301934401895376,343,TRAIN,0.4634736800,0.6140200700
topo,0,C,ACTIVITY,MLP,0.5123025138952668,343,TRAIN,0.4182469100,0.6297936100
topo,0,C,ACTIVITY,MLR,0.3470089498587525,291,TRAIN,0.2410808800,0.4225719900
topo,0,C,ACTIVITY,RF,0.4331666935975872,291,TRAIN,0.3752562400,0.5136479300
topo,0,C,ACTIVITY,SVR,0.5381043560263132,291,TRAIN,0.4613148100,0.6247300000
topo,0,C,ACTIVITY,MLP,0.4892501252954319,291,TRAIN,0.3660098200,0.6061682100
topo,0,C,ACTIVITY,MLR,0.3812914349440646,238,TRAIN,0.2908744800,0.4670764100
topo,0,C,ACTIVITY,RF,0.4651937512634618,238,TRAIN,0.3851945500,0.5505158100
topo,0,C,ACTIVITY,SVR,0.5503992154919317,238,TRAIN,0.4579548900,0.6377906500
topo,0,C,ACTIVITY,MLP,0.4344874009162455,238,TRAIN,0.2758268100,0.5892616100
topo,0,C,ACTIVITY,MLR,0.3988540413296675,186,TRAIN,0.2770283000,0.5387346800
topo,0,C,ACTIVITY,RF,0.5151014354836629,186,TRAIN,0.4384462700,0.5972960600
topo,0,C,ACTIVITY,SVR,0.5719913507104927,186,TRAIN,0.4607862800,0.6667540300
topo,0,C,ACTIVITY,MLP,0.4060999849939197,186,TRAIN,0.2404805100,0.5649311300
topo,0,C,ACTIVITY,MLR,0.4837950623143883,134,TRAIN,0.3666504200,0.6090955000
topo,0,C,ACTIVITY,RF,0.5845906273540876,134,TRAIN,0.5087711000,0.6724866400
topo,0,C,ACTIVITY,SVR,0.5897455452476019,134,TRAIN,0.4583954500,0.7040833500
topo,0,C,ACTIVITY,MLP,0.34003722548459875,134,TRAIN,0.0093787700,0.5337690600
topo,0,C,ACTIVITY,MLR,0.6152068873011317,82,TRAIN,0.4564648400,0.7557616500
topo,0,C,ACTIVITY,RF,0.6402891063248329,82,TRAIN,0.5540748000,0.7525165100
topo,0,C,ACTIVITY,SVR,0.6405779100443962,82,TRAIN,0.5011678300,0.7695913100
topo,0,C,ACTIVITY,MLP,0.2350125752326381,82,TRAIN,-0.0000003646,0.5494819070
topo,0,C,GROWTH,MLR,0.3323759310878319,500,TRAIN,0.2875133500,0.3837419900
topo,0,C,GROWTH,RF,0.4722357455156378,500,TRAIN,0.4348917900,0.5184921800
topo,0,C,GROWTH,SVR,0.4990929058826349,500,TRAIN,0.4464535500,0.5650756200
topo,0,C,GROWTH,MLP,0.3365385905619987,500,TRAIN,0.2877047100,0.3837391700
topo,0,C,GROWTH,MLR,0.3459307071118806,447,TRAIN,0.2953765000,0.3904272000
topo,0,C,GROWTH,RF,0.4891058708877673,447,TRAIN,0.4412037900,0.5349527300
topo,0,C,GROWTH,SVR,0.5011834245030563,447,TRAIN,0.4451617200,0.5659828500
topo,0,C,GROWTH,MLP,0.32832064133403804,447,TRAIN,0.2684857100,0.3903214500
topo,0,C,GROWTH,MLR,0.34475785056232805,395,TRAIN,0.2831207600,0.4193767200
topo,0,C,GROWTH,RF,0.5043996031220805,395,TRAIN,0.4519859600,0.5610827000
topo,0,C,GROWTH,SVR,0.5048306385375783,395,TRAIN,0.4411871600,0.5863375900
topo,0,C,GROWTH,MLP,0.3223226213668056,395,TRAIN,0.2464283400,0.3985653300
topo,0,C,GROWTH,MLR,0.35529267706917284,343,TRAIN,0.2928092500,0.4284970500
topo,0,C,GROWTH,RF,0.5328273396151734,343,TRAIN,0.4804443000,0.5901429800
topo,0,C,GROWTH,SVR,0.5153491440998984,343,TRAIN,0.4451039500,0.5828934400
topo,0,C,GROWTH,MLP,0.30581465368910943,343,TRAIN,0.2306210900,0.3784242200
topo,0,C,GROWTH,MLR,0.3667766171122411,291,TRAIN,0.2686563500,0.4529897200
topo,0,C,GROWTH,RF,0.5442251999075225,291,TRAIN,0.4941111300,0.6051197400
topo,0,C,GROWTH,SVR,0.5288667580188041,291,TRAIN,0.4433615700,0.6049026500
topo,0,C,GROWTH,MLP,0.28836167261502005,291,TRAIN,0.0000001743,0.4042102740
topo,0,C,GROWTH,MLR,0.3851475410580191,238,TRAIN,0.2901500100,0.4710160200
topo,0,C,GROWTH,RF,0.5917648804447821,238,TRAIN,0.5247625100,0.6778984600
topo,0,C,GROWTH,SVR,0.5418183699220314,238,TRAIN,0.4488442900,0.6414214500
topo,0,C,GROWTH,MLP,0.2517643310325263,238,TRAIN,-0.0000001071,0.3679486590
topo,0,C,GROWTH,MLR,0.4195348893074355,186,TRAIN,0.2902726600,0.5460739600
topo,0,C,GROWTH,RF,0.6455966708204269,186,TRAIN,0.5946504400,0.7239188700
topo,0,C,GROWTH,SVR,0.5547609028729924,186,TRAIN,0.4501854300,0.6474377000
topo,0,C,GROWTH,MLP,0.15468039026995525,186,TRAIN,-0.0000013723,0.4093292930
topo,0,C,GROWTH,MLR,0.4769839626653077,134,TRAIN,0.3537996200,0.6127290900
topo,0,C,GROWTH,RF,0.7394519287437694,134,TRAIN,0.6587190200,0.8008672200
topo,0,C,GROWTH,SVR,0.5610957894552245,134,TRAIN,0.4076297200,0.6827262000
topo,0,C,GROWTH,MLP,0.04684462977170797,134,TRAIN,-0.0000004959,0.3335149390
topo,0,C,GROWTH,MLR,0.5741147518837759,82,TRAIN,0.4060092500,0.7139925500
topo,0,C,GROWTH,RF,0.8229639967171596,82,TRAIN,0.7575706500,0.8799512000
topo,0,C,GROWTH,SVR,0.6230843389565063,82,TRAIN,0.4350017600,0.7776547400
topo,0,C,GROWTH,MLP,0.003043758450857345,82,TRAIN,-0.0000003134,0.0000004924
topo,0,C,SYMMETRY,MLR,0.03939389260942989,500,TRAIN,0.0200111100,0.0625237300
topo,0,C,SYMMETRY,RF,0.11033291317040192,500,TRAIN,0.0944288800,0.1273019000
topo,0,C,SYMMETRY,SVR,0.3307992122391108,500,TRAIN,0.2930281200,0.3619267900
topo,0,C,SYMMETRY,MLP,0.0834127715943614,500,TRAIN,0.0408446800,0.1340549100
topo,0,C,SYMMETRY,MLR,0.04221288827819755,447,TRAIN,0.0189121800,0.0637954300
topo,0,C,SYMMETRY,RF,0.12186798036916124,447,TRAIN,0.0988813100,0.1499676700
topo,0,C,SYMMETRY,SVR,0.3425829850830697,447,TRAIN,0.2996174400,0.3814147700
topo,0,C,SYMMETRY,MLP,0.0861711936044772,447,TRAIN,0.0346195900,0.1438032200
topo,0,C,SYMMETRY,MLR,0.05321936157987649,395,TRAIN,0.0237681500,0.0971823900
topo,0,C,SYMMETRY,RF,0.13545202098169493,395,TRAIN,0.1136527300,0.1667501500
topo,0,C,SYMMETRY,SVR,0.3457899085361282,395,TRAIN,0.3005792200,0.3936250800
topo,0,C,SYMMETRY,MLP,0.08657051713617643,395,TRAIN,0.0425384900,0.1353931700
topo,0,C,SYMMETRY,MLR,0.05390229413964177,343,TRAIN,0.0210778900,0.0938079000
topo,0,C,SYMMETRY,RF,0.14551348769540398,343,TRAIN,0.1151464000,0.1754544200
topo,0,C,SYMMETRY,SVR,0.357831849655312,343,TRAIN,0.2993994700,0.4141390900
topo,0,C,SYMMETRY,MLP,0.08538368407983814,343,TRAIN,0.0310297300,0.1647083200
topo,0,C,SYMMETRY,MLR,0.06787200953416601,291,TRAIN,0.0308388400,0.1208535200
topo,0,C,SYMMETRY,RF,0.16701919481834265,291,TRAIN,0.1383446800,0.2019359800
topo,0,C,SYMMETRY,SVR,0.3653212229998045,291,TRAIN,0.2972659500,0.4234061000
topo,0,C,SYMMETRY,MLP,0.10232706822338868,291,TRAIN,0.0215659300,0.1816856700
topo,0,C,SYMMETRY,MLR,0.07964011982863264,238,TRAIN,0.0251991200,0.1373710600
topo,0,C,SYMMETRY,RF,0.19210576327003587,238,TRAIN,0.1572811700,0.2362784200
topo,0,C,SYMMETRY,SVR,0.3868726231927497,238,TRAIN,0.3098750800,0.4485018800
topo,0,C,SYMMETRY,MLP,0.09703817021085803,238,TRAIN,0.0257116400,0.1908013800
topo,0,C,SYMMETRY,MLR,0.11102119606943564,186,TRAIN,0.0473913400,0.2034293000
topo,0,C,SYMMETRY,RF,0.2182980478682624,186,TRAIN,0.1799030600,0.2720290000
topo,0,C,SYMMETRY,SVR,0.4049747867379985,186,TRAIN,0.3294723000,0.4863252600
topo,0,C,SYMMETRY,MLP,0.09399686502063856,186,TRAIN,0.0037264700,0.2280864300
topo,0,C,SYMMETRY,MLR,0.15934832172672755,134,TRAIN,0.0705323700,0.2721806800
topo,0,C,SYMMETRY,RF,0.2794130236357149,134,TRAIN,0.2249058700,0.3458536100
topo,0,C,SYMMETRY,SVR,0.4213503985241534,134,TRAIN,0.3271101000,0.5284223000
topo,0,C,SYMMETRY,MLP,0.08686852674077705,134,TRAIN,-0.0000028089,0.2427419210
topo,0,C,SYMMETRY,MLR,0.2816903522926193,82,TRAIN,0.1571794600,0.4433529800
topo,0,C,SYMMETRY,RF,0.3991904091720073,82,TRAIN,0.3254359300,0.4746194300
topo,0,C,SYMMETRY,SVR,0.43039247632541466,82,TRAIN,0.2989824100,0.5553969900
topo,0,C,SYMMETRY,MLP,0.06387962296998717,82,TRAIN,-0.0000079758,0.2684998510
spatial,0,C,ACTIVITY,MLR,0.3033639183854457,500,TRAIN,0.2439961500,0.3540227700
spatial,0,C,ACTIVITY,RF,0.31495918731911465,500,TRAIN,0.2682369600,0.3592407000
spatial,0,C,ACTIVITY,SVR,0.5294710175885323,500,TRAIN,0.4873796500,0.5853091500
spatial,0,C,ACTIVITY,MLP,0.4271945518283207,500,TRAIN,0.3848157400,0.4677112700
spatial,0,C,ACTIVITY,MLR,0.3145701118905839,447,TRAIN,0.2640632100,0.3789631400
spatial,0,C,ACTIVITY,RF,0.32694050957743703,447,TRAIN,0.2788563800,0.3921078600
spatial,0,C,ACTIVITY,SVR,0.5322959339971717,447,TRAIN,0.4889684400,0.5716434300
spatial,0,C,ACTIVITY,MLP,0.4413888680562541,447,TRAIN,0.3911634900,0.4909957300
spatial,0,C,ACTIVITY,MLR,0.3185651916081532,395,TRAIN,0.2685046700,0.3816364900
spatial,0,C,ACTIVITY,RF,0.3346914756746754,395,TRAIN,0.2838404400,0.3903699000
spatial,0,C,ACTIVITY,SVR,0.5362145792644495,395,TRAIN,0.4748541000,0.5864498800
spatial,0,C,ACTIVITY,MLP,0.44832615631245454,395,TRAIN,0.3831226400,0.5179362600
spatial,0,C,ACTIVITY,MLR,0.3247043968360574,343,TRAIN,0.2534329100,0.3857079200
spatial,0,C,ACTIVITY,RF,0.3492015032841886,343,TRAIN,0.2808413200,0.4158001200
spatial,0,C,ACTIVITY,SVR,0.5468896517046347,343,TRAIN,0.4720810700,0.6199178900
spatial,0,C,ACTIVITY,MLP,0.4618257828648595,343,TRAIN,0.3917442100,0.5360019300
spatial,0,C,ACTIVITY,MLR,0.33970546904395904,291,TRAIN,0.2660304400,0.4210873300
spatial,0,C,ACTIVITY,RF,0.3558611168443717,291,TRAIN,0.2829757400,0.4375821000
spatial,0,C,ACTIVITY,SVR,0.554114648967194,291,TRAIN,0.4871252100,0.6456498300
spatial,0,C,ACTIVITY,MLP,0.4869340062241696,291,TRAIN,0.4030295000,0.5769332800
spatial,0,C,ACTIVITY,MLR,0.3565992109164982,238,TRAIN,0.2606717500,0.4671206100
spatial,0,C,ACTIVITY,RF,0.3790276625578383,238,TRAIN,0.3060103500,0.4558064000
spatial,0,C,ACTIVITY,SVR,0.5686113342721244,238,TRAIN,0.4817119400,0.6576216600
spatial,0,C,ACTIVITY,MLP,0.5160639366186751,238,TRAIN,0.4501626900,0.6099577000
spatial,0,C,ACTIVITY,MLR,0.4052314060337695,186,TRAIN,0.2976661100,0.5173940300
spatial,0,C,ACTIVITY,RF,0.40472443521161466,186,TRAIN,0.3097689300,0.5089110600
spatial,0,C,ACTIVITY,SVR,0.5931117607641261,186,TRAIN,0.4987512100,0.7041779200
spatial,0,C,ACTIVITY,MLP,0.5675827080759092,186,TRAIN,0.4493733300,0.6757012500
spatial,0,C,ACTIVITY,MLR,0.4588689914955594,134,TRAIN,0.3237757500,0.6122139900
spatial,0,C,ACTIVITY,RF,0.4496346450353113,134,TRAIN,0.3482895400,0.5433538000
spatial,0,C,ACTIVITY,SVR,0.6110743669535861,134,TRAIN,0.5073051600,0.7196724400
spatial,0,C,ACTIVITY,MLP,0.6522876897664571,134,TRAIN,0.4982945700,0.7668833100
spatial,0,C,ACTIVITY,MLR,0.6002028362134474,82,TRAIN,0.4122655700,0.7503706900
spatial,0,C,ACTIVITY,RF,0.5302969063513414,82,TRAIN,0.4197656300,0.6694214100
spatial,0,C,ACTIVITY,SVR,0.6397355716536557,82,TRAIN,0.5346017200,0.7305941100
spatial,0,C,ACTIVITY,MLP,0.7762178138909968,82,TRAIN,0.6666734400,0.8564991000
spatial,0,C,GROWTH,MLR,0.3814147708998395,500,TRAIN,0.3283698200,0.4328412200
spatial,0,C,GROWTH,RF,0.34567013421348586,500,TRAIN,0.2978131600,0.3942503400
spatial,0,C,GROWTH,SVR,0.5105692651101014,500,TRAIN,0.4637456200,0.5590864900
spatial,0,C,GROWTH,MLP,0.4394016821905701,500,TRAIN,0.3937511900,0.4830728400
spatial,0,C,GROWTH,MLR,0.3915593279754787,447,TRAIN,0.3332177400,0.4457164400
spatial,0,C,GROWTH,RF,0.35063677083134925,447,TRAIN,0.3030751800,0.4142979700
spatial,0,C,GROWTH,SVR,0.5131723658293236,447,TRAIN,0.4641128800,0.5612493500
spatial,0,C,GROWTH,MLP,0.4596637311690937,447,TRAIN,0.4080331200,0.5208605300
spatial,0,C,GROWTH,MLR,0.3949930038647748,395,TRAIN,0.3414238500,0.4596070100
spatial,0,C,GROWTH,RF,0.3595576058579051,395,TRAIN,0.2987008800,0.4204870500
spatial,0,C,GROWTH,SVR,0.5225715287724815,395,TRAIN,0.4644980600,0.6010677200
spatial,0,C,GROWTH,MLP,0.464596653778769,395,TRAIN,0.3873770500,0.5353884100
spatial,0,C,GROWTH,MLR,0.4108499135952438,343,TRAIN,0.3372798100,0.4996166900
spatial,0,C,GROWTH,RF,0.3756066960000243,343,TRAIN,0.3061708000,0.4498998300
spatial,0,C,GROWTH,SVR,0.5270877518005621,343,TRAIN,0.4562417800,0.6135720600
spatial,0,C,GROWTH,MLP,0.4724169318582298,343,TRAIN,0.4016117600,0.5408496800
spatial,0,C,GROWTH,MLR,0.4264323039271287,291,TRAIN,0.3189682800,0.5147857000
spatial,0,C,GROWTH,RF,0.38240956976902296,291,TRAIN,0.3006669200,0.4520914600
spatial,0,C,GROWTH,SVR,0.5438753798460261,291,TRAIN,0.4807172900,0.6102784100
spatial,0,C,GROWTH,MLP,0.5025238699966557,291,TRAIN,0.4203013100,0.5833144000
spatial,0,C,GROWTH,MLR,0.4542280856951528,238,TRAIN,0.3710189600,0.5510720700
spatial,0,C,GROWTH,RF,0.4017311230237586,238,TRAIN,0.3193041700,0.4932741200
spatial,0,C,GROWTH,SVR,0.5520013255121775,238,TRAIN,0.4693599600,0.6236642200
spatial,0,C,GROWTH,MLP,0.5156158401300233,238,TRAIN,0.4090433500,0.6047675700
spatial,0,C,GROWTH,MLR,0.4905215546052615,186,TRAIN,0.3686265200,0.6054542000
spatial,0,C,GROWTH,RF,0.43820538336264336,186,TRAIN,0.3484884400,0.5288629200
spatial,0,C,GROWTH,SVR,0.5708318064017344,186,TRAIN,0.4621178300,0.6768332600
spatial,0,C,GROWTH,MLP,0.5563899386493927,186,TRAIN,0.4284472600,0.6612428800
spatial,0,C,GROWTH,MLR,0.5529181431254885,134,TRAIN,0.4064542200,0.6673026400
spatial,0,C,GROWTH,RF,0.4794777796617654,134,TRAIN,0.3752798200,0.5764206200
spatial,0,C,GROWTH,SVR,0.5952453905442512,134,TRAIN,0.4438700500,0.7123191700
spatial,0,C,GROWTH,MLP,0.5996269242778414,134,TRAIN,0.4655984100,0.7403291700
spatial,0,C,GROWTH,MLR,0.6762075003037319,82,TRAIN,0.5495023700,0.8096121300
spatial,0,C,GROWTH,RF,0.5517230256372476,82,TRAIN,0.4268878500,0.7040460000
spatial,0,C,GROWTH,SVR,0.626304847228879,82,TRAIN,0.4408303500,0.7888118400
spatial,0,C,GROWTH,MLP,0.6702519360356898,82,TRAIN,0.4940127600,0.8073072400
spatial,0,C,SYMMETRY,MLR,0.026678486252220118,500,TRAIN,0.0114709700,0.0473505400
spatial,0,C,SYMMETRY,RF,0.11204748389151456,500,TRAIN,0.0965488800,0.1301557300
spatial,0,C,SYMMETRY,SVR,0.3392847857321923,500,TRAIN,0.3060367300,0.3816387000
spatial,0,C,SYMMETRY,MLP,0.03322192767902304,500,TRAIN,0.0007685200,0.0729816400
spatial,0,C,SYMMETRY,MLR,0.034515649206541536,447,TRAIN,0.0126250600,0.0579642000
spatial,0,C,SYMMETRY,RF,0.12221445946652988,447,TRAIN,0.1016510200,0.1526306800
spatial,0,C,SYMMETRY,SVR,0.3526314122590249,447,TRAIN,0.3099558600,0.3930697200
spatial,0,C,SYMMETRY,MLP,0.03382840717648887,447,TRAIN,0.0006130200,0.0822901900
spatial,0,C,SYMMETRY,MLR,0.035739312005686766,395,TRAIN,0.0108921100,0.0667521200
spatial,0,C,SYMMETRY,RF,0.13792751456028815,395,TRAIN,0.1174305800,0.1645261200
spatial,0,C,SYMMETRY,SVR,0.3580281509368547,395,TRAIN,0.3100315500,0.4020327500
spatial,0,C,SYMMETRY,MLP,0.029253579969551063,395,TRAIN,0.0000045789,0.0719804561
spatial,0,C,SYMMETRY,MLR,0.04144447253860365,343,TRAIN,0.0150974300,0.0819251200
spatial,0,C,SYMMETRY,RF,0.1479486964935082,343,TRAIN,0.1225462600,0.1781320300
spatial,0,C,SYMMETRY,SVR,0.3669717343940653,343,TRAIN,0.3151316900,0.4276779600
spatial,0,C,SYMMETRY,MLP,0.031731199251172716,343,TRAIN,-0.0006967200,0.1053881700
spatial,0,C,SYMMETRY,MLR,0.05450175138300963,291,TRAIN,0.0153786100,0.1104103800
spatial,0,C,SYMMETRY,RF,0.17045595601365676,291,TRAIN,0.1425850600,0.2041123600
spatial,0,C,SYMMETRY,SVR,0.38667524864955977,291,TRAIN,0.3360728600,0.4516302100
spatial,0,C,SYMMETRY,MLP,0.023785470500034246,291,TRAIN,-0.0007513600,0.0854863300
spatial,0,C,SYMMETRY,MLR,0.0630423863120185,238,TRAIN,0.0149339100,0.1214733900
spatial,0,C,SYMMETRY,RF,0.1993290205164185,238,TRAIN,0.1667728400,0.2408523600
spatial,0,C,SYMMETRY,SVR,0.39340965497569774,238,TRAIN,0.3152807700,0.4712619200
spatial,0,C,SYMMETRY,MLP,0.019267732386916002,238,TRAIN,-0.0002430600,0.0821231900
spatial,0,C,SYMMETRY,MLR,0.08275709388896864,186,TRAIN,0.0246698700,0.1655281500
spatial,0,C,SYMMETRY,RF,0.2420982300590167,186,TRAIN,0.1967475400,0.2868106300
spatial,0,C,SYMMETRY,SVR,0.4085470072937152,186,TRAIN,0.3279474500,0.4878491100
spatial,0,C,SYMMETRY,MLP,0.014550969288025637,186,TRAIN,-0.0001471800,0.0717980500
spatial,0,C,SYMMETRY,MLR,0.13684591092151546,134,TRAIN,0.0465385900,0.2679430300
spatial,0,C,SYMMETRY,RF,0.3112292041223515,134,TRAIN,0.2665196100,0.3741622900
spatial,0,C,SYMMETRY,SVR,0.430977057131688,134,TRAIN,0.3149249800,0.5234509300
spatial,0,C,SYMMETRY,MLP,0.006369265731580824,134,TRAIN,-0.0001352800,0.0431011400
spatial,0,C,SYMMETRY,MLR,0.2361060884623292,82,TRAIN,0.0893795200,0.4216572700
spatial,0,C,SYMMETRY,RF,0.4421051850635152,82,TRAIN,0.3680925200,0.5528525300
spatial,0,C,SYMMETRY,SVR,0.4470836894377582,82,TRAIN,0.3318662800,0.5827027400
spatial,0,C,SYMMETRY,MLP,0.0013792491455222836,82,TRAIN,-0.0000607534,0.0026095893
topo,0,CH,ACTIVITY,MLR,0.16594503076565326,500,TRAIN,0.1133983000,0.2201683800
topo,0,CH,ACTIVITY,RF,0.10364139803647818,500,TRAIN,0.0810340500,0.1304176500
topo,0,CH,ACTIVITY,SVR,0.18776431086726764,500,TRAIN,0.1520035000,0.2277847900
topo,0,CH,ACTIVITY,MLP,0.2228961051636217,500,TRAIN,0.1191403700,0.5472104800
topo,0,CH,ACTIVITY,MLR,0.17861854233104812,447,TRAIN,0.1162598200,0.2355969100
topo,0,CH,ACTIVITY,RF,0.106885702452916,447,TRAIN,0.0818862400,0.1347290900
topo,0,CH,ACTIVITY,SVR,0.1825861550997352,447,TRAIN,0.1399756400,0.2249054400
topo,0,CH,ACTIVITY,MLP,0.24349666858388275,447,TRAIN,0.1176137700,0.5548597000
topo,0,CH,ACTIVITY,MLR,0.18952031190088545,395,TRAIN,0.1286896800,0.2764470000
topo,0,CH,ACTIVITY,RF,0.11150202710123608,395,TRAIN,0.0790439500,0.1458762500
topo,0,CH,ACTIVITY,SVR,0.19282534595941875,395,TRAIN,0.1456860400,0.2722674100
topo,0,CH,ACTIVITY,MLP,0.20586599660675745,395,TRAIN,0.0881244700,0.5089809100
topo,0,CH,ACTIVITY,MLR,0.19412736585285773,343,TRAIN,0.1099064300,0.2794198300
topo,0,CH,ACTIVITY,RF,0.1117418343697246,343,TRAIN,0.0754185400,0.1455046300
topo,0,CH,ACTIVITY,SVR,0.1986850554257908,343,TRAIN,0.1235679700,0.2572493800
topo,0,CH,ACTIVITY,MLP,0.20429555617567347,343,TRAIN,0.1035536900,0.3631016900
topo,0,CH,ACTIVITY,MLR,0.22551093884148585,291,TRAIN,0.1307223800,0.3114957800
topo,0,CH,ACTIVITY,RF,0.12144478386932465,291,TRAIN,0.0821063800,0.1691868800
topo,0,CH,ACTIVITY,SVR,0.2056592024433231,291,TRAIN,0.1383461700,0.2713695600
topo,0,CH,ACTIVITY,MLP,0.1995653696928288,291,TRAIN,0.0553683200,0.4147940600
topo,0,CH,ACTIVITY,MLR,0.234524687594654,238,TRAIN,0.1080203100,0.3609593000
topo,0,CH,ACTIVITY,RF,0.12404540495951916,238,TRAIN,0.0836934100,0.1808434300
topo,0,CH,ACTIVITY,SVR,0.20794700841191954,238,TRAIN,0.1244958600,0.2932393500
topo,0,CH,ACTIVITY,MLP,0.20741452206411126,238,TRAIN,0.0225850500,0.3852081800
topo,0,CH,ACTIVITY,MLR,0.2871422265473767,186,TRAIN,0.1543032300,0.4423441300
topo,0,CH,ACTIVITY,RF,0.14036695712336253,186,TRAIN,0.0978437500,0.1923325300
topo,0,CH,ACTIVITY,SVR,0.22092938172224272,186,TRAIN,0.1141613600,0.3125061100
topo,0,CH,ACTIVITY,MLP,0.19413203297218126,186,TRAIN,-0.0000014262,0.4173385790
topo,0,CH,ACTIVITY,MLR,0.3304543750129104,134,TRAIN,0.1470494500,0.5027897100
topo,0,CH,ACTIVITY,RF,0.16494127888573618,134,TRAIN,0.0979046700,0.2579933700
topo,0,CH,ACTIVITY,SVR,0.2424838530050805,134,TRAIN,0.1067613300,0.3820693000
topo,0,CH,ACTIVITY,MLP,0.1345204717580242,134,TRAIN,-0.0000007961,0.4513755340
topo,0,CH,ACTIVITY,MLR,0.4948962723852391,82,TRAIN,0.2907033100,0.7147031500
topo,0,CH,ACTIVITY,RF,0.21304484925121467,82,TRAIN,0.1310821600,0.3264588800
topo,0,CH,ACTIVITY,SVR,0.2873087530315778,82,TRAIN,0.1160570300,0.5375596500
topo,0,CH,ACTIVITY,MLP,0.09223958241866922,82,TRAIN,-0.0000008864,0.4858011830
topo,0,CH,GROWTH,MLR,0.3872484860683061,500,TRAIN,0.3315953100,0.4507713900
topo,0,CH,GROWTH,RF,0.3049318176516781,500,TRAIN,0.2485003500,0.3511791900
topo,0,CH,GROWTH,SVR,0.4975823108832506,500,TRAIN,0.4477222600,0.5536944200
topo,0,CH,GROWTH,MLP,0.4298707384691815,500,TRAIN,0.3735656700,0.4801680900
topo,0,CH,GROWTH,MLR,0.39989438443010494,447,TRAIN,0.3253073600,0.4785265600
topo,0,CH,GROWTH,RF,0.3159938631075942,447,TRAIN,0.2570787400,0.3828651800
topo,0,CH,GROWTH,SVR,0.5028764777795073,447,TRAIN,0.4353529500,0.5714560300
topo,0,CH,GROWTH,MLP,0.4422638473725988,447,TRAIN,0.3731647500,0.5061406300
topo,0,CH,GROWTH,MLR,0.4140763698906341,395,TRAIN,0.3406362400,0.4861864300
topo,0,CH,GROWTH,RF,0.3197709556762442,395,TRAIN,0.2482814500,0.3957115800
topo,0,CH,GROWTH,SVR,0.4983353674796511,395,TRAIN,0.4265359300,0.5792104100
topo,0,CH,GROWTH,MLP,0.4511856982826176,395,TRAIN,0.3635148800,0.5282963900
topo,0,CH,GROWTH,MLR,0.4237522937741149,343,TRAIN,0.3303106200,0.5203152800
topo,0,CH,GROWTH,RF,0.3435910717369151,343,TRAIN,0.2694656400,0.4353379300
topo,0,CH,GROWTH,SVR,0.5141607779982976,343,TRAIN,0.4347356200,0.5950325700
topo,0,CH,GROWTH,MLP,0.4721257006395444,343,TRAIN,0.3981976400,0.5518748500
topo,0,CH,GROWTH,MLR,0.4500831783350224,291,TRAIN,0.3388837100,0.5491037800
topo,0,CH,GROWTH,RF,0.38152399773054535,291,TRAIN,0.2870676300,0.4718530100
topo,0,CH,GROWTH,SVR,0.5136485569514374,291,TRAIN,0.4235673400,0.6024153300
topo,0,CH,GROWTH,MLP,0.4962651936938674,291,TRAIN,0.4042187100,0.5954349800
topo,0,CH,GROWTH,MLR,0.4721615231505292,238,TRAIN,0.3365458200,0.5583725800
topo,0,CH,GROWTH,RF,0.3985604308249787,238,TRAIN,0.2916323200,0.4990374400
topo,0,CH,GROWTH,SVR,0.5225939614575198,238,TRAIN,0.4115562300,0.6413307500
topo,0,CH,GROWTH,MLP,0.5175037264040004,238,TRAIN,0.3871136100,0.6417359000
topo,0,CH,GROWTH,MLR,0.5242210172632308,186,TRAIN,0.3943627900,0.6220929600
topo,0,CH,GROWTH,RF,0.4306715674357387,186,TRAIN,0.3112263600,0.5438588900
topo,0,CH,GROWTH,SVR,0.5307655120407222,186,TRAIN,0.4135473800,0.6470514000
topo,0,CH,GROWTH,MLP,0.5715328714223911,186,TRAIN,0.4582958000,0.6887750300
topo,0,CH,GROWTH,MLR,0.6091169973426106,134,TRAIN,0.4510846200,0.7364941200
topo,0,CH,GROWTH,RF,0.5030556644757237,134,TRAIN,0.3532241000,0.6540864400
topo,0,CH,GROWTH,SVR,0.550299558278248,134,TRAIN,0.4188015700,0.6995796000
topo,0,CH,GROWTH,MLP,0.6238504765564553,134,TRAIN,0.5043850100,0.7298923100
topo,0,CH,GROWTH,MLR,0.7856608102434954,82,TRAIN,0.6533575400,0.8857203200
topo,0,CH,GROWTH,RF,0.612562320395766,82,TRAIN,0.4572718700,0.7810985200
topo,0,CH,GROWTH,SVR,0.5848572620336969,82,TRAIN,0.4444137800,0.7446535400
topo,0,CH,GROWTH,MLP,0.7390529150529133,82,TRAIN,0.5997205800,0.8687617100
topo,0,CH,SYMMETRY,MLR,0.07548596615963915,500,TRAIN,0.0413586300,0.1113241800
topo,0,CH,SYMMETRY,RF,0.1746566034285159,500,TRAIN,0.1421045300,0.2137928800
topo,0,CH,SYMMETRY,SVR,0.22869122112481025,500,TRAIN,0.1754833100,0.2906441600
topo,0,CH,SYMMETRY,MLP,0.1933857034681465,500,TRAIN,0.1437692000,0.2496070100
topo,0,CH,SYMMETRY,MLR,0.0798272454412522,447,TRAIN,0.0384316900,0.1238361500
topo,0,CH,SYMMETRY,RF,0.18258736547902527,447,TRAIN,0.1451980800,0.2251971700
topo,0,CH,SYMMETRY,SVR,0.2440548814304969,447,TRAIN,0.1696875400,0.3104431600
topo,0,CH,SYMMETRY,MLP,0.17853192054728784,447,TRAIN,0.1154143200,0.2347826500
topo,0,CH,SYMMETRY,MLR,0.08671277179565783,395,TRAIN,0.0483022600,0.1361569200
topo,0,CH,SYMMETRY,RF,0.1937920391193476,395,TRAIN,0.1492479100,0.2484736700
topo,0,CH,SYMMETRY,SVR,0.25126500257074696,395,TRAIN,0.1746841600,0.3293282600
topo,0,CH,SYMMETRY,MLP,0.1707642252515994,395,TRAIN,0.0123771100,0.2486219100
topo,0,CH,SYMMETRY,MLR,0.08802138076234621,343,TRAIN,0.0367013400,0.1427331000
topo,0,CH,SYMMETRY,RF,0.20444188964934085,343,TRAIN,0.1521780100,0.2575481400
topo,0,CH,SYMMETRY,SVR,0.2613918373261089,343,TRAIN,0.1721080300,0.3657619500
topo,0,CH,SYMMETRY,MLP,0.1704409494649227,343,TRAIN,0.0057481500,0.2769693900
topo,0,CH,SYMMETRY,MLR,0.10405182711120743,291,TRAIN,0.0503607800,0.1649053000
topo,0,CH,SYMMETRY,RF,0.22240741716976284,291,TRAIN,0.1685572900,0.2875193600
topo,0,CH,SYMMETRY,SVR,0.2745995447743633,291,TRAIN,0.1776462800,0.3797799700
topo,0,CH,SYMMETRY,MLP,0.1359936571786836,291,TRAIN,-0.0000002389,0.2519515190
topo,0,CH,SYMMETRY,MLR,0.11760506215817655,238,TRAIN,0.0445322200,0.1998752700
topo,0,CH,SYMMETRY,RF,0.24433736095512096,238,TRAIN,0.1624144300,0.3425476200
topo,0,CH,SYMMETRY,SVR,0.2996670066146597,238,TRAIN,0.1888601900,0.4238861700
topo,0,CH,SYMMETRY,MLP,0.1011451740278294,238,TRAIN,-0.0000003014,0.2649396760
topo,0,CH,SYMMETRY,MLR,0.12971774764572885,186,TRAIN,0.0313401900,0.2184006500
topo,0,CH,SYMMETRY,RF,0.26495151330678923,186,TRAIN,0.1982494300,0.3719526100
topo,0,CH,SYMMETRY,SVR,0.33055845114256754,186,TRAIN,0.1760507800,0.4640025800
topo,0,CH,SYMMETRY,MLP,0.08774255142442199,186,TRAIN,-0.0000062050,0.2865416030
topo,0,CH,SYMMETRY,MLR,0.1677395588274016,134,TRAIN,0.0552433500,0.2886966900
topo,0,CH,SYMMETRY,RF,0.31050583933266124,134,TRAIN,0.2130399000,0.4217407400
topo,0,CH,SYMMETRY,SVR,0.39288606329153297,134,TRAIN,0.2410679700,0.5323334800
topo,0,CH,SYMMETRY,MLP,0.027876025499876576,134,TRAIN,-0.0000046500,0.2515776550
topo,0,CH,SYMMETRY,MLR,0.25438402099050633,82,TRAIN,0.1002755900,0.4737342600
topo,0,CH,SYMMETRY,RF,0.38557617728198734,82,TRAIN,0.2696199000,0.5447165100
topo,0,CH,SYMMETRY,SVR,0.5269045057799525,82,TRAIN,0.3357329500,0.7436797300
topo,0,CH,SYMMETRY,MLP,0.0025558131518984397,82,TRAIN,-0.0000013307,0.0000020742
spatial,0,CH,ACTIVITY,MLR,0.10682695761862596,500,TRAIN,0.0600573000,0.1503614500
spatial,0,CH,ACTIVITY,RF,0.1568731044735488,500,TRAIN,0.1309611000,0.1862496300
spatial,0,CH,ACTIVITY,SVR,0.1984509651100608,500,TRAIN,0.1611369200,0.2458646100
spatial,0,CH,ACTIVITY,MLP,0.33184006074129874,500,TRAIN,0.1429824700,0.6700876800
spatial,0,CH,ACTIVITY,MLR,0.11229567037157136,447,TRAIN,0.0665633900,0.1687433600
spatial,0,CH,ACTIVITY,RF,0.15893560372175186,447,TRAIN,0.1245532700,0.1871104800
spatial,0,CH,ACTIVITY,SVR,0.19660502738641453,447,TRAIN,0.1546722400,0.2497217400
spatial,0,CH,ACTIVITY,MLP,0.31694979204472795,447,TRAIN,0.1328022800,0.6483375400
spatial,0,CH,ACTIVITY,MLR,0.11607913235402435,395,TRAIN,0.0700758500,0.1848489100
spatial,0,CH,ACTIVITY,RF,0.16539642277600916,395,TRAIN,0.1311809800,0.1935297200
spatial,0,CH,ACTIVITY,SVR,0.2046919368258672,395,TRAIN,0.1574694600,0.2831521700
spatial,0,CH,ACTIVITY,MLP,0.270154896361115,395,TRAIN,0.1383917900,0.6498385400
spatial,0,CH,ACTIVITY,MLR,0.12073790018050458,343,TRAIN,0.0478617400,0.2027503400
spatial,0,CH,ACTIVITY,RF,0.17552246380162956,343,TRAIN,0.1373011800,0.2204574100
spatial,0,CH,ACTIVITY,SVR,0.20897897658170828,343,TRAIN,0.1386582200,0.2645118700
spatial,0,CH,ACTIVITY,MLP,0.2685887969663759,343,TRAIN,0.1246607600,0.6072355000
spatial,0,CH,ACTIVITY,MLR,0.14093497925034806,291,TRAIN,0.0616125600,0.2247784800
spatial,0,CH,ACTIVITY,RF,0.19250797190086646,291,TRAIN,0.1449728800,0.2466593500
spatial,0,CH,ACTIVITY,SVR,0.21961643634075576,291,TRAIN,0.1526966900,0.2891930500
spatial,0,CH,ACTIVITY,MLP,0.2705950359917008,291,TRAIN,0.1421745700,0.5537149200
spatial,0,CH,ACTIVITY,MLR,0.16563665296437302,238,TRAIN,0.0872109900,0.2902198100
spatial,0,CH,ACTIVITY,RF,0.21264223955058256,238,TRAIN,0.1613582500,0.2782014700
spatial,0,CH,ACTIVITY,SVR,0.2303093421025257,238,TRAIN,0.1388100000,0.3321068800
spatial,0,CH,ACTIVITY,MLP,0.24302106260480605,238,TRAIN,0.0646308900,0.5717682500
spatial,0,CH,ACTIVITY,MLR,0.1925903985601458,186,TRAIN,0.0771455600,0.3522011600
spatial,0,CH,ACTIVITY,RF,0.23303990752551634,186,TRAIN,0.1661642000,0.3009211600
spatial,0,CH,ACTIVITY,SVR,0.24191239764927705,186,TRAIN,0.1415467900,0.3493859400
spatial,0,CH,ACTIVITY,MLP,0.23455978292717106,186,TRAIN,0.0000005431,0.4974372900
spatial,0,CH,ACTIVITY,MLR,0.2371977624007729,134,TRAIN,0.0973415300,0.4197908500
spatial,0,CH,ACTIVITY,RF,0.2740117422321844,134,TRAIN,0.2061185400,0.3569479500
spatial,0,CH,ACTIVITY,SVR,0.2365426795634157,134,TRAIN,0.1404606000,0.3549800000
spatial,0,CH,ACTIVITY,MLP,0.21613334496301367,134,TRAIN,-0.0000024149,0.4890554450
spatial,0,CH,ACTIVITY,MLR,0.3433955944663312,82,TRAIN,0.0918801300,0.6266174500
spatial,0,CH,ACTIVITY,RF,0.37238267851972734,82,TRAIN,0.2791114200,0.4664235900
spatial,0,CH,ACTIVITY,SVR,0.2684800980595088,82,TRAIN,0.1396821300,0.5117186800
spatial,0,CH,ACTIVITY,MLP,0.13461243251665622,82,TRAIN,-0.0000007543,0.5225692930
spatial,0,CH,GROWTH,MLR,0.4839728910180074,500,TRAIN,0.4198646900,0.5384063400
spatial,0,CH,GROWTH,RF,0.7137894712345756,500,TRAIN,0.6698317300,0.7498743700
spatial,0,CH,GROWTH,SVR,0.465027019991192,500,TRAIN,0.3757858900,0.5157123000
spatial,0,CH,GROWTH,MLP,0.6644567168205079,500,TRAIN,0.6125443500,0.7108429200
spatial,0,CH,GROWTH,MLR,0.494015305812976,447,TRAIN,0.4445671700,0.5526345800
spatial,0,CH,GROWTH,RF,0.7586921402745166,447,TRAIN,0.7146493100,0.8020787700
spatial,0,CH,GROWTH,SVR,0.4727267551127838,447,TRAIN,0.4017710300,0.5337399500
spatial,0,CH,GROWTH,MLP,0.654895586415537,447,TRAIN,0.5955058000,0.7083104300
spatial,0,CH,GROWTH,MLR,0.5015095489015364,395,TRAIN,0.4302850700,0.5692605600
spatial,0,CH,GROWTH,RF,0.8015130161912084,395,TRAIN,0.7590137500,0.8387214300
spatial,0,CH,GROWTH,SVR,0.4795364744044198,395,TRAIN,0.4058760000,0.5600666100
spatial,0,CH,GROWTH,MLP,0.6491556558352677,395,TRAIN,0.5522923000,0.7210447600
spatial,0,CH,GROWTH,MLR,0.5339367248438296,343,TRAIN,0.4582206000,0.6191298900
spatial,0,CH,GROWTH,RF,0.7957297672904269,343,TRAIN,0.7558936300,0.8502750800
spatial,0,CH,GROWTH,SVR,0.4829791561543728,343,TRAIN,0.3934883100,0.5566124300
spatial,0,CH,GROWTH,MLP,0.6293179247554338,343,TRAIN,0.5188592400,0.7079718300
spatial,0,CH,GROWTH,MLR,0.5464540935285825,291,TRAIN,0.4396698000,0.6296915900
spatial,0,CH,GROWTH,RF,0.8481222830065291,291,TRAIN,0.7838825100,0.8925954800
spatial,0,CH,GROWTH,SVR,0.5072522794701916,291,TRAIN,0.3711580100,0.6101074400
spatial,0,CH,GROWTH,MLP,0.5996626477303763,291,TRAIN,0.4447466900,0.7164673700
spatial,0,CH,GROWTH,MLR,0.5852650161597829,238,TRAIN,0.4772408200,0.6851514300
spatial,0,CH,GROWTH,RF,0.9117475465988024,238,TRAIN,0.8741672500,0.9443728700
spatial,0,CH,GROWTH,SVR,0.5359416659491252,238,TRAIN,0.4105940500,0.6643292300
spatial,0,CH,GROWTH,MLP,0.5760239048603817,238,TRAIN,0.3770835100,0.7197247500
spatial,0,CH,GROWTH,MLR,0.6268007774948932,186,TRAIN,0.5039406300,0.7482234100
spatial,0,CH,GROWTH,RF,0.9004073220014638,186,TRAIN,0.8419501100,0.9495187700
spatial,0,CH,GROWTH,SVR,0.5574363649600831,186,TRAIN,0.3928509500,0.6864359200
spatial,0,CH,GROWTH,MLP,0.5489158654851529,186,TRAIN,0.2737249600,0.6911079000
spatial,0,CH,GROWTH,MLR,0.7089652002239365,134,TRAIN,0.5627895100,0.8112387800
spatial,0,CH,GROWTH,RF,0.9558607168561808,134,TRAIN,0.8974450900,0.9835063100
spatial,0,CH,GROWTH,SVR,0.6061675680374928,134,TRAIN,0.3979809800,0.7391324800
spatial,0,CH,GROWTH,MLP,0.4639234511346508,134,TRAIN,0.0000000081,0.6800837800
spatial,0,CH,GROWTH,MLR,0.8446268837098597,82,TRAIN,0.7081272500,0.9193007100
spatial,0,CH,GROWTH,RF,0.9437952007030044,82,TRAIN,0.8772527600,0.9805451900
spatial,0,CH,GROWTH,SVR,0.7257292558105972,82,TRAIN,0.5245099800,0.8691241500
spatial,0,CH,GROWTH,MLP,0.2172018716347308,82,TRAIN,-0.0000000742,0.6599941200
spatial,0,CH,SYMMETRY,MLR,0.2918572208560644,500,TRAIN,0.2496033700,0.3415763700
spatial,0,CH,SYMMETRY,RF,0.3521671899713301,500,TRAIN,0.3232939900,0.3924302400
spatial,0,CH,SYMMETRY,SVR,0.4689701029023738,500,TRAIN,0.4314100900,0.5060879300
spatial,0,CH,SYMMETRY,MLP,0.36214675076753006,500,TRAIN,0.2576647600,0.4518467900
spatial,0,CH,SYMMETRY,MLR,0.31182748712608377,447,TRAIN,0.2553399300,0.3782219400
spatial,0,CH,SYMMETRY,RF,0.3751731029519895,447,TRAIN,0.3357876300,0.4213173300
spatial,0,CH,SYMMETRY,SVR,0.4676604557615452,447,TRAIN,0.4163937100,0.5135817700
spatial,0,CH,SYMMETRY,MLP,0.3677181866401705,447,TRAIN,0.2832043400,0.4615905000
spatial,0,CH,SYMMETRY,MLR,0.31425041071027504,395,TRAIN,0.2587743200,0.3821628600
spatial,0,CH,SYMMETRY,RF,0.3988021682097577,395,TRAIN,0.3517373300,0.4469913400
spatial,0,CH,SYMMETRY,SVR,0.4764315792332705,395,TRAIN,0.4221105000,0.5223048800
spatial,0,CH,SYMMETRY,MLP,0.36044662983818265,395,TRAIN,0.2535181600,0.4872714200
spatial,0,CH,SYMMETRY,MLR,0.33991142893112125,343,TRAIN,0.2609549600,0.4412195700
spatial,0,CH,SYMMETRY,RF,0.43866588274602825,343,TRAIN,0.3885575100,0.4948573200
spatial,0,CH,SYMMETRY,SVR,0.4889529702475902,343,TRAIN,0.4245489900,0.5541710900
spatial,0,CH,SYMMETRY,MLP,0.34424242814386163,343,TRAIN,0.2552442600,0.4435310300
spatial,0,CH,SYMMETRY,MLR,0.3578057045046987,291,TRAIN,0.2695021800,0.4418964400
spatial,0,CH,SYMMETRY,RF,0.4610408112919896,291,TRAIN,0.4059826900,0.5332702900
spatial,0,CH,SYMMETRY,SVR,0.5048871572689045,291,TRAIN,0.4400179700,0.5647615200
spatial,0,CH,SYMMETRY,MLP,0.34597486484720363,291,TRAIN,0.2485061700,0.4666786400
spatial,0,CH,SYMMETRY,MLR,0.3814774525699427,238,TRAIN,0.2873473000,0.4686586600
spatial,0,CH,SYMMETRY,RF,0.5113930257964218,238,TRAIN,0.4516069800,0.5717136000
spatial,0,CH,SYMMETRY,SVR,0.5209601384681745,238,TRAIN,0.4510523900,0.5910120300
spatial,0,CH,SYMMETRY,MLP,0.3365159591904376,238,TRAIN,0.2217146100,0.4261595800
spatial,0,CH,SYMMETRY,MLR,0.4411112739637877,186,TRAIN,0.3380093500,0.5570025000
spatial,0,CH,SYMMETRY,RF,0.5942232608999684,186,TRAIN,0.5331945100,0.6551854700
spatial,0,CH,SYMMETRY,SVR,0.5398198583517168,186,TRAIN,0.4570843100,0.6226933300
spatial,0,CH,SYMMETRY,MLP,0.3352347889087749,186,TRAIN,0.1989517600,0.4610207600
spatial,0,CH,SYMMETRY,MLR,0.5062350295424942,134,TRAIN,0.3728900000,0.6478780100
spatial,0,CH,SYMMETRY,RF,0.6968702292459313,134,TRAIN,0.6392573400,0.7474667600
spatial,0,CH,SYMMETRY,SVR,0.5591929931694056,134,TRAIN,0.4529928800,0.6509881300
spatial,0,CH,SYMMETRY,MLP,0.3652001963978264,134,TRAIN,0.2470987700,0.4969561900
spatial,0,CH,SYMMETRY,MLR,0.6936378803916555,82,TRAIN,0.5654671900,0.8020288300
spatial,0,CH,SYMMETRY,RF,0.7936861851586414,82,TRAIN,0.7240813800,0.8500278800
spatial,0,CH,SYMMETRY,SVR,0.6057201557913041,82,TRAIN,0.4885521000,0.7323984000
spatial,0,CH,SYMMETRY,MLP,0.3802262230080856,82,TRAIN,0.1775025800,0.6114781400
topo,0,C,ACTIVITY,MLR,0.22079532895864454,500,TEST,0.0592546000,0.3167650700
topo,0,C,ACTIVITY,RF,0.25234029653340273,500,TEST,0.1299208400,0.3469611100
topo,0,C,ACTIVITY,SVR,0.23471889888514816,500,TEST,0.0393033300,0.3730895800
topo,0,C,ACTIVITY,MLP,0.19861706968985007,500,TEST,0.0525064900,0.3192838800
topo,0,C,ACTIVITY,MLR,0.11599688595127625,447,TEST,0.0256754100,0.3089411900
topo,0,C,ACTIVITY,RF,0.24943685695776754,447,TEST,0.1288349600,0.3466132400
topo,0,C,ACTIVITY,SVR,0.2335291650282368,447,TEST,0.0579072600,0.3783914500
topo,0,C,ACTIVITY,MLP,0.1965154447608452,447,TEST,-0.0202923200,0.3563368300
topo,0,C,ACTIVITY,MLR,0.14930736082189122,395,TEST,-0.0991268000,0.3500765700
topo,0,C,ACTIVITY,RF,0.2438267387228001,395,TEST,0.0950365600,0.3649626100
topo,0,C,ACTIVITY,SVR,0.21905684621454166,395,TEST,0.0325240600,0.3487697200
topo,0,C,ACTIVITY,MLP,0.1984120046650754,395,TEST,0.0029550700,0.3989254800
topo,0,C,ACTIVITY,MLR,-0.15960729372050692,343,TEST,-2.0931121300,0.3307139600
topo,0,C,ACTIVITY,RF,0.2285695300317849,343,TEST,0.0301497300,0.3617242200
topo,0,C,ACTIVITY,SVR,0.2095997441397809,343,TEST,-0.0008744100,0.3738714100
topo,0,C,ACTIVITY,MLP,0.1620137107951956,343,TEST,-0.0722089100,0.3359146000
topo,0,C,ACTIVITY,MLR,0.06632462393559524,291,TEST,-1.2258550100,0.3613228900
topo,0,C,ACTIVITY,RF,0.2429977913282388,291,TEST,0.0618805400,0.3668352000
topo,0,C,ACTIVITY,SVR,0.21956013404329688,291,TEST,0.0114617100,0.4039160600
topo,0,C,ACTIVITY,MLP,0.1644390040961415,291,TEST,-0.0582513500,0.3500226300
topo,0,C,ACTIVITY,MLR,-0.467306404336617,238,TEST,-6.9191404000,0.3645769400
topo,0,C,ACTIVITY,RF,0.22650846722572696,238,TEST,0.0205246600,0.4080689900
topo,0,C,ACTIVITY,SVR,0.18204374389564493,238,TEST,-0.0429275200,0.3945380900
topo,0,C,ACTIVITY,MLP,0.17456792683556951,238,TEST,-0.0138429100,0.3815574000
topo,0,C,ACTIVITY,MLR,-0.4778410716010781,186,TEST,-5.1216207000,0.3664658300
topo,0,C,ACTIVITY,RF,0.17793914201504174,186,TEST,-0.1374524000,0.3906371200
topo,0,C,ACTIVITY,SVR,0.1755506298973104,186,TEST,-0.1206815900,0.3615899100
topo,0,C,ACTIVITY,MLP,0.10755974188288793,186,TEST,-0.1777935600,0.3673315200
topo,0,C,ACTIVITY,MLR,-2.7167567695205377,134,TEST,-37.4882887200,0.3307461600
topo,0,C,ACTIVITY,RF,0.18076519229002952,134,TEST,-0.1786163000,0.4287128300
topo,0,C,ACTIVITY,SVR,0.13109131820273645,134,TEST,-0.2267120300,0.3791837400
topo,0,C,ACTIVITY,MLP,0.05603259877118468,134,TEST,-0.2457658700,0.2927888900
topo,0,C,ACTIVITY,MLR,-9.365236255001939,82,TEST,-3.8585150100,0.2823351700
topo,0,C,ACTIVITY,RF,0.12579562014660076,82,TEST,-0.2685947800,0.4460740300
topo,0,C,ACTIVITY,SVR,0.10674083694669452,82,TEST,-0.3420859300,0.4698660500
topo,0,C,ACTIVITY,MLP,-0.03140469197111756,82,TEST,-0.4052358900,0.3171091700
topo,0,C,GROWTH,MLR,0.2567598296229427,500,TEST,0.0929522600,0.3650754000
topo,0,C,GROWTH,RF,0.2694544435356781,500,TEST,0.1191939100,0.3796830800
topo,0,C,GROWTH,SVR,0.22932779676199205,500,TEST,0.0394092500,0.3711081800
topo,0,C,GROWTH,MLP,0.244955130689972,500,TEST,0.1381949200,0.3408842900
topo,0,C,GROWTH,MLR,0.21479822028278112,447,TEST,-0.0768947300,0.3292254200
topo,0,C,GROWTH,RF,0.266904970417131,447,TEST,0.1499861600,0.3856625000
topo,0,C,GROWTH,SVR,0.2405159359698144,447,TEST,0.0542682500,0.3622858400
topo,0,C,GROWTH,MLP,0.24259792728718999,447,TEST,0.1282447100,0.3335009300
topo,0,C,GROWTH,MLR,0.2254248485603532,395,TEST,-0.0906573700,0.4008606800
topo,0,C,GROWTH,RF,0.2649684193858225,395,TEST,0.0773258700,0.4045677400
topo,0,C,GROWTH,SVR,0.22029015314717906,395,TEST,0.0552618700,0.3600274800
topo,0,C,GROWTH,MLP,0.2254918925215355,395,TEST,0.1057037800,0.3492453900
topo,0,C,GROWTH,MLR,0.13545706585229594,343,TEST,-0.1290861100,0.3624256400
topo,0,C,GROWTH,RF,0.26560125334429696,343,TEST,0.1143963900,0.4039265000
topo,0,C,GROWTH,SVR,0.2311997241812872,343,TEST,0.0373456700,0.3975418300
topo,0,C,GROWTH,MLP,0.2199280290961976,343,TEST,0.0997493900,0.3537329800
topo,0,C,GROWTH,MLR,0.1722851491058159,291,TEST,-0.2175090000,0.3610359500
topo,0,C,GROWTH,RF,0.2338007096749787,291,TEST,0.0329536000,0.4282925100
topo,0,C,GROWTH,SVR,0.2028841105728265,291,TEST,0.0300640300,0.4147440100
topo,0,C,GROWTH,MLP,0.18170634723740686,291,TEST,-0.0018691800,0.3127293200
topo,0,C,GROWTH,MLR,0.006977902466151095,238,TEST,-0.2279439300,0.4032149100
topo,0,C,GROWTH,RF,0.23258767729278346,238,TEST,-0.0097970300,0.4081969100
topo,0,C,GROWTH,SVR,0.1986564930287839,238,TEST,-0.0891317700,0.3728279600
topo,0,C,GROWTH,MLP,0.1625185154994067,238,TEST,-0.0437511600,0.3259501000
topo,0,C,GROWTH,MLR,-0.6843616338054536,186,TEST,-0.6417512700,0.3826184200
topo,0,C,GROWTH,RF,0.1892543796895655,186,TEST,-0.1163278800,0.3939686400
topo,0,C,GROWTH,SVR,0.2094062190360088,186,TEST,-0.0937500600,0.4717221200
topo,0,C,GROWTH,MLP,0.06966275827572001,186,TEST,-0.0621495300,0.3054353600
topo,0,C,GROWTH,MLR,-0.7449916670249559,134,TEST,-5.9689431100,0.4348948000
topo,0,C,GROWTH,RF,0.14379151075901642,134,TEST,-0.2981773100,0.4280635800
topo,0,C,GROWTH,SVR,0.1652200393751069,134,TEST,-0.2096636500,0.4358332700
topo,0,C,GROWTH,MLP,-0.026380534603808143,134,TEST,-0.2227146100,0.1136511500
topo,0,C,GROWTH,MLR,-2.184934873082565,82,TEST,-10.4260940800,0.4167146100
topo,0,C,GROWTH,RF,0.029258069622006805,82,TEST,-0.5333269700,0.4253587300
topo,0,C,GROWTH,SVR,0.12645838458415007,82,TEST,-0.3750624900,0.4892495000
topo,0,C,GROWTH,MLP,-0.06179201570224915,82,TEST,-0.3551403420,-0.0000157798
topo,0,C,SYMMETRY,MLR,-0.05310398295969612,500,TEST,-0.0631266500,0.0242544200
topo,0,C,SYMMETRY,RF,-0.0006448721939028022,500,TEST,-0.0467096500,0.0400427700
topo,0,C,SYMMETRY,SVR,-0.06277177108595676,500,TEST,-0.1890453800,0.0205360300
topo,0,C,SYMMETRY,MLP,-0.01832746937727243,500,TEST,-0.1205328700,0.0483031100
topo,0,C,SYMMETRY,MLR,-0.019232454022641083,447,TEST,-0.0777764600,0.0296570400
topo,0,C,SYMMETRY,RF,-0.01469182252200994,447,TEST,-0.0909956800,0.0451200000
topo,0,C,SYMMETRY,SVR,-0.07540337885805498,447,TEST,-0.1937993500,0.0350459700
topo,0,C,SYMMETRY,MLP,-0.04454965186679812,447,TEST,-0.2512201300,0.0504602700
topo,0,C,SYMMETRY,MLR,-0.017449566232005262,395,TEST,-0.1045376900,0.0337677000
topo,0,C,SYMMETRY,RF,-0.012418416443828757,395,TEST,-0.1245946000,0.0442887900
topo,0,C,SYMMETRY,SVR,-0.06707241651132928,395,TEST,-0.2146319500,0.0354256800
topo,0,C,SYMMETRY,MLP,-0.03855755297142752,395,TEST,-0.1987568500,0.0471534000
topo,0,C,SYMMETRY,MLR,-0.10876617582636824,343,TEST,-1.6654865300,0.0413325500
topo,0,C,SYMMETRY,RF,-0.013633990204977752,343,TEST,-0.0961750800,0.0485487400
topo,0,C,SYMMETRY,SVR,-0.08173592187607907,343,TEST,-0.2242712600,0.0349906700
topo,0,C,SYMMETRY,MLP,-0.054331737857654834,343,TEST,-0.4433883200,0.0456975100
topo,0,C,SYMMETRY,MLR,-0.09815727245983846,291,TEST,-0.1272959200,0.0349331300
topo,0,C,SYMMETRY,RF,-0.016789678732517795,291,TEST,-0.1279730900,0.0650917000
topo,0,C,SYMMETRY,SVR,-0.09544453335002802,291,TEST,-0.2485692100,0.0458816800
topo,0,C,SYMMETRY,MLP,-0.06508685975233018,291,TEST,-0.4149339600,0.0574553500
topo,0,C,SYMMETRY,MLR,-0.10406971175258796,238,TEST,-1.1242658500,0.0621553100
topo,0,C,SYMMETRY,RF,-0.023130673680778032,238,TEST,-0.1597279800,0.0717441000
topo,0,C,SYMMETRY,SVR,-0.11679991921329334,238,TEST,-0.3741041900,0.0504912600
topo,0,C,SYMMETRY,MLP,-0.08540523740521642,238,TEST,-0.4203535400,0.0642615000
topo,0,C,SYMMETRY,MLR,-0.28495181195055264,186,TEST,-3.5299989300,0.0778059500
topo,0,C,SYMMETRY,RF,-0.036830464209613965,186,TEST,-0.1700838500,0.0746028000
topo,0,C,SYMMETRY,SVR,-0.1256978113122235,186,TEST,-0.3839493000,0.0762511000
topo,0,C,SYMMETRY,MLP,-0.08146574350864771,186,TEST,-0.4860080400,0.0597303700
topo,0,C,SYMMETRY,MLR,-1.9611351475111785,134,TEST,-19.9650072700,0.0692847000
topo,0,C,SYMMETRY,RF,-0.06562536998496385,134,TEST,-0.2999604000,0.0659968600
topo,0,C,SYMMETRY,SVR,-0.1540944581737711,134,TEST,-0.4334259200,0.0618769300
topo,0,C,SYMMETRY,MLP,-0.06854956037408805,134,TEST,-0.3718549600,0.0574986700
topo,0,C,SYMMETRY,MLR,-1.5557283871447989,82,TEST,-16.1478554800,0.1431469700
topo,0,C,SYMMETRY,RF,-0.1086796975999145,82,TEST,-0.4910822200,0.1491045300
topo,0,C,SYMMETRY,SVR,-0.16910276820961442,82,TEST,-0.5668727900,0.1060762500
topo,0,C,SYMMETRY,MLP,-0.08969719316762674,82,TEST,-0.4395520700,0.0510460800
spatial,0,C,ACTIVITY,MLR,0.19209163095157936,500,TEST,0.0796515500,0.3219213200
spatial,0,C,ACTIVITY,RF,0.25242655901551553,500,TEST,0.1441073700,0.3616564100
spatial,0,C,ACTIVITY,SVR,0.24280642364314325,500,TEST,0.0841664100,0.3686837800
spatial,0,C,ACTIVITY,MLP,0.15167088491695102,500,TEST,-0.4346816700,0.3268612200
spatial,0,C,ACTIVITY,MLR,0.1951609837719639,447,TEST,0.0573537000,0.3131626800
spatial,0,C,ACTIVITY,RF,0.2501180363361565,447,TEST,0.1168414300,0.3702992400
spatial,0,C,ACTIVITY,SVR,0.2478815795809597,447,TEST,0.1156457900,0.3731912500
spatial,0,C,ACTIVITY,MLP,0.18608579600690486,447,TEST,0.0249997100,0.3293943700
spatial,0,C,ACTIVITY,MLR,0.15731382796714385,395,TEST,-0.4665107600,0.3180891200
spatial,0,C,ACTIVITY,RF,0.23242492446844465,395,TEST,0.0759332200,0.3452763200
spatial,0,C,ACTIVITY,SVR,0.23113519130678245,395,TEST,0.0439702900,0.3750597500
spatial,0,C,ACTIVITY,MLP,0.14634538309235315,395,TEST,-0.1535427500,0.3210814100
spatial,0,C,ACTIVITY,MLR,0.12340465561953795,343,TEST,-1.0701159200,0.3245751400
spatial,0,C,ACTIVITY,RF,0.2261722273785612,343,TEST,0.0868849900,0.3353270200
spatial,0,C,ACTIVITY,SVR,0.2277352338512932,343,TEST,-0.0012444700,0.4057922600
spatial,0,C,ACTIVITY,MLP,-0.14962878595100546,343,TEST,-4.1284768900,0.3183284000
spatial,0,C,ACTIVITY,MLR,0.06292059687157656,291,TEST,-0.7166221400,0.3202809200
spatial,0,C,ACTIVITY,RF,0.2259772679031301,291,TEST,0.0884365200,0.3682346100
spatial,0,C,ACTIVITY,SVR,0.20075526295017224,291,TEST,0.0311916800,0.3877720600
spatial,0,C,ACTIVITY,MLP,-0.07213713970728412,291,TEST,-2.2104627600,0.3062077600
spatial,0,C,ACTIVITY,MLR,-0.2114362716786416,238,TEST,-4.4455654300,0.3242202500
spatial,0,C,ACTIVITY,RF,0.18761355179379344,238,TEST,-0.0639733500,0.3484629100
spatial,0,C,ACTIVITY,SVR,0.20031808446064306,238,TEST,-0.0662558200,0.3712679400
spatial,0,C,ACTIVITY,MLP,-0.5478854667656596,238,TEST,-6.3898978800,0.2815297100
spatial,0,C,ACTIVITY,MLR,0.06670007285438624,186,TEST,-0.4184610400,0.3344840100
spatial,0,C,ACTIVITY,RF,0.17313983591960405,186,TEST,-0.0453495600,0.3548845100
spatial,0,C,ACTIVITY,SVR,0.1832436488166731,186,TEST,-0.1222449100,0.4129301700
spatial,0,C,ACTIVITY,MLP,-0.5243415447388863,186,TEST,-4.9985336700,0.2483012900
spatial,0,C,ACTIVITY,MLR,-1.085014062478364,134,TEST,-16.4856585600,0.2928065300
spatial,0,C,ACTIVITY,RF,0.12600814637005878,134,TEST,-0.1854138400,0.3585057800
spatial,0,C,ACTIVITY,SVR,0.1738249265934578,134,TEST,-0.2258439300,0.4325839400
spatial,0,C,ACTIVITY,MLP,-1.9141079782824841,134,TEST,-11.7289679000,0.3548332100
spatial,0,C,ACTIVITY,MLR,-10.044980303218443,82,TEST,-28.7469365400,0.2602978800
spatial,0,C,ACTIVITY,RF,0.0663270755551361,82,TEST,-0.3071775700,0.3588443400
spatial,0,C,ACTIVITY,SVR,0.096805020588428,82,TEST,-0.3322582200,0.4304075800
spatial,0,C,ACTIVITY,MLP,-11.260043434050234,82,TEST,-38.7427959800,0.2606906900
spatial,0,C,GROWTH,MLR,0.2637082284822889,500,TEST,-0.0826520100,0.3966843200
spatial,0,C,GROWTH,RF,0.2542402258709973,500,TEST,0.1356497000,0.3595958600
spatial,0,C,GROWTH,SVR,0.2286974694069543,500,TEST,0.1040254100,0.3617446500
spatial,0,C,GROWTH,MLP,0.16661655859033164,500,TEST,-0.3402004700,0.3772801800
spatial,0,C,GROWTH,MLR,0.2405592680850349,447,TEST,-0.0162958400,0.3745242400
spatial,0,C,GROWTH,RF,0.262961169121731,447,TEST,0.1576134600,0.3680087500
spatial,0,C,GROWTH,SVR,0.2420416816801515,447,TEST,0.1000522200,0.4058661500
spatial,0,C,GROWTH,MLP,0.19739662551936127,447,TEST,-0.2134210900,0.3782083800
spatial,0,C,GROWTH,MLR,0.21837442640876328,395,TEST,-0.1308979700,0.4094869100
spatial,0,C,GROWTH,RF,0.25989563477944394,395,TEST,0.1289867500,0.3606562500
spatial,0,C,GROWTH,SVR,0.2298421559973177,395,TEST,0.0937630700,0.4007487800
spatial,0,C,GROWTH,MLP,0.12552388625685765,395,TEST,-0.7585102200,0.3682493400
spatial,0,C,GROWTH,MLR,0.2386993711981019,343,TEST,-0.0411383900,0.3919642800
spatial,0,C,GROWTH,RF,0.2313669023757385,343,TEST,0.0787802400,0.3560634700
spatial,0,C,GROWTH,SVR,0.2350019989990722,343,TEST,0.0579944300,0.3946821600
spatial,0,C,GROWTH,MLP,0.054801860689857984,343,TEST,-0.5297772500,0.3545352600
spatial,0,C,GROWTH,MLR,0.1040090161427542,291,TEST,-0.8866442700,0.3833568100
spatial,0,C,GROWTH,RF,0.2511770154650709,291,TEST,0.0698944400,0.3805208800
spatial,0,C,GROWTH,SVR,0.207203414295764,291,TEST,0.0411249300,0.4099705400
spatial,0,C,GROWTH,MLP,-0.2266393104675416,291,TEST,-4.0609940800,0.3363354100
spatial,0,C,GROWTH,MLR,0.09689164857302307,238,TEST,-1.0576257400,0.4090714500
spatial,0,C,GROWTH,RF,0.2218901025641472,238,TEST,0.0410052600,0.3912903100
spatial,0,C,GROWTH,SVR,0.20466608394929545,238,TEST,0.0011183500,0.4180493700
spatial,0,C,GROWTH,MLP,-0.30099747598496074,238,TEST,-0.9562874400,0.4035986300
spatial,0,C,GROWTH,MLR,-0.5191553422658322,186,TEST,-4.8591963600,0.4231397600
spatial,0,C,GROWTH,RF,0.2048230432986581,186,TEST,-0.0086627800,0.3939240800
spatial,0,C,GROWTH,SVR,0.1870789651621808,186,TEST,-0.0915826600,0.4114820600
spatial,0,C,GROWTH,MLP,-1.7692732475381474,186,TEST,-2.9872985300,0.4261699600
spatial,0,C,GROWTH,MLR,-0.5274902543113393,134,TEST,-2.0160056600,0.4371022400
spatial,0,C,GROWTH,RF,0.14672827227410656,134,TEST,-0.1700557000,0.4217906400
spatial,0,C,GROWTH,SVR,0.17054158789797846,134,TEST,-0.1467831900,0.4247862000
spatial,0,C,GROWTH,MLP,-2.1897782627229736,134,TEST,-29.5855438200,0.3741701100
spatial,0,C,GROWTH,MLR,-0.5384851050911422,82,TEST,-2.3638282700,0.4712275700
spatial,0,C,GROWTH,RF,0.1161572535642006,82,TEST,-0.2381825200,0.3957170000
spatial,0,C,GROWTH,SVR,0.12743738084081993,82,TEST,-0.3119089200,0.4377111800
spatial,0,C,GROWTH,MLP,-1.21323876361602,82,TEST,-3.9466840500,0.3878344300
spatial,0,C,SYMMETRY,MLR,-0.004684089407982058,500,TEST,-0.0746492200,0.0211945900
spatial,0,C,SYMMETRY,RF,-0.003386340753025048,500,TEST,-0.0448747000,0.0375902800
spatial,0,C,SYMMETRY,SVR,-0.06466007799188991,500,TEST,-0.1876496800,0.0346720500
spatial,0,C,SYMMETRY,MLP,-0.01292371104188526,500,TEST,-0.0639376500,0.0177185400
spatial,0,C,SYMMETRY,MLR,-0.008596665313136725,447,TEST,-0.0455565600,0.0254588400
spatial,0,C,SYMMETRY,RF,-0.011371224314294104,447,TEST,-0.0750020300,0.0378418400
spatial,0,C,SYMMETRY,SVR,-0.08305342150945855,447,TEST,-0.2258615800,0.0258296200
spatial,0,C,SYMMETRY,MLP,-0.010851787225146915,447,TEST,-0.0903625400,0.0199301200
spatial,0,C,SYMMETRY,MLR,-0.009172527011783121,395,TEST,-0.0740249900,0.0359699800
spatial,0,C,SYMMETRY,RF,-0.014757821580227856,395,TEST,-0.0792370700,0.0373323900
spatial,0,C,SYMMETRY,SVR,-0.08250128334568306,395,TEST,-0.2960626400,0.0331703400
spatial,0,C,SYMMETRY,MLP,-0.01140355379578287,395,TEST,-0.0836224100,0.0203122500
spatial,0,C,SYMMETRY,MLR,-0.03529957874883745,343,TEST,-0.0957231400,0.0332692800
spatial,0,C,SYMMETRY,RF,-0.01711852619056754,343,TEST,-0.0967159200,0.0507506000
spatial,0,C,SYMMETRY,SVR,-0.08843128718025145,343,TEST,-0.2379724400,0.0207557100
spatial,0,C,SYMMETRY,MLP,-0.018780765646644243,343,TEST,-0.1348208900,0.0253716500
spatial,0,C,SYMMETRY,MLR,-0.1875777570712273,291,TEST,-0.1304109900,0.0375967500
spatial,0,C,SYMMETRY,RF,-0.02618097216297322,291,TEST,-0.1074415100,0.0478643200
spatial,0,C,SYMMETRY,SVR,-0.10584464839226466,291,TEST,-0.2929226600,0.0580760200
spatial,0,C,SYMMETRY,MLP,-0.022553970010693227,291,TEST,-0.1328739100,0.0233674500
spatial,0,C,SYMMETRY,MLR,-0.2283067770163272,238,TEST,-2.9424796900,0.0472929700
spatial,0,C,SYMMETRY,RF,-0.03219653130643494,238,TEST,-0.1543222100,0.0622187100
spatial,0,C,SYMMETRY,SVR,-0.1145464184612025,238,TEST,-0.3449578900,0.0482637000
spatial,0,C,SYMMETRY,MLP,-0.02806539554296277,238,TEST,-0.1254580000,0.0137530600
spatial,0,C,SYMMETRY,MLR,-0.6371453585118099,186,TEST,-1.9885241800,0.0506235900
spatial,0,C,SYMMETRY,RF,-0.04736526120157642,186,TEST,-0.1771985300,0.0658226200
spatial,0,C,SYMMETRY,SVR,-0.1244551980000396,186,TEST,-0.3635675900,0.0383795500
spatial,0,C,SYMMETRY,MLP,-0.02573983605248984,186,TEST,-0.1387262800,0.0121927700
spatial,0,C,SYMMETRY,MLR,-0.9997985112007592,134,TEST,-18.3777100300,0.0603851400
spatial,0,C,SYMMETRY,RF,-0.051682017123831234,134,TEST,-0.2788633000,0.0797448400
spatial,0,C,SYMMETRY,SVR,-0.14258290386974026,134,TEST,-0.4419254200,0.0896928900
spatial,0,C,SYMMETRY,MLP,-0.03187164466412467,134,TEST,-0.1602483700,0.0022398400
spatial,0,C,SYMMETRY,MLR,-3.777445568479873,82,TEST,-1.6156107500,0.1209180200
spatial,0,C,SYMMETRY,RF,-0.12106291663777245,82,TEST,-0.4910845800,0.1171412500
spatial,0,C,SYMMETRY,SVR,-0.18083487885829336,82,TEST,-0.6642714300,0.1446761100
spatial,0,C,SYMMETRY,MLP,-0.06088526530460647,82,TEST,-0.2533853900,0.0007902300
topo,0,CH,ACTIVITY,MLR,0.06211277007628632,500,TEST,-0.0621281700,0.1520712200
topo,0,CH,ACTIVITY,RF,0.04713284861005471,500,TEST,-0.0080701600,0.0866056700
topo,0,CH,ACTIVITY,SVR,0.04222761355354437,500,TEST,-0.0307778900,0.1287787600
topo,0,CH,ACTIVITY,MLP,0.019039267603886488,500,TEST,-0.3408687000,0.1414314000
topo,0,CH,ACTIVITY,MLR,0.037366477920256914,447,TEST,-0.1469733900,0.1561854500
topo,0,CH,ACTIVITY,RF,0.04135564286485019,447,TEST,-0.0498473100,0.1155627500
topo,0,CH,ACTIVITY,SVR,0.04354871963742982,447,TEST,-0.0271368700,0.1134761700
topo,0,CH,ACTIVITY,MLP,-0.010070794921331862,447,TEST,-0.4123637900,0.1510830700
topo,0,CH,ACTIVITY,MLR,0.03274074842048395,395,TEST,-0.1358383600,0.1544222100
topo,0,CH,ACTIVITY,RF,0.0452956816065903,395,TEST,-0.0510651900,0.1102176900
topo,0,CH,ACTIVITY,SVR,0.035527206798206964,395,TEST,-0.0416293700,0.1160694700
topo,0,CH,ACTIVITY,MLP,0.02180581636417173,395,TEST,-0.2451428900,0.1747160600
topo,0,CH,ACTIVITY,MLR,0.02614214451732915,343,TEST,-0.1483946700,0.1771989000
topo,0,CH,ACTIVITY,RF,0.03483042154833532,343,TEST,-0.0828702700,0.0941333100
topo,0,CH,ACTIVITY,SVR,0.023053628123773973,343,TEST,-0.0621642100,0.1175813600
topo,0,CH,ACTIVITY,MLP,0.010660499079938192,343,TEST,-0.2439421400,0.1410729100
topo,0,CH,ACTIVITY,MLR,-0.04280867031440497,291,TEST,-0.5454200100,0.1818263600
topo,0,CH,ACTIVITY,RF,0.03437294290331425,291,TEST,-0.0653870800,0.1008834700
topo,0,CH,ACTIVITY,SVR,0.0281613157120074,291,TEST,-0.0642883600,0.1613250900
topo,0,CH,ACTIVITY,MLP,-0.008417150021799305,291,TEST,-0.2754266800,0.1477146200
topo,0,CH,ACTIVITY,MLR,-0.07983349214328135,238,TEST,-0.9269646900,0.2192132600
topo,0,CH,ACTIVITY,RF,0.01929347457497798,238,TEST,-0.1168038100,0.1042404500
topo,0,CH,ACTIVITY,SVR,0.020335000490943084,238,TEST,-0.0920694900,0.1192382800
topo,0,CH,ACTIVITY,MLP,-0.025348152395854667,238,TEST,-0.3531887200,0.1525539000
topo,0,CH,ACTIVITY,MLR,-0.2397197665101819,186,TEST,-2.2011301100,0.2307068800
topo,0,CH,ACTIVITY,RF,0.004515003211387195,186,TEST,-0.2138678100,0.1318052700
topo,0,CH,ACTIVITY,SVR,0.016211937690155408,186,TEST,-0.1239767200,0.1919075500
topo,0,CH,ACTIVITY,MLP,-0.054414303325249366,186,TEST,-0.5202680100,0.1688409500
topo,0,CH,ACTIVITY,MLR,-0.8954795599718579,134,TEST,-11.9069886700,0.1787463100
topo,0,CH,ACTIVITY,RF,-0.012079733018010907,134,TEST,-0.2466932300,0.1565931500
topo,0,CH,ACTIVITY,SVR,0.011224721650833493,134,TEST,-0.1588047900,0.1854708400
topo,0,CH,ACTIVITY,MLP,-0.09328635995665127,134,TEST,-0.6994627000,0.0755530500
topo,0,CH,ACTIVITY,MLR,-21.051280566132604,82,TEST,-102.5937311800,0.2179684200
topo,0,CH,ACTIVITY,RF,-0.10129251604357913,82,TEST,-0.7294591900,0.1426845000
topo,0,CH,ACTIVITY,SVR,-0.04524995414032167,82,TEST,-0.3089834200,0.1733325600
topo,0,CH,ACTIVITY,MLP,-0.27015351490513484,82,TEST,-2.5348607400,0.0261478900
topo,0,CH,GROWTH,MLR,0.19815422563860435,500,TEST,-0.0489928100,0.3646857300
topo,0,CH,GROWTH,RF,0.16188056601201162,500,TEST,0.0656965400,0.2518158600
topo,0,CH,GROWTH,SVR,0.21363349421858088,500,TEST,0.0670230300,0.3131969100
topo,0,CH,GROWTH,MLP,0.17811712305716065,500,TEST,-0.1788665100,0.3573783900
topo,0,CH,GROWTH,MLR,0.15806832998018489,447,TEST,-0.3175092000,0.3728089800
topo,0,CH,GROWTH,RF,0.15190902520216648,447,TEST,0.0180107400,0.2589037600
topo,0,CH,GROWTH,SVR,0.1961703308385875,447,TEST,0.0728092500,0.3093254000
topo,0,CH,GROWTH,MLP,0.15540904923877602,447,TEST,-0.3474602000,0.3877297800
topo,0,CH,GROWTH,MLR,0.12693468595073573,395,TEST,-0.1984550200,0.3692230400
topo,0,CH,GROWTH,RF,0.16273167538996042,395,TEST,0.0317251200,0.2624968400
topo,0,CH,GROWTH,SVR,0.19543295600653515,395,TEST,0.0101856200,0.3148224000
topo,0,CH,GROWTH,MLP,-0.2304187115706384,395,TEST,-0.2010542800,0.3637093300
topo,0,CH,GROWTH,MLR,0.02379721749428721,343,TEST,-1.5674227600,0.3856594800
topo,0,CH,GROWTH,RF,0.15942181961361473,343,TEST,0.0385752200,0.2755447100
topo,0,CH,GROWTH,SVR,0.17055455218214002,343,TEST,-0.0367118600,0.3043770800
topo,0,CH,GROWTH,MLP,-0.031152160244874345,343,TEST,-1.2005543700,0.2853859600
topo,0,CH,GROWTH,MLR,0.04108282115392197,291,TEST,-1.0375327900,0.3435933400
topo,0,CH,GROWTH,RF,0.12053731646225607,291,TEST,-0.1659992200,0.2924740800
topo,0,CH,GROWTH,SVR,0.17247869978690794,291,TEST,0.0177746200,0.3369969900
topo,0,CH,GROWTH,MLP,0.01719278968626966,291,TEST,-0.4097391900,0.3516702200
topo,0,CH,GROWTH,MLR,-0.2640286236859642,238,TEST,-2.5575315800,0.3881478000
topo,0,CH,GROWTH,RF,0.1308313345385592,238,TEST,-0.0691189500,0.3082578700
topo,0,CH,GROWTH,SVR,0.14028103735006398,238,TEST,-0.0838430100,0.2661997500
topo,0,CH,GROWTH,MLP,-0.15014339869317184,238,TEST,-1.1321795000,0.3563228700
topo,0,CH,GROWTH,MLR,-0.9706100323628586,186,TEST,-5.4136547500,0.3151474900
topo,0,CH,GROWTH,RF,0.08460621203006526,186,TEST,-0.3437074500,0.3327469300
topo,0,CH,GROWTH,SVR,0.11689481338271213,186,TEST,-0.2345072500,0.3227027500
topo,0,CH,GROWTH,MLP,-2.5589552579546866,186,TEST,-13.2735956600,0.3969813200
topo,0,CH,GROWTH,MLR,-4.616315203607155,134,TEST,-22.0560580900,0.3715355200
topo,0,CH,GROWTH,RF,0.037491716924204437,134,TEST,-0.5056824300,0.2909513100
topo,0,CH,GROWTH,SVR,0.058574898749819124,134,TEST,-0.4940946600,0.3216190800
topo,0,CH,GROWTH,MLP,-3.5358905576289934,134,TEST,-16.4350429800,0.3339739200
topo,0,CH,GROWTH,MLR,-18.268399957484558,82,TEST,-93.1362123500,0.3582559400
topo,0,CH,GROWTH,RF,-0.08219017523166545,82,TEST,-1.3061214100,0.3653980000
topo,0,CH,GROWTH,SVR,0.03432179916034733,82,TEST,-0.3451041900,0.3558092500
topo,0,CH,GROWTH,MLP,-1.6660665467809548,82,TEST,-6.4238428100,0.3890597400
topo,0,CH,SYMMETRY,MLR,0.020625337837238016,500,TEST,-0.0403885200,0.0703318000
topo,0,CH,SYMMETRY,RF,0.07531635679808436,500,TEST,-0.0083784300,0.1386476800
topo,0,CH,SYMMETRY,SVR,-0.04739529855286656,500,TEST,-0.7329329600,0.1625739900
topo,0,CH,SYMMETRY,MLP,0.07896925711372205,500,TEST,-0.0049674400,0.1383076100
topo,0,CH,SYMMETRY,MLR,0.006658244522557896,447,TEST,-0.4862774600,0.0732106300
topo,0,CH,SYMMETRY,RF,0.0679714925310392,447,TEST,-0.0165829600,0.1375545100
topo,0,CH,SYMMETRY,SVR,-0.07325374681059686,447,TEST,-0.6480420400,0.1674544200
topo,0,CH,SYMMETRY,MLP,0.08468553732482201,447,TEST,0.0013924400,0.1698866700
topo,0,CH,SYMMETRY,MLR,0.01415978591183365,395,TEST,-0.0904638500,0.0923076300
topo,0,CH,SYMMETRY,RF,0.07187027496003999,395,TEST,-0.0364256600,0.1427013500
topo,0,CH,SYMMETRY,SVR,-0.341619092133826,395,TEST,-2.7126537400,0.1721582000
topo,0,CH,SYMMETRY,MLP,0.07627377770048277,395,TEST,-0.0085620100,0.1547841300
topo,0,CH,SYMMETRY,MLR,-0.057003637528799285,343,TEST,-0.9632662000,0.0889280100
topo,0,CH,SYMMETRY,RF,0.06837638639741797,343,TEST,-0.0913124700,0.1613344900
topo,0,CH,SYMMETRY,SVR,-0.35663747706243565,343,TEST,-3.2967742100,0.1488523000
topo,0,CH,SYMMETRY,MLP,0.05904952878400198,343,TEST,-0.0612342700,0.1588119600
topo,0,CH,SYMMETRY,MLR,-0.039389664030662214,291,TEST,-0.8742782300,0.0955032200
topo,0,CH,SYMMETRY,RF,0.05921978734592135,291,TEST,-0.0453800300,0.1523814000
topo,0,CH,SYMMETRY,SVR,-0.5268810118898246,291,TEST,-5.3879495300,0.1755085600
topo,0,CH,SYMMETRY,MLP,0.03989996341247072,291,TEST,-0.0670009100,0.1472964400
topo,0,CH,SYMMETRY,MLR,-0.06916607435476763,238,TEST,-1.4013204900,0.1352956600
topo,0,CH,SYMMETRY,RF,0.043024320440598236,238,TEST,-0.0971617700,0.1759117600
topo,0,CH,SYMMETRY,SVR,-0.517251917210128,238,TEST,-6.0302268500,0.1858851800
topo,0,CH,SYMMETRY,MLP,0.011286287519570948,238,TEST,-0.0753554500,0.1310284800
topo,0,CH,SYMMETRY,MLR,-0.004943053197120302,186,TEST,-0.1824862100,0.1073792900
topo,0,CH,SYMMETRY,RF,0.023296647668253245,186,TEST,-0.1527125900,0.1575853500
topo,0,CH,SYMMETRY,SVR,-1.9842204647434896,186,TEST,-4.3852040500,0.2194121500
topo,0,CH,SYMMETRY,MLP,-0.004149567738113682,186,TEST,-0.1586302900,0.1175990900
topo,0,CH,SYMMETRY,MLR,-0.5948793131583145,134,TEST,-7.2467507400,0.1169982200
topo,0,CH,SYMMETRY,RF,0.02127711594598219,134,TEST,-0.2262606400,0.2281183900
topo,0,CH,SYMMETRY,SVR,-3.2776700646025048,134,TEST,-31.1461059100,0.1380998200
topo,0,CH,SYMMETRY,MLP,-0.026744235685988986,134,TEST,-0.1444845300,0.0776394300
topo,0,CH,SYMMETRY,MLR,-0.8141806599697773,82,TEST,-7.4779637400,0.1423831800
topo,0,CH,SYMMETRY,RF,-0.04473808786726331,82,TEST,-0.4996210600,0.2316431200
topo,0,CH,SYMMETRY,SVR,-2.828739914020601,82,TEST,-21.3280792700,0.0448670300
topo,0,CH,SYMMETRY,MLP,-0.06058690585260122,82,TEST,-0.2472642350,-0.0000508476
spatial,0,CH,ACTIVITY,MLR,0.035761339228271766,500,TEST,-0.0301488600,0.0979172700
spatial,0,CH,ACTIVITY,RF,0.0570075936518485,500,TEST,-0.0843139800,0.1273056300
spatial,0,CH,ACTIVITY,SVR,0.04100256358609519,500,TEST,-0.0305011100,0.1284110200
spatial,0,CH,ACTIVITY,MLP,-0.03227697252055483,500,TEST,-0.5885980200,0.1481181300
spatial,0,CH,ACTIVITY,MLR,0.043036579932147226,447,TEST,-0.0202929900,0.0996718200
spatial,0,CH,ACTIVITY,RF,0.06424125151784481,447,TEST,-0.0463960800,0.1311779200
spatial,0,CH,ACTIVITY,SVR,0.04799336814449945,447,TEST,-0.0202003200,0.1368061700
spatial,0,CH,ACTIVITY,MLP,-0.033915315521306014,447,TEST,-0.4794726200,0.1592396000
spatial,0,CH,ACTIVITY,MLR,0.034474889246524504,395,TEST,-0.0751507900,0.1208977200
spatial,0,CH,ACTIVITY,RF,0.06503111066195169,395,TEST,-0.0187759000,0.1407407000
spatial,0,CH,ACTIVITY,SVR,0.0394870927937928,395,TEST,-0.0331197500,0.1232991600
spatial,0,CH,ACTIVITY,MLP,-0.012945162066227877,395,TEST,-0.4315937500,0.1749165500
spatial,0,CH,ACTIVITY,MLR,0.02286115436000364,343,TEST,-0.0894479000,0.0986133700
spatial,0,CH,ACTIVITY,RF,0.05676219265723013,343,TEST,-0.0303803200,0.1535337500
spatial,0,CH,ACTIVITY,SVR,0.03819841300292205,343,TEST,-0.0405010900,0.1203797800
spatial,0,CH,ACTIVITY,MLP,-0.005044850513184613,343,TEST,-0.3462738600,0.1674379600
spatial,0,CH,ACTIVITY,MLR,0.009879593925321908,291,TEST,-0.1852989600,0.1389846800
spatial,0,CH,ACTIVITY,RF,0.04270424993060375,291,TEST,-0.0924965300,0.1458422500
spatial,0,CH,ACTIVITY,SVR,0.019310861996741324,291,TEST,-0.0642613200,0.1192100000
spatial,0,CH,ACTIVITY,MLP,-0.04057430961939154,291,TEST,-0.5611425700,0.1861354200
spatial,0,CH,ACTIVITY,MLR,-0.05376247031865959,238,TEST,-0.9203652100,0.1264512100
spatial,0,CH,ACTIVITY,RF,0.0532119230455636,238,TEST,-0.1377517600,0.1732033100
spatial,0,CH,ACTIVITY,SVR,0.029656180976902164,238,TEST,-0.0757930000,0.1396501400
spatial,0,CH,ACTIVITY,MLP,-0.0333093708364827,238,TEST,-0.3241573000,0.1557118500
spatial,0,CH,ACTIVITY,MLR,-0.06657721285742392,186,TEST,-0.5728619700,0.1556774500
spatial,0,CH,ACTIVITY,RF,0.014663570215769537,186,TEST,-0.3146892000,0.1913884100
spatial,0,CH,ACTIVITY,SVR,0.02078043818760817,186,TEST,-0.0986458400,0.1587946700
spatial,0,CH,ACTIVITY,MLP,-0.056635650252212864,186,TEST,-0.4435235900,0.2041862700
spatial,0,CH,ACTIVITY,MLR,-0.1546700992536304,134,TEST,-1.3126112700,0.0893110100
spatial,0,CH,ACTIVITY,RF,-0.033685264719076034,134,TEST,-0.4083734800,0.1976680200
spatial,0,CH,ACTIVITY,SVR,-0.016600217358760282,134,TEST,-0.2008173200,0.1261156400
spatial,0,CH,ACTIVITY,MLP,-0.2322224394293811,134,TEST,-2.1484799000,0.1600471600
spatial,0,CH,ACTIVITY,MLR,-0.6298451364826354,82,TEST,-4.0847464100,0.2153549200
spatial,0,CH,ACTIVITY,RF,-0.2685577285491847,82,TEST,-2.8228502100,0.1855350100
spatial,0,CH,ACTIVITY,SVR,0.003254057868462906,82,TEST,-0.1609438100,0.1791429300
spatial,0,CH,ACTIVITY,MLP,-0.19847186748847348,82,TEST,-1.1740663800,0.1368328300
spatial,0,CH,GROWTH,MLR,0.28793126515085343,500,TEST,-0.1806561900,0.4642875600
spatial,0,CH,GROWTH,RF,0.2127910301838377,500,TEST,0.0163519800,0.3605395400
spatial,0,CH,GROWTH,SVR,0.31000758554187124,500,TEST,0.1097708700,0.4505082400
spatial,0,CH,GROWTH,MLP,0.24969700178268195,500,TEST,0.0620115100,0.3852776300
spatial,0,CH,GROWTH,MLR,0.26914373116428897,447,TEST,-0.3164163500,0.4484531400
spatial,0,CH,GROWTH,RF,0.1924754445640546,447,TEST,0.0248130000,0.3510259000
spatial,0,CH,GROWTH,SVR,0.2789482134910949,447,TEST,-0.1818382800,0.4399479500
spatial,0,CH,GROWTH,MLP,0.2507216314223162,447,TEST,-0.0114573400,0.4148781900
spatial,0,CH,GROWTH,MLR,0.2183746375897348,395,TEST,-0.5375946900,0.4690028900
spatial,0,CH,GROWTH,RF,0.15355437407049086,395,TEST,-0.0756045400,0.3097785200
spatial,0,CH,GROWTH,SVR,0.2693643938286105,395,TEST,-0.1672192500,0.4606535800
spatial,0,CH,GROWTH,MLP,0.2227412092520356,395,TEST,-0.1408868200,0.4035136400
spatial,0,CH,GROWTH,MLR,0.2108543953373147,343,TEST,-0.5791111600,0.4433194800
spatial,0,CH,GROWTH,RF,0.15592716724041011,343,TEST,-0.0529153200,0.3531185800
spatial,0,CH,GROWTH,SVR,0.2221258107505586,343,TEST,-0.2946641500,0.4480345800
spatial,0,CH,GROWTH,MLP,0.25174179473736297,343,TEST,0.0037660000,0.4561810400
spatial,0,CH,GROWTH,MLR,0.17513805936393886,291,TEST,-0.5296582800,0.4522629100
spatial,0,CH,GROWTH,RF,0.1315582330127627,291,TEST,-0.2333962300,0.3831771700
spatial,0,CH,GROWTH,SVR,0.1777911635775751,291,TEST,-0.3239270800,0.4136767900
spatial,0,CH,GROWTH,MLP,0.24123438237796085,291,TEST,0.0731843900,0.4572522800
spatial,0,CH,GROWTH,MLR,0.00718945828127947,238,TEST,-1.4490277100,0.4197023300
spatial,0,CH,GROWTH,RF,0.0896232794930997,238,TEST,-0.2780774800,0.3580131100
spatial,0,CH,GROWTH,SVR,-0.08753339288542182,238,TEST,-1.5283299400,0.4445524400
spatial,0,CH,GROWTH,MLP,0.16822923952738836,238,TEST,-0.0990729200,0.3882712500
spatial,0,CH,GROWTH,MLR,-0.2568048074409232,186,TEST,-1.5112413900,0.4890501600
spatial,0,CH,GROWTH,RF,0.033981381140135575,186,TEST,-0.4917418200,0.3778086900
spatial,0,CH,GROWTH,SVR,-0.2839100426926498,186,TEST,-2.1124778300,0.4642039100
spatial,0,CH,GROWTH,MLP,0.17413361302231445,186,TEST,-0.1740793400,0.5130797600
spatial,0,CH,GROWTH,MLR,-1.5597991657022907,134,TEST,-17.3609394100,0.4912666800
spatial,0,CH,GROWTH,RF,-0.01741943078591365,134,TEST,-0.8021033500,0.4109793200
spatial,0,CH,GROWTH,SVR,-0.3792752748662154,134,TEST,-4.3184677100,0.4479046600
spatial,0,CH,GROWTH,MLP,0.0801879160433648,134,TEST,-0.2958380500,0.4064988200
spatial,0,CH,GROWTH,MLR,-20.69673196031884,82,TEST,-247.9904895200,0.3277288700
spatial,0,CH,GROWTH,RF,-0.1954589882990324,82,TEST,-1.1192661200,0.4165621700
spatial,0,CH,GROWTH,SVR,-23.986772456140322,82,TEST,-22.8465639700,0.4844647200
spatial,0,CH,GROWTH,MLP,-0.1092011260879055,82,TEST,-1.0294875900,0.2774903500
spatial,0,CH,SYMMETRY,MLR,0.009794581784250859,500,TEST,-1.2954021500,0.2599027800
spatial,0,CH,SYMMETRY,RF,0.10238700435579236,500,TEST,-0.0132282200,0.1813698200
spatial,0,CH,SYMMETRY,SVR,0.09811088848007883,500,TEST,-0.0238130400,0.1977001600
spatial,0,CH,SYMMETRY,MLP,0.12391358031651405,500,TEST,-0.0185809200,0.2532097400
spatial,0,CH,SYMMETRY,MLR,-0.03485769580483534,447,TEST,-1.9429392400,0.2554633700
spatial,0,CH,SYMMETRY,RF,0.0825252538187031,447,TEST,-0.0653878000,0.1999857400
spatial,0,CH,SYMMETRY,SVR,0.10736990312437728,447,TEST,-0.0105271000,0.2475167000
spatial,0,CH,SYMMETRY,MLP,0.057425937182996725,447,TEST,-0.4805926800,0.2365208600
spatial,0,CH,SYMMETRY,MLR,-0.01662920295614009,395,TEST,-1.0130995700,0.2637684300
spatial,0,CH,SYMMETRY,RF,0.08173756753760866,395,TEST,-0.0846918000,0.2077982300
spatial,0,CH,SYMMETRY,SVR,0.08140639444946418,395,TEST,-0.0598012200,0.2019876300
spatial,0,CH,SYMMETRY,MLP,0.046413596018255635,395,TEST,-0.6438952000,0.2326935600
spatial,0,CH,SYMMETRY,MLR,-0.08230041727936621,343,TEST,-2.7701204500,0.2953174800
spatial,0,CH,SYMMETRY,RF,0.06205976957500967,343,TEST,-0.1510894800,0.1879034600
spatial,0,CH,SYMMETRY,SVR,0.08119270528194834,343,TEST,-0.0891102800,0.2042042700
spatial,0,CH,SYMMETRY,MLP,0.04792966785429459,343,TEST,-0.3770711700,0.2577192000
spatial,0,CH,SYMMETRY,MLR,-0.20184342491451088,291,TEST,-2.8366555900,0.2489162700
spatial,0,CH,SYMMETRY,RF,0.0712730595475168,291,TEST,-0.0998991300,0.2123778000
spatial,0,CH,SYMMETRY,SVR,0.06675107372914851,291,TEST,-0.1291947600,0.2615397000
spatial,0,CH,SYMMETRY,MLP,-0.0103261940561117,291,TEST,-0.5639860500,0.2488806400
spatial,0,CH,SYMMETRY,MLR,-0.2217754636011244,238,TEST,-3.5941532400,0.2874931400
spatial,0,CH,SYMMETRY,RF,0.03185455585879051,238,TEST,-0.1474693300,0.1927064500
spatial,0,CH,SYMMETRY,SVR,0.06581066346543972,238,TEST,-0.1223780900,0.2329050000
spatial,0,CH,SYMMETRY,MLP,0.036350045262035266,238,TEST,-0.4900385400,0.2640694300
spatial,0,CH,SYMMETRY,MLR,-0.5993485488563499,186,TEST,-7.1990826900,0.2677974400
spatial,0,CH,SYMMETRY,RF,0.012302548646082215,186,TEST,-0.2089076100,0.2453051100
spatial,0,CH,SYMMETRY,SVR,0.06108332889765292,186,TEST,-0.1520749200,0.3049510700
spatial,0,CH,SYMMETRY,MLP,-0.13062759696490825,186,TEST,-1.4178816400,0.2497816100
spatial,0,CH,SYMMETRY,MLR,-1.1460922299270242,134,TEST,-14.4933175400,0.3144525500
spatial,0,CH,SYMMETRY,RF,-0.02146751833347614,134,TEST,-0.5012243700,0.2458847500
spatial,0,CH,SYMMETRY,SVR,0.02437098177277611,134,TEST,-0.2900808400,0.3117954900
spatial,0,CH,SYMMETRY,MLP,-0.11125356543375092,134,TEST,-1.1477339000,0.2528875300
spatial,0,CH,SYMMETRY,MLR,-3.888140939033134,82,TEST,-19.7355915900,0.1804303200
spatial,0,CH,SYMMETRY,RF,-0.1406316802841782,82,TEST,-0.5779372900,0.2855548000
spatial,0,CH,SYMMETRY,SVR,-0.041951034209065104,82,TEST,-0.4332906100,0.2342061600
spatial,0,CH,SYMMETRY,MLP,-0.29258111675192305,82,TEST,-2.1217083600,0.2119909900
